record_id,scenario_year,county,crop,depot_id,depot_name,depot_category,depot_lat,depot_lon,fertilizer_type,depot_stock_bags_est,factory_id,factory_name,coffee_society,factory_lat,factory_lon,factory_cherry_weight_kg_afa,estimated_acres,fertilizer_rate_bags_per_acre_assumed,factory_demand_bags_est,factory_storage_capacity_bags_est,vehicle_capacity_bags,trips_needed_if_single_factory,straight_line_distance_km,road_distance_km_est,travel_time_min_est,transport_cost_kes_est_one_way,route_time_limit_hours,delivery_window_days,priority_score_est,priority_class,nearest_depot_id_by_est_distance,nearest_depot_name_by_est_distance,distance_method,demand_method,source_1_factory_production,source_2_depot_network,source_3_fertilizer_rates,source_4_routing_method,data_quality_flag
R0001,2026,Kirinyaga,Coffee,D01,Kamweti ATC Satellite Depot,county_satellite,-0.355,37.43,NPK,5600,F01,Kiangoi Coffee Factory,Rung'eto FCS,-0.501303,37.373625,69519,24.8,5,124,476,200,1,17.43,23.54,40.3,4236.0,8,10,0.092,Low,D02,Kianyaga DCC Office Satellite Depot,estimated: haversine distance * 1.35 road factor; replace with OSMnx shortest_path,"estimated from AFA cherry weight proxy; assumed 2,800 kg cherry per acre; fertilizer rates from Draft National Coffee Policy",https://www.afa.go.ke/download/5226/?tmstv=1750232445,https://kirinyaga.go.ke/waiguru-launches-fertilizer-mashinani-initiative-opens-satellite-farm-inputs-depots/,https://kilimo.go.ke/wp-content/uploads/2025/09/Draft-National-Coffee-Policy-2024.pdf,https://osmnx.readthedocs.io/en/stable/user-reference.html,"Estimated for hackathon modelling; validate coordinates, stock and demand with field/OSMnx data before operational use"
R0002,2026,Kirinyaga,Coffee,D01,Kamweti ATC Satellite Depot,county_satellite,-0.355,37.43,CAN,5200,F01,Kiangoi Coffee Factory,Rung'eto FCS,-0.501303,37.373625,69519,24.8,6,149,476,200,1,17.43,23.54,40.3,4236.0,8,10,0.098,Low,D02,Kianyaga DCC Office Satellite Depot,estimated: haversine distance * 1.35 road factor; replace with OSMnx shortest_path,"estimated from AFA cherry weight proxy; assumed 2,800 kg cherry per acre; fertilizer rates from Draft National Coffee Policy",https://www.afa.go.ke/download/5226/?tmstv=1750232445,https://kirinyaga.go.ke/waiguru-launches-fertilizer-mashinani-initiative-opens-satellite-farm-inputs-depots/,https://kilimo.go.ke/wp-content/uploads/2025/09/Draft-National-Coffee-Policy-2024.pdf,https://osmnx.readthedocs.io/en/stable/user-reference.html,"Estimated for hackathon modelling; validate coordinates, stock and demand with field/OSMnx data before operational use"
R0003,2026,Kirinyaga,Coffee,D01,Kamweti ATC Satellite Depot,county_satellite,-0.355,37.43,Lime,4700,F01,Kiangoi Coffee Factory,Rung'eto FCS,-0.501303,37.373625,69519,24.8,5,124,476,200,1,17.43,23.54,40.3,4236.0,8,10,0.092,Low,D02,Kianyaga DCC Office Satellite Depot,estimated: haversine distance * 1.35 road factor; replace with OSMnx shortest_path,"estimated from AFA cherry weight proxy; assumed 2,800 kg cherry per acre; fertilizer rates from Draft National Coffee Policy",https://www.afa.go.ke/download/5226/?tmstv=1750232445,https://kirinyaga.go.ke/waiguru-launches-fertilizer-mashinani-initiative-opens-satellite-farm-inputs-depots/,https://kilimo.go.ke/wp-content/uploads/2025/09/Draft-National-Coffee-Policy-2024.pdf,https://osmnx.readthedocs.io/en/stable/user-reference.html,"Estimated for hackathon modelling; validate coordinates, stock and demand with field/OSMnx data before operational use"
R0004,2026,Kirinyaga,Coffee,D01,Kamweti ATC Satellite Depot,county_satellite,-0.355,37.43,NPK,5600,F02,Kainamui Coffee Factory,New Ngariama FCS,-0.472125,37.459616,386496,138.0,5,690,2650,200,4,13.43,18.14,31.1,3264.0,8,10,0.225,Medium,D07,Ciagini ACC Office Satellite Depot,estimated: haversine distance * 1.35 road factor; replace with OSMnx shortest_path,"estimated from AFA cherry weight proxy; assumed 2,800 kg cherry per acre; fertilizer rates from Draft National Coffee Policy",https://www.afa.go.ke/download/5226/?tmstv=1750232445,https://kirinyaga.go.ke/waiguru-launches-fertilizer-mashinani-initiative-opens-satellite-farm-inputs-depots/,https://kilimo.go.ke/wp-content/uploads/2025/09/Draft-National-Coffee-Policy-2024.pdf,https://osmnx.readthedocs.io/en/stable/user-reference.html,"Estimated for hackathon modelling; validate coordinates, stock and demand with field/OSMnx data before operational use"
R0005,2026,Kirinyaga,Coffee,D01,Kamweti ATC Satellite Depot,county_satellite,-0.355,37.43,CAN,5200,F02,Kainamui Coffee Factory,New Ngariama FCS,-0.472125,37.459616,386496,138.0,6,828,2650,200,5,13.43,18.14,31.1,3264.0,8,10,0.262,Medium,D07,Ciagini ACC Office Satellite Depot,estimated: haversine distance * 1.35 road factor; replace with OSMnx shortest_path,"estimated from AFA cherry weight proxy; assumed 2,800 kg cherry per acre; fertilizer rates from Draft National Coffee Policy",https://www.afa.go.ke/download/5226/?tmstv=1750232445,https://kirinyaga.go.ke/waiguru-launches-fertilizer-mashinani-initiative-opens-satellite-farm-inputs-depots/,https://kilimo.go.ke/wp-content/uploads/2025/09/Draft-National-Coffee-Policy-2024.pdf,https://osmnx.readthedocs.io/en/stable/user-reference.html,"Estimated for hackathon modelling; validate coordinates, stock and demand with field/OSMnx data before operational use"
R0006,2026,Kirinyaga,Coffee,D01,Kamweti ATC Satellite Depot,county_satellite,-0.355,37.43,Lime,4700,F02,Kainamui Coffee Factory,New Ngariama FCS,-0.472125,37.459616,386496,138.0,5,690,2650,200,4,13.43,18.14,31.1,3264.0,8,10,0.225,Medium,D07,Ciagini ACC Office Satellite Depot,estimated: haversine distance * 1.35 road factor; replace with OSMnx shortest_path,"estimated from AFA cherry weight proxy; assumed 2,800 kg cherry per acre; fertilizer rates from Draft National Coffee Policy",https://www.afa.go.ke/download/5226/?tmstv=1750232445,https://kirinyaga.go.ke/waiguru-launches-fertilizer-mashinani-initiative-opens-satellite-farm-inputs-depots/,https://kilimo.go.ke/wp-content/uploads/2025/09/Draft-National-Coffee-Policy-2024.pdf,https://osmnx.readthedocs.io/en/stable/user-reference.html,"Estimated for hackathon modelling; validate coordinates, stock and demand with field/OSMnx data before operational use"
R0007,2026,Kirinyaga,Coffee,D01,Kamweti ATC Satellite Depot,county_satellite,-0.355,37.43,NPK,5600,F03,Kaguyu Coffee Factory,Inoi FCS,-0.503818,37.276883,213771,76.3,5,382,1466,200,2,23.74,32.05,54.9,5769.0,8,10,0.108,Low,D03,Kerugoya CC Office Satellite Depot,estimated: haversine distance * 1.35 road factor; replace with OSMnx shortest_path,"estimated from AFA cherry weight proxy; assumed 2,800 kg cherry per acre; fertilizer rates from Draft National Coffee Policy",https://www.afa.go.ke/download/5226/?tmstv=1750232445,https://kirinyaga.go.ke/waiguru-launches-fertilizer-mashinani-initiative-opens-satellite-farm-inputs-depots/,https://kilimo.go.ke/wp-content/uploads/2025/09/Draft-National-Coffee-Policy-2024.pdf,https://osmnx.readthedocs.io/en/stable/user-reference.html,"Estimated for hackathon modelling; validate coordinates, stock and demand with field/OSMnx data before operational use"
R0008,2026,Kirinyaga,Coffee,D01,Kamweti ATC Satellite Depot,county_satellite,-0.355,37.43,CAN,5200,F03,Kaguyu Coffee Factory,Inoi FCS,-0.503818,37.276883,213771,76.3,6,458,1466,200,3,23.74,32.05,54.9,5769.0,8,10,0.129,Low,D03,Kerugoya CC Office Satellite Depot,estimated: haversine distance * 1.35 road factor; replace with OSMnx shortest_path,"estimated from AFA cherry weight proxy; assumed 2,800 kg cherry per acre; fertilizer rates from Draft National Coffee Policy",https://www.afa.go.ke/download/5226/?tmstv=1750232445,https://kirinyaga.go.ke/waiguru-launches-fertilizer-mashinani-initiative-opens-satellite-farm-inputs-depots/,https://kilimo.go.ke/wp-content/uploads/2025/09/Draft-National-Coffee-Policy-2024.pdf,https://osmnx.readthedocs.io/en/stable/user-reference.html,"Estimated for hackathon modelling; validate coordinates, stock and demand with field/OSMnx data before operational use"
R0009,2026,Kirinyaga,Coffee,D01,Kamweti ATC Satellite Depot,county_satellite,-0.355,37.43,Lime,4700,F03,Kaguyu Coffee Factory,Inoi FCS,-0.503818,37.276883,213771,76.3,5,382,1466,200,2,23.74,32.05,54.9,5769.0,8,10,0.108,Low,D03,Kerugoya CC Office Satellite Depot,estimated: haversine distance * 1.35 road factor; replace with OSMnx shortest_path,"estimated from AFA cherry weight proxy; assumed 2,800 kg cherry per acre; fertilizer rates from Draft National Coffee Policy",https://www.afa.go.ke/download/5226/?tmstv=1750232445,https://kirinyaga.go.ke/waiguru-launches-fertilizer-mashinani-initiative-opens-satellite-farm-inputs-depots/,https://kilimo.go.ke/wp-content/uploads/2025/09/Draft-National-Coffee-Policy-2024.pdf,https://osmnx.readthedocs.io/en/stable/user-reference.html,"Estimated for hackathon modelling; validate coordinates, stock and demand with field/OSMnx data before operational use"
R0010,2026,Kirinyaga,Coffee,D01,Kamweti ATC Satellite Depot,county_satellite,-0.355,37.43,NPK,5600,F04,Kariko Coffee Factory,Inoi FCS,-0.497039,37.273935,800249,285.8,5,1429,5488,200,8,23.46,31.68,54.3,5702.0,8,10,0.391,Medium,D03,Kerugoya CC Office Satellite Depot,estimated: haversine distance * 1.35 road factor; replace with OSMnx shortest_path,"estimated from AFA cherry weight proxy; assumed 2,800 kg cherry per acre; fertilizer rates from Draft National Coffee Policy",https://www.afa.go.ke/download/5226/?tmstv=1750232445,https://kirinyaga.go.ke/waiguru-launches-fertilizer-mashinani-initiative-opens-satellite-farm-inputs-depots/,https://kilimo.go.ke/wp-content/uploads/2025/09/Draft-National-Coffee-Policy-2024.pdf,https://osmnx.readthedocs.io/en/stable/user-reference.html,"Estimated for hackathon modelling; validate coordinates, stock and demand with field/OSMnx data before operational use"
R0011,2026,Kirinyaga,Coffee,D01,Kamweti ATC Satellite Depot,county_satellite,-0.355,37.43,CAN,5200,F04,Kariko Coffee Factory,Inoi FCS,-0.497039,37.273935,800249,285.8,6,1715,5488,200,9,23.46,31.68,54.3,5702.0,8,10,0.468,High,D03,Kerugoya CC Office Satellite Depot,estimated: haversine distance * 1.35 road factor; replace with OSMnx shortest_path,"estimated from AFA cherry weight proxy; assumed 2,800 kg cherry per acre; fertilizer rates from Draft National Coffee Policy",https://www.afa.go.ke/download/5226/?tmstv=1750232445,https://kirinyaga.go.ke/waiguru-launches-fertilizer-mashinani-initiative-opens-satellite-farm-inputs-depots/,https://kilimo.go.ke/wp-content/uploads/2025/09/Draft-National-Coffee-Policy-2024.pdf,https://osmnx.readthedocs.io/en/stable/user-reference.html,"Estimated for hackathon modelling; validate coordinates, stock and demand with field/OSMnx data before operational use"
R0012,2026,Kirinyaga,Coffee,D01,Kamweti ATC Satellite Depot,county_satellite,-0.355,37.43,Lime,4700,F04,Kariko Coffee Factory,Inoi FCS,-0.497039,37.273935,800249,285.8,5,1429,5488,200,8,23.46,31.68,54.3,5702.0,8,10,0.391,Medium,D03,Kerugoya CC Office Satellite Depot,estimated: haversine distance * 1.35 road factor; replace with OSMnx shortest_path,"estimated from AFA cherry weight proxy; assumed 2,800 kg cherry per acre; fertilizer rates from Draft National Coffee Policy",https://www.afa.go.ke/download/5226/?tmstv=1750232445,https://kirinyaga.go.ke/waiguru-launches-fertilizer-mashinani-initiative-opens-satellite-farm-inputs-depots/,https://kilimo.go.ke/wp-content/uploads/2025/09/Draft-National-Coffee-Policy-2024.pdf,https://osmnx.readthedocs.io/en/stable/user-reference.html,"Estimated for hackathon modelling; validate coordinates, stock and demand with field/OSMnx data before operational use"
R0013,2026,Kirinyaga,Coffee,D01,Kamweti ATC Satellite Depot,county_satellite,-0.355,37.43,NPK,5600,F05,Mushagara Coffee Factory,Baragwi FCS,-0.41839,37.358649,657558,234.8,5,1174,4508,200,6,10.61,14.33,24.6,2579.0,8,10,0.334,Medium,D02,Kianyaga DCC Office Satellite Depot,estimated: haversine distance * 1.35 road factor; replace with OSMnx shortest_path,"estimated from AFA cherry weight proxy; assumed 2,800 kg cherry per acre; fertilizer rates from Draft National Coffee Policy",https://www.afa.go.ke/download/5226/?tmstv=1750232445,https://kirinyaga.go.ke/waiguru-launches-fertilizer-mashinani-initiative-opens-satellite-farm-inputs-depots/,https://kilimo.go.ke/wp-content/uploads/2025/09/Draft-National-Coffee-Policy-2024.pdf,https://osmnx.readthedocs.io/en/stable/user-reference.html,"Estimated for hackathon modelling; validate coordinates, stock and demand with field/OSMnx data before operational use"
R0014,2026,Kirinyaga,Coffee,D01,Kamweti ATC Satellite Depot,county_satellite,-0.355,37.43,CAN,5200,F05,Mushagara Coffee Factory,Baragwi FCS,-0.41839,37.358649,657558,234.8,6,1409,4508,200,8,10.61,14.33,24.6,2579.0,8,10,0.397,Medium,D02,Kianyaga DCC Office Satellite Depot,estimated: haversine distance * 1.35 road factor; replace with OSMnx shortest_path,"estimated from AFA cherry weight proxy; assumed 2,800 kg cherry per acre; fertilizer rates from Draft National Coffee Policy",https://www.afa.go.ke/download/5226/?tmstv=1750232445,https://kirinyaga.go.ke/waiguru-launches-fertilizer-mashinani-initiative-opens-satellite-farm-inputs-depots/,https://kilimo.go.ke/wp-content/uploads/2025/09/Draft-National-Coffee-Policy-2024.pdf,https://osmnx.readthedocs.io/en/stable/user-reference.html,"Estimated for hackathon modelling; validate coordinates, stock and demand with field/OSMnx data before operational use"
R0015,2026,Kirinyaga,Coffee,D01,Kamweti ATC Satellite Depot,county_satellite,-0.355,37.43,Lime,4700,F05,Mushagara Coffee Factory,Baragwi FCS,-0.41839,37.358649,657558,234.8,5,1174,4508,200,6,10.61,14.33,24.6,2579.0,8,10,0.334,Medium,D02,Kianyaga DCC Office Satellite Depot,estimated: haversine distance * 1.35 road factor; replace with OSMnx shortest_path,"estimated from AFA cherry weight proxy; assumed 2,800 kg cherry per acre; fertilizer rates from Draft National Coffee Policy",https://www.afa.go.ke/download/5226/?tmstv=1750232445,https://kirinyaga.go.ke/waiguru-launches-fertilizer-mashinani-initiative-opens-satellite-farm-inputs-depots/,https://kilimo.go.ke/wp-content/uploads/2025/09/Draft-National-Coffee-Policy-2024.pdf,https://osmnx.readthedocs.io/en/stable/user-reference.html,"Estimated for hackathon modelling; validate coordinates, stock and demand with field/OSMnx data before operational use"
R0016,2026,Kirinyaga,Coffee,D01,Kamweti ATC Satellite Depot,county_satellite,-0.355,37.43,NPK,5600,F06,Gachami Coffee Factory,Baragwi FCS,-0.443407,37.368027,1318667,471.0,5,2355,9043,200,12,12.01,16.21,27.8,2917.0,8,10,0.64,High,D02,Kianyaga DCC Office Satellite Depot,estimated: haversine distance * 1.35 road factor; replace with OSMnx shortest_path,"estimated from AFA cherry weight proxy; assumed 2,800 kg cherry per acre; fertilizer rates from Draft National Coffee Policy",https://www.afa.go.ke/download/5226/?tmstv=1750232445,https://kirinyaga.go.ke/waiguru-launches-fertilizer-mashinani-initiative-opens-satellite-farm-inputs-depots/,https://kilimo.go.ke/wp-content/uploads/2025/09/Draft-National-Coffee-Policy-2024.pdf,https://osmnx.readthedocs.io/en/stable/user-reference.html,"Estimated for hackathon modelling; validate coordinates, stock and demand with field/OSMnx data before operational use"
R0017,2026,Kirinyaga,Coffee,D01,Kamweti ATC Satellite Depot,county_satellite,-0.355,37.43,CAN,5200,F06,Gachami Coffee Factory,Baragwi FCS,-0.443407,37.368027,1318667,471.0,6,2826,9043,200,15,12.01,16.21,27.8,2917.0,8,10,0.706,High,D02,Kianyaga DCC Office Satellite Depot,estimated: haversine distance * 1.35 road factor; replace with OSMnx shortest_path,"estimated from AFA cherry weight proxy; assumed 2,800 kg cherry per acre; fertilizer rates from Draft National Coffee Policy",https://www.afa.go.ke/download/5226/?tmstv=1750232445,https://kirinyaga.go.ke/waiguru-launches-fertilizer-mashinani-initiative-opens-satellite-farm-inputs-depots/,https://kilimo.go.ke/wp-content/uploads/2025/09/Draft-National-Coffee-Policy-2024.pdf,https://osmnx.readthedocs.io/en/stable/user-reference.html,"Estimated for hackathon modelling; validate coordinates, stock and demand with field/OSMnx data before operational use"
R0018,2026,Kirinyaga,Coffee,D01,Kamweti ATC Satellite Depot,county_satellite,-0.355,37.43,Lime,4700,F06,Gachami Coffee Factory,Baragwi FCS,-0.443407,37.368027,1318667,471.0,5,2355,9043,200,12,12.01,16.21,27.8,2917.0,8,10,0.64,High,D02,Kianyaga DCC Office Satellite Depot,estimated: haversine distance * 1.35 road factor; replace with OSMnx shortest_path,"estimated from AFA cherry weight proxy; assumed 2,800 kg cherry per acre; fertilizer rates from Draft National Coffee Policy",https://www.afa.go.ke/download/5226/?tmstv=1750232445,https://kirinyaga.go.ke/waiguru-launches-fertilizer-mashinani-initiative-opens-satellite-farm-inputs-depots/,https://kilimo.go.ke/wp-content/uploads/2025/09/Draft-National-Coffee-Policy-2024.pdf,https://osmnx.readthedocs.io/en/stable/user-reference.html,"Estimated for hackathon modelling; validate coordinates, stock and demand with field/OSMnx data before operational use"
R0019,2026,Kirinyaga,Coffee,D01,Kamweti ATC Satellite Depot,county_satellite,-0.355,37.43,NPK,5600,F07,Konyu Coffee Factory,Kabare FCS,-0.543367,37.326494,193060,69.0,5,345,1325,200,2,23.9,32.26,55.3,5807.0,8,10,0.12,Low,D05,Baricho DCC Office Satellite Depot,estimated: haversine distance * 1.35 road factor; replace with OSMnx shortest_path,"estimated from AFA cherry weight proxy; assumed 2,800 kg cherry per acre; fertilizer rates from Draft National Coffee Policy",https://www.afa.go.ke/download/5226/?tmstv=1750232445,https://kirinyaga.go.ke/waiguru-launches-fertilizer-mashinani-initiative-opens-satellite-farm-inputs-depots/,https://kilimo.go.ke/wp-content/uploads/2025/09/Draft-National-Coffee-Policy-2024.pdf,https://osmnx.readthedocs.io/en/stable/user-reference.html,"Estimated for hackathon modelling; validate coordinates, stock and demand with field/OSMnx data before operational use"
R0020,2026,Kirinyaga,Coffee,D01,Kamweti ATC Satellite Depot,county_satellite,-0.355,37.43,CAN,5200,F07,Konyu Coffee Factory,Kabare FCS,-0.543367,37.326494,193060,69.0,6,414,1325,200,3,23.9,32.26,55.3,5807.0,8,10,0.138,Low,D05,Baricho DCC Office Satellite Depot,estimated: haversine distance * 1.35 road factor; replace with OSMnx shortest_path,"estimated from AFA cherry weight proxy; assumed 2,800 kg cherry per acre; fertilizer rates from Draft National Coffee Policy",https://www.afa.go.ke/download/5226/?tmstv=1750232445,https://kirinyaga.go.ke/waiguru-launches-fertilizer-mashinani-initiative-opens-satellite-farm-inputs-depots/,https://kilimo.go.ke/wp-content/uploads/2025/09/Draft-National-Coffee-Policy-2024.pdf,https://osmnx.readthedocs.io/en/stable/user-reference.html,"Estimated for hackathon modelling; validate coordinates, stock and demand with field/OSMnx data before operational use"
R0021,2026,Kirinyaga,Coffee,D01,Kamweti ATC Satellite Depot,county_satellite,-0.355,37.43,Lime,4700,F07,Konyu Coffee Factory,Kabare FCS,-0.543367,37.326494,193060,69.0,5,345,1325,200,2,23.9,32.26,55.3,5807.0,8,10,0.12,Low,D05,Baricho DCC Office Satellite Depot,estimated: haversine distance * 1.35 road factor; replace with OSMnx shortest_path,"estimated from AFA cherry weight proxy; assumed 2,800 kg cherry per acre; fertilizer rates from Draft National Coffee Policy",https://www.afa.go.ke/download/5226/?tmstv=1750232445,https://kirinyaga.go.ke/waiguru-launches-fertilizer-mashinani-initiative-opens-satellite-farm-inputs-depots/,https://kilimo.go.ke/wp-content/uploads/2025/09/Draft-National-Coffee-Policy-2024.pdf,https://osmnx.readthedocs.io/en/stable/user-reference.html,"Estimated for hackathon modelling; validate coordinates, stock and demand with field/OSMnx data before operational use"
R0022,2026,Kirinyaga,Coffee,D01,Kamweti ATC Satellite Depot,county_satellite,-0.355,37.43,NPK,5600,F08,Thunguri Coffee Factory,Kibirigwi FCS,-0.559251,37.158225,842805,301.0,5,1505,5779,200,8,37.8,51.03,87.5,9186.0,8,10,0.51,High,D09,Sagana NCPB Depot,estimated: haversine distance * 1.35 road factor; replace with OSMnx shortest_path,"estimated from AFA cherry weight proxy; assumed 2,800 kg cherry per acre; fertilizer rates from Draft National Coffee Policy",https://www.afa.go.ke/download/5226/?tmstv=1750232445,https://kirinyaga.go.ke/waiguru-launches-fertilizer-mashinani-initiative-opens-satellite-farm-inputs-depots/,https://kilimo.go.ke/wp-content/uploads/2025/09/Draft-National-Coffee-Policy-2024.pdf,https://osmnx.readthedocs.io/en/stable/user-reference.html,"Estimated for hackathon modelling; validate coordinates, stock and demand with field/OSMnx data before operational use"
R0023,2026,Kirinyaga,Coffee,D01,Kamweti ATC Satellite Depot,county_satellite,-0.355,37.43,CAN,5200,F08,Thunguri Coffee Factory,Kibirigwi FCS,-0.559251,37.158225,842805,301.0,6,1806,5779,200,10,37.8,51.03,87.5,9186.0,8,10,0.591,High,D09,Sagana NCPB Depot,estimated: haversine distance * 1.35 road factor; replace with OSMnx shortest_path,"estimated from AFA cherry weight proxy; assumed 2,800 kg cherry per acre; fertilizer rates from Draft National Coffee Policy",https://www.afa.go.ke/download/5226/?tmstv=1750232445,https://kirinyaga.go.ke/waiguru-launches-fertilizer-mashinani-initiative-opens-satellite-farm-inputs-depots/,https://kilimo.go.ke/wp-content/uploads/2025/09/Draft-National-Coffee-Policy-2024.pdf,https://osmnx.readthedocs.io/en/stable/user-reference.html,"Estimated for hackathon modelling; validate coordinates, stock and demand with field/OSMnx data before operational use"
R0024,2026,Kirinyaga,Coffee,D01,Kamweti ATC Satellite Depot,county_satellite,-0.355,37.43,Lime,4700,F08,Thunguri Coffee Factory,Kibirigwi FCS,-0.559251,37.158225,842805,301.0,5,1505,5779,200,8,37.8,51.03,87.5,9186.0,8,10,0.51,High,D09,Sagana NCPB Depot,estimated: haversine distance * 1.35 road factor; replace with OSMnx shortest_path,"estimated from AFA cherry weight proxy; assumed 2,800 kg cherry per acre; fertilizer rates from Draft National Coffee Policy",https://www.afa.go.ke/download/5226/?tmstv=1750232445,https://kirinyaga.go.ke/waiguru-launches-fertilizer-mashinani-initiative-opens-satellite-farm-inputs-depots/,https://kilimo.go.ke/wp-content/uploads/2025/09/Draft-National-Coffee-Policy-2024.pdf,https://osmnx.readthedocs.io/en/stable/user-reference.html,"Estimated for hackathon modelling; validate coordinates, stock and demand with field/OSMnx data before operational use"
R0025,2026,Kirinyaga,Coffee,D01,Kamweti ATC Satellite Depot,county_satellite,-0.355,37.43,NPK,5600,F09,Kiandieri Coffee Factory,Inoi FCS,-0.500398,37.283446,98015,35.0,5,175,672,200,1,22.96,30.99,53.1,5578.0,8,10,0.05,Low,D03,Kerugoya CC Office Satellite Depot,estimated: haversine distance * 1.35 road factor; replace with OSMnx shortest_path,"estimated from AFA cherry weight proxy; assumed 2,800 kg cherry per acre; fertilizer rates from Draft National Coffee Policy",https://www.afa.go.ke/download/5226/?tmstv=1750232445,https://kirinyaga.go.ke/waiguru-launches-fertilizer-mashinani-initiative-opens-satellite-farm-inputs-depots/,https://kilimo.go.ke/wp-content/uploads/2025/09/Draft-National-Coffee-Policy-2024.pdf,https://osmnx.readthedocs.io/en/stable/user-reference.html,"Estimated for hackathon modelling; validate coordinates, stock and demand with field/OSMnx data before operational use"
R0026,2026,Kirinyaga,Coffee,D01,Kamweti ATC Satellite Depot,county_satellite,-0.355,37.43,CAN,5200,F09,Kiandieri Coffee Factory,Inoi FCS,-0.500398,37.283446,98015,35.0,6,210,672,200,2,22.96,30.99,53.1,5578.0,8,10,0.06,Low,D03,Kerugoya CC Office Satellite Depot,estimated: haversine distance * 1.35 road factor; replace with OSMnx shortest_path,"estimated from AFA cherry weight proxy; assumed 2,800 kg cherry per acre; fertilizer rates from Draft National Coffee Policy",https://www.afa.go.ke/download/5226/?tmstv=1750232445,https://kirinyaga.go.ke/waiguru-launches-fertilizer-mashinani-initiative-opens-satellite-farm-inputs-depots/,https://kilimo.go.ke/wp-content/uploads/2025/09/Draft-National-Coffee-Policy-2024.pdf,https://osmnx.readthedocs.io/en/stable/user-reference.html,"Estimated for hackathon modelling; validate coordinates, stock and demand with field/OSMnx data before operational use"
R0027,2026,Kirinyaga,Coffee,D01,Kamweti ATC Satellite Depot,county_satellite,-0.355,37.43,Lime,4700,F09,Kiandieri Coffee Factory,Inoi FCS,-0.500398,37.283446,98015,35.0,5,175,672,200,1,22.96,30.99,53.1,5578.0,8,10,0.05,Low,D03,Kerugoya CC Office Satellite Depot,estimated: haversine distance * 1.35 road factor; replace with OSMnx shortest_path,"estimated from AFA cherry weight proxy; assumed 2,800 kg cherry per acre; fertilizer rates from Draft National Coffee Policy",https://www.afa.go.ke/download/5226/?tmstv=1750232445,https://kirinyaga.go.ke/waiguru-launches-fertilizer-mashinani-initiative-opens-satellite-farm-inputs-depots/,https://kilimo.go.ke/wp-content/uploads/2025/09/Draft-National-Coffee-Policy-2024.pdf,https://osmnx.readthedocs.io/en/stable/user-reference.html,"Estimated for hackathon modelling; validate coordinates, stock and demand with field/OSMnx data before operational use"
R0028,2026,Kirinyaga,Coffee,D01,Kamweti ATC Satellite Depot,county_satellite,-0.355,37.43,NPK,5600,F10,Rutui Coffee Factory,Inoi FCS,-0.491453,37.280532,202521,72.3,5,362,1390,200,2,22.5,30.38,52.1,5468.0,8,10,0.104,Low,D03,Kerugoya CC Office Satellite Depot,estimated: haversine distance * 1.35 road factor; replace with OSMnx shortest_path,"estimated from AFA cherry weight proxy; assumed 2,800 kg cherry per acre; fertilizer rates from Draft National Coffee Policy",https://www.afa.go.ke/download/5226/?tmstv=1750232445,https://kirinyaga.go.ke/waiguru-launches-fertilizer-mashinani-initiative-opens-satellite-farm-inputs-depots/,https://kilimo.go.ke/wp-content/uploads/2025/09/Draft-National-Coffee-Policy-2024.pdf,https://osmnx.readthedocs.io/en/stable/user-reference.html,"Estimated for hackathon modelling; validate coordinates, stock and demand with field/OSMnx data before operational use"
R0029,2026,Kirinyaga,Coffee,D01,Kamweti ATC Satellite Depot,county_satellite,-0.355,37.43,CAN,5200,F10,Rutui Coffee Factory,Inoi FCS,-0.491453,37.280532,202521,72.3,6,434,1390,200,3,22.5,30.38,52.1,5468.0,8,10,0.124,Low,D03,Kerugoya CC Office Satellite Depot,estimated: haversine distance * 1.35 road factor; replace with OSMnx shortest_path,"estimated from AFA cherry weight proxy; assumed 2,800 kg cherry per acre; fertilizer rates from Draft National Coffee Policy",https://www.afa.go.ke/download/5226/?tmstv=1750232445,https://kirinyaga.go.ke/waiguru-launches-fertilizer-mashinani-initiative-opens-satellite-farm-inputs-depots/,https://kilimo.go.ke/wp-content/uploads/2025/09/Draft-National-Coffee-Policy-2024.pdf,https://osmnx.readthedocs.io/en/stable/user-reference.html,"Estimated for hackathon modelling; validate coordinates, stock and demand with field/OSMnx data before operational use"
R0030,2026,Kirinyaga,Coffee,D01,Kamweti ATC Satellite Depot,county_satellite,-0.355,37.43,Lime,4700,F10,Rutui Coffee Factory,Inoi FCS,-0.491453,37.280532,202521,72.3,5,362,1390,200,2,22.5,30.38,52.1,5468.0,8,10,0.104,Low,D03,Kerugoya CC Office Satellite Depot,estimated: haversine distance * 1.35 road factor; replace with OSMnx shortest_path,"estimated from AFA cherry weight proxy; assumed 2,800 kg cherry per acre; fertilizer rates from Draft National Coffee Policy",https://www.afa.go.ke/download/5226/?tmstv=1750232445,https://kirinyaga.go.ke/waiguru-launches-fertilizer-mashinani-initiative-opens-satellite-farm-inputs-depots/,https://kilimo.go.ke/wp-content/uploads/2025/09/Draft-National-Coffee-Policy-2024.pdf,https://osmnx.readthedocs.io/en/stable/user-reference.html,"Estimated for hackathon modelling; validate coordinates, stock and demand with field/OSMnx data before operational use"
R0031,2026,Kirinyaga,Coffee,D01,Kamweti ATC Satellite Depot,county_satellite,-0.355,37.43,NPK,5600,F11,Kiang'ombe Coffee Factory,Kabare FCS,-0.545471,37.335991,421153,150.4,5,752,2887,200,4,23.62,31.88,54.7,5739.0,8,10,0.225,Medium,D05,Baricho DCC Office Satellite Depot,estimated: haversine distance * 1.35 road factor; replace with OSMnx shortest_path,"estimated from AFA cherry weight proxy; assumed 2,800 kg cherry per acre; fertilizer rates from Draft National Coffee Policy",https://www.afa.go.ke/download/5226/?tmstv=1750232445,https://kirinyaga.go.ke/waiguru-launches-fertilizer-mashinani-initiative-opens-satellite-farm-inputs-depots/,https://kilimo.go.ke/wp-content/uploads/2025/09/Draft-National-Coffee-Policy-2024.pdf,https://osmnx.readthedocs.io/en/stable/user-reference.html,"Estimated for hackathon modelling; validate coordinates, stock and demand with field/OSMnx data before operational use"
R0032,2026,Kirinyaga,Coffee,D01,Kamweti ATC Satellite Depot,county_satellite,-0.355,37.43,CAN,5200,F11,Kiang'ombe Coffee Factory,Kabare FCS,-0.545471,37.335991,421153,150.4,6,902,2887,200,5,23.62,31.88,54.7,5739.0,8,10,0.265,Medium,D05,Baricho DCC Office Satellite Depot,estimated: haversine distance * 1.35 road factor; replace with OSMnx shortest_path,"estimated from AFA cherry weight proxy; assumed 2,800 kg cherry per acre; fertilizer rates from Draft National Coffee Policy",https://www.afa.go.ke/download/5226/?tmstv=1750232445,https://kirinyaga.go.ke/waiguru-launches-fertilizer-mashinani-initiative-opens-satellite-farm-inputs-depots/,https://kilimo.go.ke/wp-content/uploads/2025/09/Draft-National-Coffee-Policy-2024.pdf,https://osmnx.readthedocs.io/en/stable/user-reference.html,"Estimated for hackathon modelling; validate coordinates, stock and demand with field/OSMnx data before operational use"
R0033,2026,Kirinyaga,Coffee,D01,Kamweti ATC Satellite Depot,county_satellite,-0.355,37.43,Lime,4700,F11,Kiang'ombe Coffee Factory,Kabare FCS,-0.545471,37.335991,421153,150.4,5,752,2887,200,4,23.62,31.88,54.7,5739.0,8,10,0.225,Medium,D05,Baricho DCC Office Satellite Depot,estimated: haversine distance * 1.35 road factor; replace with OSMnx shortest_path,"estimated from AFA cherry weight proxy; assumed 2,800 kg cherry per acre; fertilizer rates from Draft National Coffee Policy",https://www.afa.go.ke/download/5226/?tmstv=1750232445,https://kirinyaga.go.ke/waiguru-launches-fertilizer-mashinani-initiative-opens-satellite-farm-inputs-depots/,https://kilimo.go.ke/wp-content/uploads/2025/09/Draft-National-Coffee-Policy-2024.pdf,https://osmnx.readthedocs.io/en/stable/user-reference.html,"Estimated for hackathon modelling; validate coordinates, stock and demand with field/OSMnx data before operational use"
R0034,2026,Kirinyaga,Coffee,D01,Kamweti ATC Satellite Depot,county_satellite,-0.355,37.43,NPK,5600,F12,Guama Coffee Factory,Baragwi FCS,-0.436799,37.373277,640750,228.8,5,1144,4393,200,6,11.07,14.94,25.6,2690.0,8,10,0.315,Medium,D02,Kianyaga DCC Office Satellite Depot,estimated: haversine distance * 1.35 road factor; replace with OSMnx shortest_path,"estimated from AFA cherry weight proxy; assumed 2,800 kg cherry per acre; fertilizer rates from Draft National Coffee Policy",https://www.afa.go.ke/download/5226/?tmstv=1750232445,https://kirinyaga.go.ke/waiguru-launches-fertilizer-mashinani-initiative-opens-satellite-farm-inputs-depots/,https://kilimo.go.ke/wp-content/uploads/2025/09/Draft-National-Coffee-Policy-2024.pdf,https://osmnx.readthedocs.io/en/stable/user-reference.html,"Estimated for hackathon modelling; validate coordinates, stock and demand with field/OSMnx data before operational use"
R0035,2026,Kirinyaga,Coffee,D01,Kamweti ATC Satellite Depot,county_satellite,-0.355,37.43,CAN,5200,F12,Guama Coffee Factory,Baragwi FCS,-0.436799,37.373277,640750,228.8,6,1373,4393,200,7,11.07,14.94,25.6,2690.0,8,10,0.376,Medium,D02,Kianyaga DCC Office Satellite Depot,estimated: haversine distance * 1.35 road factor; replace with OSMnx shortest_path,"estimated from AFA cherry weight proxy; assumed 2,800 kg cherry per acre; fertilizer rates from Draft National Coffee Policy",https://www.afa.go.ke/download/5226/?tmstv=1750232445,https://kirinyaga.go.ke/waiguru-launches-fertilizer-mashinani-initiative-opens-satellite-farm-inputs-depots/,https://kilimo.go.ke/wp-content/uploads/2025/09/Draft-National-Coffee-Policy-2024.pdf,https://osmnx.readthedocs.io/en/stable/user-reference.html,"Estimated for hackathon modelling; validate coordinates, stock and demand with field/OSMnx data before operational use"
R0036,2026,Kirinyaga,Coffee,D01,Kamweti ATC Satellite Depot,county_satellite,-0.355,37.43,Lime,4700,F12,Guama Coffee Factory,Baragwi FCS,-0.436799,37.373277,640750,228.8,5,1144,4393,200,6,11.07,14.94,25.6,2690.0,8,10,0.315,Medium,D02,Kianyaga DCC Office Satellite Depot,estimated: haversine distance * 1.35 road factor; replace with OSMnx shortest_path,"estimated from AFA cherry weight proxy; assumed 2,800 kg cherry per acre; fertilizer rates from Draft National Coffee Policy",https://www.afa.go.ke/download/5226/?tmstv=1750232445,https://kirinyaga.go.ke/waiguru-launches-fertilizer-mashinani-initiative-opens-satellite-farm-inputs-depots/,https://kilimo.go.ke/wp-content/uploads/2025/09/Draft-National-Coffee-Policy-2024.pdf,https://osmnx.readthedocs.io/en/stable/user-reference.html,"Estimated for hackathon modelling; validate coordinates, stock and demand with field/OSMnx data before operational use"
R0037,2026,Kirinyaga,Coffee,D01,Kamweti ATC Satellite Depot,county_satellite,-0.355,37.43,NPK,5600,F13,Kiri Coffee Factory,Ngiriambu FCS,-0.442714,37.429183,304470,108.7,5,544,2088,200,3,9.75,13.17,22.6,2370.0,8,10,0.204,Low,D02,Kianyaga DCC Office Satellite Depot,estimated: haversine distance * 1.35 road factor; replace with OSMnx shortest_path,"estimated from AFA cherry weight proxy; assumed 2,800 kg cherry per acre; fertilizer rates from Draft National Coffee Policy",https://www.afa.go.ke/download/5226/?tmstv=1750232445,https://kirinyaga.go.ke/waiguru-launches-fertilizer-mashinani-initiative-opens-satellite-farm-inputs-depots/,https://kilimo.go.ke/wp-content/uploads/2025/09/Draft-National-Coffee-Policy-2024.pdf,https://osmnx.readthedocs.io/en/stable/user-reference.html,"Estimated for hackathon modelling; validate coordinates, stock and demand with field/OSMnx data before operational use"
R0038,2026,Kirinyaga,Coffee,D01,Kamweti ATC Satellite Depot,county_satellite,-0.355,37.43,CAN,5200,F13,Kiri Coffee Factory,Ngiriambu FCS,-0.442714,37.429183,304470,108.7,6,652,2088,200,4,9.75,13.17,22.6,2370.0,8,10,0.233,Medium,D02,Kianyaga DCC Office Satellite Depot,estimated: haversine distance * 1.35 road factor; replace with OSMnx shortest_path,"estimated from AFA cherry weight proxy; assumed 2,800 kg cherry per acre; fertilizer rates from Draft National Coffee Policy",https://www.afa.go.ke/download/5226/?tmstv=1750232445,https://kirinyaga.go.ke/waiguru-launches-fertilizer-mashinani-initiative-opens-satellite-farm-inputs-depots/,https://kilimo.go.ke/wp-content/uploads/2025/09/Draft-National-Coffee-Policy-2024.pdf,https://osmnx.readthedocs.io/en/stable/user-reference.html,"Estimated for hackathon modelling; validate coordinates, stock and demand with field/OSMnx data before operational use"
R0039,2026,Kirinyaga,Coffee,D01,Kamweti ATC Satellite Depot,county_satellite,-0.355,37.43,Lime,4700,F13,Kiri Coffee Factory,Ngiriambu FCS,-0.442714,37.429183,304470,108.7,5,544,2088,200,3,9.75,13.17,22.6,2370.0,8,10,0.204,Low,D02,Kianyaga DCC Office Satellite Depot,estimated: haversine distance * 1.35 road factor; replace with OSMnx shortest_path,"estimated from AFA cherry weight proxy; assumed 2,800 kg cherry per acre; fertilizer rates from Draft National Coffee Policy",https://www.afa.go.ke/download/5226/?tmstv=1750232445,https://kirinyaga.go.ke/waiguru-launches-fertilizer-mashinani-initiative-opens-satellite-farm-inputs-depots/,https://kilimo.go.ke/wp-content/uploads/2025/09/Draft-National-Coffee-Policy-2024.pdf,https://osmnx.readthedocs.io/en/stable/user-reference.html,"Estimated for hackathon modelling; validate coordinates, stock and demand with field/OSMnx data before operational use"
R0040,2026,Kirinyaga,Coffee,D01,Kamweti ATC Satellite Depot,county_satellite,-0.355,37.43,NPK,5600,F14,Kiangothe Coffee Factory,Kabare FCS,-0.531036,37.332984,377824,134.9,5,675,2592,200,4,22.35,30.17,51.7,5431.0,8,10,0.217,Medium,D05,Baricho DCC Office Satellite Depot,estimated: haversine distance * 1.35 road factor; replace with OSMnx shortest_path,"estimated from AFA cherry weight proxy; assumed 2,800 kg cherry per acre; fertilizer rates from Draft National Coffee Policy",https://www.afa.go.ke/download/5226/?tmstv=1750232445,https://kirinyaga.go.ke/waiguru-launches-fertilizer-mashinani-initiative-opens-satellite-farm-inputs-depots/,https://kilimo.go.ke/wp-content/uploads/2025/09/Draft-National-Coffee-Policy-2024.pdf,https://osmnx.readthedocs.io/en/stable/user-reference.html,"Estimated for hackathon modelling; validate coordinates, stock and demand with field/OSMnx data before operational use"
R0041,2026,Kirinyaga,Coffee,D01,Kamweti ATC Satellite Depot,county_satellite,-0.355,37.43,CAN,5200,F14,Kiangothe Coffee Factory,Kabare FCS,-0.531036,37.332984,377824,134.9,6,810,2592,200,5,22.35,30.17,51.7,5431.0,8,10,0.254,Medium,D05,Baricho DCC Office Satellite Depot,estimated: haversine distance * 1.35 road factor; replace with OSMnx shortest_path,"estimated from AFA cherry weight proxy; assumed 2,800 kg cherry per acre; fertilizer rates from Draft National Coffee Policy",https://www.afa.go.ke/download/5226/?tmstv=1750232445,https://kirinyaga.go.ke/waiguru-launches-fertilizer-mashinani-initiative-opens-satellite-farm-inputs-depots/,https://kilimo.go.ke/wp-content/uploads/2025/09/Draft-National-Coffee-Policy-2024.pdf,https://osmnx.readthedocs.io/en/stable/user-reference.html,"Estimated for hackathon modelling; validate coordinates, stock and demand with field/OSMnx data before operational use"
R0042,2026,Kirinyaga,Coffee,D01,Kamweti ATC Satellite Depot,county_satellite,-0.355,37.43,Lime,4700,F14,Kiangothe Coffee Factory,Kabare FCS,-0.531036,37.332984,377824,134.9,5,675,2592,200,4,22.35,30.17,51.7,5431.0,8,10,0.217,Medium,D05,Baricho DCC Office Satellite Depot,estimated: haversine distance * 1.35 road factor; replace with OSMnx shortest_path,"estimated from AFA cherry weight proxy; assumed 2,800 kg cherry per acre; fertilizer rates from Draft National Coffee Policy",https://www.afa.go.ke/download/5226/?tmstv=1750232445,https://kirinyaga.go.ke/waiguru-launches-fertilizer-mashinani-initiative-opens-satellite-farm-inputs-depots/,https://kilimo.go.ke/wp-content/uploads/2025/09/Draft-National-Coffee-Policy-2024.pdf,https://osmnx.readthedocs.io/en/stable/user-reference.html,"Estimated for hackathon modelling; validate coordinates, stock and demand with field/OSMnx data before operational use"
R0043,2026,Kirinyaga,Coffee,D01,Kamweti ATC Satellite Depot,county_satellite,-0.355,37.43,NPK,5600,F15,Kimandi Coffee Factory,Kabare FCS,-0.521263,37.335519,750940,268.2,5,1341,5149,200,7,21.26,28.71,49.2,5167.0,8,10,0.405,Medium,D05,Baricho DCC Office Satellite Depot,estimated: haversine distance * 1.35 road factor; replace with OSMnx shortest_path,"estimated from AFA cherry weight proxy; assumed 2,800 kg cherry per acre; fertilizer rates from Draft National Coffee Policy",https://www.afa.go.ke/download/5226/?tmstv=1750232445,https://kirinyaga.go.ke/waiguru-launches-fertilizer-mashinani-initiative-opens-satellite-farm-inputs-depots/,https://kilimo.go.ke/wp-content/uploads/2025/09/Draft-National-Coffee-Policy-2024.pdf,https://osmnx.readthedocs.io/en/stable/user-reference.html,"Estimated for hackathon modelling; validate coordinates, stock and demand with field/OSMnx data before operational use"
R0044,2026,Kirinyaga,Coffee,D01,Kamweti ATC Satellite Depot,county_satellite,-0.355,37.43,CAN,5200,F15,Kimandi Coffee Factory,Kabare FCS,-0.521263,37.335519,750940,268.2,6,1609,5149,200,9,21.26,28.71,49.2,5167.0,8,10,0.477,High,D05,Baricho DCC Office Satellite Depot,estimated: haversine distance * 1.35 road factor; replace with OSMnx shortest_path,"estimated from AFA cherry weight proxy; assumed 2,800 kg cherry per acre; fertilizer rates from Draft National Coffee Policy",https://www.afa.go.ke/download/5226/?tmstv=1750232445,https://kirinyaga.go.ke/waiguru-launches-fertilizer-mashinani-initiative-opens-satellite-farm-inputs-depots/,https://kilimo.go.ke/wp-content/uploads/2025/09/Draft-National-Coffee-Policy-2024.pdf,https://osmnx.readthedocs.io/en/stable/user-reference.html,"Estimated for hackathon modelling; validate coordinates, stock and demand with field/OSMnx data before operational use"
R0045,2026,Kirinyaga,Coffee,D01,Kamweti ATC Satellite Depot,county_satellite,-0.355,37.43,Lime,4700,F15,Kimandi Coffee Factory,Kabare FCS,-0.521263,37.335519,750940,268.2,5,1341,5149,200,7,21.26,28.71,49.2,5167.0,8,10,0.405,Medium,D05,Baricho DCC Office Satellite Depot,estimated: haversine distance * 1.35 road factor; replace with OSMnx shortest_path,"estimated from AFA cherry weight proxy; assumed 2,800 kg cherry per acre; fertilizer rates from Draft National Coffee Policy",https://www.afa.go.ke/download/5226/?tmstv=1750232445,https://kirinyaga.go.ke/waiguru-launches-fertilizer-mashinani-initiative-opens-satellite-farm-inputs-depots/,https://kilimo.go.ke/wp-content/uploads/2025/09/Draft-National-Coffee-Policy-2024.pdf,https://osmnx.readthedocs.io/en/stable/user-reference.html,"Estimated for hackathon modelling; validate coordinates, stock and demand with field/OSMnx data before operational use"
R0046,2026,Kirinyaga,Coffee,D01,Kamweti ATC Satellite Depot,county_satellite,-0.355,37.43,NPK,5600,F16,Kariaini Coffee Factory,Mwirua FCS,-0.405464,37.398149,363274,129.7,5,649,2491,200,4,6.64,8.96,15.4,1612.0,8,10,0.215,Medium,D02,Kianyaga DCC Office Satellite Depot,estimated: haversine distance * 1.35 road factor; replace with OSMnx shortest_path,"estimated from AFA cherry weight proxy; assumed 2,800 kg cherry per acre; fertilizer rates from Draft National Coffee Policy",https://www.afa.go.ke/download/5226/?tmstv=1750232445,https://kirinyaga.go.ke/waiguru-launches-fertilizer-mashinani-initiative-opens-satellite-farm-inputs-depots/,https://kilimo.go.ke/wp-content/uploads/2025/09/Draft-National-Coffee-Policy-2024.pdf,https://osmnx.readthedocs.io/en/stable/user-reference.html,"Estimated for hackathon modelling; validate coordinates, stock and demand with field/OSMnx data before operational use"
R0047,2026,Kirinyaga,Coffee,D01,Kamweti ATC Satellite Depot,county_satellite,-0.355,37.43,CAN,5200,F16,Kariaini Coffee Factory,Mwirua FCS,-0.405464,37.398149,363274,129.7,6,778,2491,200,4,6.64,8.96,15.4,1612.0,8,10,0.25,Medium,D02,Kianyaga DCC Office Satellite Depot,estimated: haversine distance * 1.35 road factor; replace with OSMnx shortest_path,"estimated from AFA cherry weight proxy; assumed 2,800 kg cherry per acre; fertilizer rates from Draft National Coffee Policy",https://www.afa.go.ke/download/5226/?tmstv=1750232445,https://kirinyaga.go.ke/waiguru-launches-fertilizer-mashinani-initiative-opens-satellite-farm-inputs-depots/,https://kilimo.go.ke/wp-content/uploads/2025/09/Draft-National-Coffee-Policy-2024.pdf,https://osmnx.readthedocs.io/en/stable/user-reference.html,"Estimated for hackathon modelling; validate coordinates, stock and demand with field/OSMnx data before operational use"
R0048,2026,Kirinyaga,Coffee,D01,Kamweti ATC Satellite Depot,county_satellite,-0.355,37.43,Lime,4700,F16,Kariaini Coffee Factory,Mwirua FCS,-0.405464,37.398149,363274,129.7,5,649,2491,200,4,6.64,8.96,15.4,1612.0,8,10,0.215,Medium,D02,Kianyaga DCC Office Satellite Depot,estimated: haversine distance * 1.35 road factor; replace with OSMnx shortest_path,"estimated from AFA cherry weight proxy; assumed 2,800 kg cherry per acre; fertilizer rates from Draft National Coffee Policy",https://www.afa.go.ke/download/5226/?tmstv=1750232445,https://kirinyaga.go.ke/waiguru-launches-fertilizer-mashinani-initiative-opens-satellite-farm-inputs-depots/,https://kilimo.go.ke/wp-content/uploads/2025/09/Draft-National-Coffee-Policy-2024.pdf,https://osmnx.readthedocs.io/en/stable/user-reference.html,"Estimated for hackathon modelling; validate coordinates, stock and demand with field/OSMnx data before operational use"
R0049,2026,Kirinyaga,Coffee,D01,Kamweti ATC Satellite Depot,county_satellite,-0.355,37.43,NPK,5600,F17,Kamwangi Coffee Factory,New Ngariama FCS,-0.470819,37.484366,634450,226.6,5,1133,4351,200,6,14.23,19.21,32.9,3457.0,8,10,0.324,Medium,D08,Togonye ACC Office Satellite Depot,estimated: haversine distance * 1.35 road factor; replace with OSMnx shortest_path,"estimated from AFA cherry weight proxy; assumed 2,800 kg cherry per acre; fertilizer rates from Draft National Coffee Policy",https://www.afa.go.ke/download/5226/?tmstv=1750232445,https://kirinyaga.go.ke/waiguru-launches-fertilizer-mashinani-initiative-opens-satellite-farm-inputs-depots/,https://kilimo.go.ke/wp-content/uploads/2025/09/Draft-National-Coffee-Policy-2024.pdf,https://osmnx.readthedocs.io/en/stable/user-reference.html,"Estimated for hackathon modelling; validate coordinates, stock and demand with field/OSMnx data before operational use"
R0050,2026,Kirinyaga,Coffee,D01,Kamweti ATC Satellite Depot,county_satellite,-0.355,37.43,CAN,5200,F17,Kamwangi Coffee Factory,New Ngariama FCS,-0.470819,37.484366,634450,226.6,6,1360,4351,200,7,14.23,19.21,32.9,3457.0,8,10,0.385,Medium,D08,Togonye ACC Office Satellite Depot,estimated: haversine distance * 1.35 road factor; replace with OSMnx shortest_path,"estimated from AFA cherry weight proxy; assumed 2,800 kg cherry per acre; fertilizer rates from Draft National Coffee Policy",https://www.afa.go.ke/download/5226/?tmstv=1750232445,https://kirinyaga.go.ke/waiguru-launches-fertilizer-mashinani-initiative-opens-satellite-farm-inputs-depots/,https://kilimo.go.ke/wp-content/uploads/2025/09/Draft-National-Coffee-Policy-2024.pdf,https://osmnx.readthedocs.io/en/stable/user-reference.html,"Estimated for hackathon modelling; validate coordinates, stock and demand with field/OSMnx data before operational use"
R0051,2026,Kirinyaga,Coffee,D01,Kamweti ATC Satellite Depot,county_satellite,-0.355,37.43,Lime,4700,F17,Kamwangi Coffee Factory,New Ngariama FCS,-0.470819,37.484366,634450,226.6,5,1133,4351,200,6,14.23,19.21,32.9,3457.0,8,10,0.324,Medium,D08,Togonye ACC Office Satellite Depot,estimated: haversine distance * 1.35 road factor; replace with OSMnx shortest_path,"estimated from AFA cherry weight proxy; assumed 2,800 kg cherry per acre; fertilizer rates from Draft National Coffee Policy",https://www.afa.go.ke/download/5226/?tmstv=1750232445,https://kirinyaga.go.ke/waiguru-launches-fertilizer-mashinani-initiative-opens-satellite-farm-inputs-depots/,https://kilimo.go.ke/wp-content/uploads/2025/09/Draft-National-Coffee-Policy-2024.pdf,https://osmnx.readthedocs.io/en/stable/user-reference.html,"Estimated for hackathon modelling; validate coordinates, stock and demand with field/OSMnx data before operational use"
R0052,2026,Kirinyaga,Coffee,D01,Kamweti ATC Satellite Depot,county_satellite,-0.355,37.43,NPK,5600,F18,Karumandi Coffee Factory,Baragwi FCS,-0.430607,37.38226,467691,167.0,5,835,3206,200,5,9.94,13.42,23.0,2416.0,8,10,0.241,Medium,D02,Kianyaga DCC Office Satellite Depot,estimated: haversine distance * 1.35 road factor; replace with OSMnx shortest_path,"estimated from AFA cherry weight proxy; assumed 2,800 kg cherry per acre; fertilizer rates from Draft National Coffee Policy",https://www.afa.go.ke/download/5226/?tmstv=1750232445,https://kirinyaga.go.ke/waiguru-launches-fertilizer-mashinani-initiative-opens-satellite-farm-inputs-depots/,https://kilimo.go.ke/wp-content/uploads/2025/09/Draft-National-Coffee-Policy-2024.pdf,https://osmnx.readthedocs.io/en/stable/user-reference.html,"Estimated for hackathon modelling; validate coordinates, stock and demand with field/OSMnx data before operational use"
R0053,2026,Kirinyaga,Coffee,D01,Kamweti ATC Satellite Depot,county_satellite,-0.355,37.43,CAN,5200,F18,Karumandi Coffee Factory,Baragwi FCS,-0.430607,37.38226,467691,167.0,6,1002,3206,200,6,9.94,13.42,23.0,2416.0,8,10,0.286,Medium,D02,Kianyaga DCC Office Satellite Depot,estimated: haversine distance * 1.35 road factor; replace with OSMnx shortest_path,"estimated from AFA cherry weight proxy; assumed 2,800 kg cherry per acre; fertilizer rates from Draft National Coffee Policy",https://www.afa.go.ke/download/5226/?tmstv=1750232445,https://kirinyaga.go.ke/waiguru-launches-fertilizer-mashinani-initiative-opens-satellite-farm-inputs-depots/,https://kilimo.go.ke/wp-content/uploads/2025/09/Draft-National-Coffee-Policy-2024.pdf,https://osmnx.readthedocs.io/en/stable/user-reference.html,"Estimated for hackathon modelling; validate coordinates, stock and demand with field/OSMnx data before operational use"
R0054,2026,Kirinyaga,Coffee,D01,Kamweti ATC Satellite Depot,county_satellite,-0.355,37.43,Lime,4700,F18,Karumandi Coffee Factory,Baragwi FCS,-0.430607,37.38226,467691,167.0,5,835,3206,200,5,9.94,13.42,23.0,2416.0,8,10,0.241,Medium,D02,Kianyaga DCC Office Satellite Depot,estimated: haversine distance * 1.35 road factor; replace with OSMnx shortest_path,"estimated from AFA cherry weight proxy; assumed 2,800 kg cherry per acre; fertilizer rates from Draft National Coffee Policy",https://www.afa.go.ke/download/5226/?tmstv=1750232445,https://kirinyaga.go.ke/waiguru-launches-fertilizer-mashinani-initiative-opens-satellite-farm-inputs-depots/,https://kilimo.go.ke/wp-content/uploads/2025/09/Draft-National-Coffee-Policy-2024.pdf,https://osmnx.readthedocs.io/en/stable/user-reference.html,"Estimated for hackathon modelling; validate coordinates, stock and demand with field/OSMnx data before operational use"
R0055,2026,Kirinyaga,Coffee,D01,Kamweti ATC Satellite Depot,county_satellite,-0.355,37.43,NPK,5600,F19,Kerugoya Coffee Factory,Inoi FCS,-0.497353,37.297593,933821,333.5,5,1668,6404,200,9,21.62,29.18,50.0,5253.0,8,10,0.465,High,D03,Kerugoya CC Office Satellite Depot,estimated: haversine distance * 1.35 road factor; replace with OSMnx shortest_path,"estimated from AFA cherry weight proxy; assumed 2,800 kg cherry per acre; fertilizer rates from Draft National Coffee Policy",https://www.afa.go.ke/download/5226/?tmstv=1750232445,https://kirinyaga.go.ke/waiguru-launches-fertilizer-mashinani-initiative-opens-satellite-farm-inputs-depots/,https://kilimo.go.ke/wp-content/uploads/2025/09/Draft-National-Coffee-Policy-2024.pdf,https://osmnx.readthedocs.io/en/stable/user-reference.html,"Estimated for hackathon modelling; validate coordinates, stock and demand with field/OSMnx data before operational use"
R0056,2026,Kirinyaga,Coffee,D01,Kamweti ATC Satellite Depot,county_satellite,-0.355,37.43,CAN,5200,F19,Kerugoya Coffee Factory,Inoi FCS,-0.497353,37.297593,933821,333.5,6,2001,6404,200,11,21.62,29.18,50.0,5253.0,8,10,0.554,High,D03,Kerugoya CC Office Satellite Depot,estimated: haversine distance * 1.35 road factor; replace with OSMnx shortest_path,"estimated from AFA cherry weight proxy; assumed 2,800 kg cherry per acre; fertilizer rates from Draft National Coffee Policy",https://www.afa.go.ke/download/5226/?tmstv=1750232445,https://kirinyaga.go.ke/waiguru-launches-fertilizer-mashinani-initiative-opens-satellite-farm-inputs-depots/,https://kilimo.go.ke/wp-content/uploads/2025/09/Draft-National-Coffee-Policy-2024.pdf,https://osmnx.readthedocs.io/en/stable/user-reference.html,"Estimated for hackathon modelling; validate coordinates, stock and demand with field/OSMnx data before operational use"
R0057,2026,Kirinyaga,Coffee,D01,Kamweti ATC Satellite Depot,county_satellite,-0.355,37.43,Lime,4700,F19,Kerugoya Coffee Factory,Inoi FCS,-0.497353,37.297593,933821,333.5,5,1668,6404,200,9,21.62,29.18,50.0,5253.0,8,10,0.465,High,D03,Kerugoya CC Office Satellite Depot,estimated: haversine distance * 1.35 road factor; replace with OSMnx shortest_path,"estimated from AFA cherry weight proxy; assumed 2,800 kg cherry per acre; fertilizer rates from Draft National Coffee Policy",https://www.afa.go.ke/download/5226/?tmstv=1750232445,https://kirinyaga.go.ke/waiguru-launches-fertilizer-mashinani-initiative-opens-satellite-farm-inputs-depots/,https://kilimo.go.ke/wp-content/uploads/2025/09/Draft-National-Coffee-Policy-2024.pdf,https://osmnx.readthedocs.io/en/stable/user-reference.html,"Estimated for hackathon modelling; validate coordinates, stock and demand with field/OSMnx data before operational use"
R0058,2026,Kirinyaga,Coffee,D01,Kamweti ATC Satellite Depot,county_satellite,-0.355,37.43,NPK,5600,F20,Kaitheri Coffee Factory,Inoi FCS,-0.491191,37.297387,1205346,430.5,5,2152,8264,200,11,21.14,28.53,48.9,5136.0,8,10,0.596,High,D03,Kerugoya CC Office Satellite Depot,estimated: haversine distance * 1.35 road factor; replace with OSMnx shortest_path,"estimated from AFA cherry weight proxy; assumed 2,800 kg cherry per acre; fertilizer rates from Draft National Coffee Policy",https://www.afa.go.ke/download/5226/?tmstv=1750232445,https://kirinyaga.go.ke/waiguru-launches-fertilizer-mashinani-initiative-opens-satellite-farm-inputs-depots/,https://kilimo.go.ke/wp-content/uploads/2025/09/Draft-National-Coffee-Policy-2024.pdf,https://osmnx.readthedocs.io/en/stable/user-reference.html,"Estimated for hackathon modelling; validate coordinates, stock and demand with field/OSMnx data before operational use"
R0059,2026,Kirinyaga,Coffee,D01,Kamweti ATC Satellite Depot,county_satellite,-0.355,37.43,CAN,5200,F20,Kaitheri Coffee Factory,Inoi FCS,-0.491191,37.297387,1205346,430.5,6,2583,8264,200,13,21.14,28.53,48.9,5136.0,8,10,0.712,High,D03,Kerugoya CC Office Satellite Depot,estimated: haversine distance * 1.35 road factor; replace with OSMnx shortest_path,"estimated from AFA cherry weight proxy; assumed 2,800 kg cherry per acre; fertilizer rates from Draft National Coffee Policy",https://www.afa.go.ke/download/5226/?tmstv=1750232445,https://kirinyaga.go.ke/waiguru-launches-fertilizer-mashinani-initiative-opens-satellite-farm-inputs-depots/,https://kilimo.go.ke/wp-content/uploads/2025/09/Draft-National-Coffee-Policy-2024.pdf,https://osmnx.readthedocs.io/en/stable/user-reference.html,"Estimated for hackathon modelling; validate coordinates, stock and demand with field/OSMnx data before operational use"
R0060,2026,Kirinyaga,Coffee,D01,Kamweti ATC Satellite Depot,county_satellite,-0.355,37.43,Lime,4700,F20,Kaitheri Coffee Factory,Inoi FCS,-0.491191,37.297387,1205346,430.5,5,2152,8264,200,11,21.14,28.53,48.9,5136.0,8,10,0.596,High,D03,Kerugoya CC Office Satellite Depot,estimated: haversine distance * 1.35 road factor; replace with OSMnx shortest_path,"estimated from AFA cherry weight proxy; assumed 2,800 kg cherry per acre; fertilizer rates from Draft National Coffee Policy",https://www.afa.go.ke/download/5226/?tmstv=1750232445,https://kirinyaga.go.ke/waiguru-launches-fertilizer-mashinani-initiative-opens-satellite-farm-inputs-depots/,https://kilimo.go.ke/wp-content/uploads/2025/09/Draft-National-Coffee-Policy-2024.pdf,https://osmnx.readthedocs.io/en/stable/user-reference.html,"Estimated for hackathon modelling; validate coordinates, stock and demand with field/OSMnx data before operational use"
R0061,2026,Kirinyaga,Coffee,D01,Kamweti ATC Satellite Depot,county_satellite,-0.355,37.43,NPK,5600,F21,Kiaragana Coffee Factory,Mwirua FCS,-0.405977,37.401729,1069927,382.1,5,1911,7338,200,10,6.48,8.75,15.0,1575.0,8,10,0.557,High,D02,Kianyaga DCC Office Satellite Depot,estimated: haversine distance * 1.35 road factor; replace with OSMnx shortest_path,"estimated from AFA cherry weight proxy; assumed 2,800 kg cherry per acre; fertilizer rates from Draft National Coffee Policy",https://www.afa.go.ke/download/5226/?tmstv=1750232445,https://kirinyaga.go.ke/waiguru-launches-fertilizer-mashinani-initiative-opens-satellite-farm-inputs-depots/,https://kilimo.go.ke/wp-content/uploads/2025/09/Draft-National-Coffee-Policy-2024.pdf,https://osmnx.readthedocs.io/en/stable/user-reference.html,"Estimated for hackathon modelling; validate coordinates, stock and demand with field/OSMnx data before operational use"
R0062,2026,Kirinyaga,Coffee,D01,Kamweti ATC Satellite Depot,county_satellite,-0.355,37.43,CAN,5200,F21,Kiaragana Coffee Factory,Mwirua FCS,-0.405977,37.401729,1069927,382.1,6,2293,7338,200,12,6.48,8.75,15.0,1575.0,8,10,0.66,High,D02,Kianyaga DCC Office Satellite Depot,estimated: haversine distance * 1.35 road factor; replace with OSMnx shortest_path,"estimated from AFA cherry weight proxy; assumed 2,800 kg cherry per acre; fertilizer rates from Draft National Coffee Policy",https://www.afa.go.ke/download/5226/?tmstv=1750232445,https://kirinyaga.go.ke/waiguru-launches-fertilizer-mashinani-initiative-opens-satellite-farm-inputs-depots/,https://kilimo.go.ke/wp-content/uploads/2025/09/Draft-National-Coffee-Policy-2024.pdf,https://osmnx.readthedocs.io/en/stable/user-reference.html,"Estimated for hackathon modelling; validate coordinates, stock and demand with field/OSMnx data before operational use"
R0063,2026,Kirinyaga,Coffee,D01,Kamweti ATC Satellite Depot,county_satellite,-0.355,37.43,Lime,4700,F21,Kiaragana Coffee Factory,Mwirua FCS,-0.405977,37.401729,1069927,382.1,5,1911,7338,200,10,6.48,8.75,15.0,1575.0,8,10,0.557,High,D02,Kianyaga DCC Office Satellite Depot,estimated: haversine distance * 1.35 road factor; replace with OSMnx shortest_path,"estimated from AFA cherry weight proxy; assumed 2,800 kg cherry per acre; fertilizer rates from Draft National Coffee Policy",https://www.afa.go.ke/download/5226/?tmstv=1750232445,https://kirinyaga.go.ke/waiguru-launches-fertilizer-mashinani-initiative-opens-satellite-farm-inputs-depots/,https://kilimo.go.ke/wp-content/uploads/2025/09/Draft-National-Coffee-Policy-2024.pdf,https://osmnx.readthedocs.io/en/stable/user-reference.html,"Estimated for hackathon modelling; validate coordinates, stock and demand with field/OSMnx data before operational use"
R0064,2026,Kirinyaga,Coffee,D01,Kamweti ATC Satellite Depot,county_satellite,-0.355,37.43,NPK,5600,F22,Kegwa Coffee Factory,Ngiriambu FCS,-0.452361,37.442947,187844,67.1,5,335,1288,200,2,10.92,14.74,25.3,2654.0,8,10,0.148,Low,D07,Ciagini ACC Office Satellite Depot,estimated: haversine distance * 1.35 road factor; replace with OSMnx shortest_path,"estimated from AFA cherry weight proxy; assumed 2,800 kg cherry per acre; fertilizer rates from Draft National Coffee Policy",https://www.afa.go.ke/download/5226/?tmstv=1750232445,https://kirinyaga.go.ke/waiguru-launches-fertilizer-mashinani-initiative-opens-satellite-farm-inputs-depots/,https://kilimo.go.ke/wp-content/uploads/2025/09/Draft-National-Coffee-Policy-2024.pdf,https://osmnx.readthedocs.io/en/stable/user-reference.html,"Estimated for hackathon modelling; validate coordinates, stock and demand with field/OSMnx data before operational use"
R0065,2026,Kirinyaga,Coffee,D01,Kamweti ATC Satellite Depot,county_satellite,-0.355,37.43,CAN,5200,F22,Kegwa Coffee Factory,Ngiriambu FCS,-0.452361,37.442947,187844,67.1,6,403,1288,200,3,10.92,14.74,25.3,2654.0,8,10,0.166,Low,D07,Ciagini ACC Office Satellite Depot,estimated: haversine distance * 1.35 road factor; replace with OSMnx shortest_path,"estimated from AFA cherry weight proxy; assumed 2,800 kg cherry per acre; fertilizer rates from Draft National Coffee Policy",https://www.afa.go.ke/download/5226/?tmstv=1750232445,https://kirinyaga.go.ke/waiguru-launches-fertilizer-mashinani-initiative-opens-satellite-farm-inputs-depots/,https://kilimo.go.ke/wp-content/uploads/2025/09/Draft-National-Coffee-Policy-2024.pdf,https://osmnx.readthedocs.io/en/stable/user-reference.html,"Estimated for hackathon modelling; validate coordinates, stock and demand with field/OSMnx data before operational use"
R0066,2026,Kirinyaga,Coffee,D01,Kamweti ATC Satellite Depot,county_satellite,-0.355,37.43,Lime,4700,F22,Kegwa Coffee Factory,Ngiriambu FCS,-0.452361,37.442947,187844,67.1,5,335,1288,200,2,10.92,14.74,25.3,2654.0,8,10,0.148,Low,D07,Ciagini ACC Office Satellite Depot,estimated: haversine distance * 1.35 road factor; replace with OSMnx shortest_path,"estimated from AFA cherry weight proxy; assumed 2,800 kg cherry per acre; fertilizer rates from Draft National Coffee Policy",https://www.afa.go.ke/download/5226/?tmstv=1750232445,https://kirinyaga.go.ke/waiguru-launches-fertilizer-mashinani-initiative-opens-satellite-farm-inputs-depots/,https://kilimo.go.ke/wp-content/uploads/2025/09/Draft-National-Coffee-Policy-2024.pdf,https://osmnx.readthedocs.io/en/stable/user-reference.html,"Estimated for hackathon modelling; validate coordinates, stock and demand with field/OSMnx data before operational use"
R0067,2026,Kirinyaga,Coffee,D01,Kamweti ATC Satellite Depot,county_satellite,-0.355,37.43,NPK,5600,F23,Karani Coffee Factory,Kabare FCS,-0.537101,37.347664,864121,308.6,5,1543,5926,200,8,22.22,30.0,51.4,5400.0,8,10,0.446,High,D05,Baricho DCC Office Satellite Depot,estimated: haversine distance * 1.35 road factor; replace with OSMnx shortest_path,"estimated from AFA cherry weight proxy; assumed 2,800 kg cherry per acre; fertilizer rates from Draft National Coffee Policy",https://www.afa.go.ke/download/5226/?tmstv=1750232445,https://kirinyaga.go.ke/waiguru-launches-fertilizer-mashinani-initiative-opens-satellite-farm-inputs-depots/,https://kilimo.go.ke/wp-content/uploads/2025/09/Draft-National-Coffee-Policy-2024.pdf,https://osmnx.readthedocs.io/en/stable/user-reference.html,"Estimated for hackathon modelling; validate coordinates, stock and demand with field/OSMnx data before operational use"
R0068,2026,Kirinyaga,Coffee,D01,Kamweti ATC Satellite Depot,county_satellite,-0.355,37.43,CAN,5200,F23,Karani Coffee Factory,Kabare FCS,-0.537101,37.347664,864121,308.6,6,1852,5926,200,10,22.22,30.0,51.4,5400.0,8,10,0.529,High,D05,Baricho DCC Office Satellite Depot,estimated: haversine distance * 1.35 road factor; replace with OSMnx shortest_path,"estimated from AFA cherry weight proxy; assumed 2,800 kg cherry per acre; fertilizer rates from Draft National Coffee Policy",https://www.afa.go.ke/download/5226/?tmstv=1750232445,https://kirinyaga.go.ke/waiguru-launches-fertilizer-mashinani-initiative-opens-satellite-farm-inputs-depots/,https://kilimo.go.ke/wp-content/uploads/2025/09/Draft-National-Coffee-Policy-2024.pdf,https://osmnx.readthedocs.io/en/stable/user-reference.html,"Estimated for hackathon modelling; validate coordinates, stock and demand with field/OSMnx data before operational use"
R0069,2026,Kirinyaga,Coffee,D01,Kamweti ATC Satellite Depot,county_satellite,-0.355,37.43,Lime,4700,F23,Karani Coffee Factory,Kabare FCS,-0.537101,37.347664,864121,308.6,5,1543,5926,200,8,22.22,30.0,51.4,5400.0,8,10,0.446,High,D05,Baricho DCC Office Satellite Depot,estimated: haversine distance * 1.35 road factor; replace with OSMnx shortest_path,"estimated from AFA cherry weight proxy; assumed 2,800 kg cherry per acre; fertilizer rates from Draft National Coffee Policy",https://www.afa.go.ke/download/5226/?tmstv=1750232445,https://kirinyaga.go.ke/waiguru-launches-fertilizer-mashinani-initiative-opens-satellite-farm-inputs-depots/,https://kilimo.go.ke/wp-content/uploads/2025/09/Draft-National-Coffee-Policy-2024.pdf,https://osmnx.readthedocs.io/en/stable/user-reference.html,"Estimated for hackathon modelling; validate coordinates, stock and demand with field/OSMnx data before operational use"
R0070,2026,Kirinyaga,Coffee,D01,Kamweti ATC Satellite Depot,county_satellite,-0.355,37.43,NPK,5600,F24,Kariru Coffee Factory,Baragwi FCS,-0.425995,37.38789,49525,17.7,5,88,338,200,1,9.18,12.39,21.2,2230.0,8,10,0.046,Low,D02,Kianyaga DCC Office Satellite Depot,estimated: haversine distance * 1.35 road factor; replace with OSMnx shortest_path,"estimated from AFA cherry weight proxy; assumed 2,800 kg cherry per acre; fertilizer rates from Draft National Coffee Policy",https://www.afa.go.ke/download/5226/?tmstv=1750232445,https://kirinyaga.go.ke/waiguru-launches-fertilizer-mashinani-initiative-opens-satellite-farm-inputs-depots/,https://kilimo.go.ke/wp-content/uploads/2025/09/Draft-National-Coffee-Policy-2024.pdf,https://osmnx.readthedocs.io/en/stable/user-reference.html,"Estimated for hackathon modelling; validate coordinates, stock and demand with field/OSMnx data before operational use"
R0071,2026,Kirinyaga,Coffee,D01,Kamweti ATC Satellite Depot,county_satellite,-0.355,37.43,CAN,5200,F24,Kariru Coffee Factory,Baragwi FCS,-0.425995,37.38789,49525,17.7,6,106,338,200,1,9.18,12.39,21.2,2230.0,8,10,0.051,Low,D02,Kianyaga DCC Office Satellite Depot,estimated: haversine distance * 1.35 road factor; replace with OSMnx shortest_path,"estimated from AFA cherry weight proxy; assumed 2,800 kg cherry per acre; fertilizer rates from Draft National Coffee Policy",https://www.afa.go.ke/download/5226/?tmstv=1750232445,https://kirinyaga.go.ke/waiguru-launches-fertilizer-mashinani-initiative-opens-satellite-farm-inputs-depots/,https://kilimo.go.ke/wp-content/uploads/2025/09/Draft-National-Coffee-Policy-2024.pdf,https://osmnx.readthedocs.io/en/stable/user-reference.html,"Estimated for hackathon modelling; validate coordinates, stock and demand with field/OSMnx data before operational use"
R0072,2026,Kirinyaga,Coffee,D01,Kamweti ATC Satellite Depot,county_satellite,-0.355,37.43,Lime,4700,F24,Kariru Coffee Factory,Baragwi FCS,-0.425995,37.38789,49525,17.7,5,88,338,200,1,9.18,12.39,21.2,2230.0,8,10,0.046,Low,D02,Kianyaga DCC Office Satellite Depot,estimated: haversine distance * 1.35 road factor; replace with OSMnx shortest_path,"estimated from AFA cherry weight proxy; assumed 2,800 kg cherry per acre; fertilizer rates from Draft National Coffee Policy",https://www.afa.go.ke/download/5226/?tmstv=1750232445,https://kirinyaga.go.ke/waiguru-launches-fertilizer-mashinani-initiative-opens-satellite-farm-inputs-depots/,https://kilimo.go.ke/wp-content/uploads/2025/09/Draft-National-Coffee-Policy-2024.pdf,https://osmnx.readthedocs.io/en/stable/user-reference.html,"Estimated for hackathon modelling; validate coordinates, stock and demand with field/OSMnx data before operational use"
R0073,2026,Kirinyaga,Coffee,D01,Kamweti ATC Satellite Depot,county_satellite,-0.355,37.43,NPK,5600,F25,Thimu Coffee Factory,Baragwi FCS,-0.417322,37.388324,49227,17.6,5,88,337,200,1,8.34,11.25,19.3,2026.0,8,10,0.05,Low,D02,Kianyaga DCC Office Satellite Depot,estimated: haversine distance * 1.35 road factor; replace with OSMnx shortest_path,"estimated from AFA cherry weight proxy; assumed 2,800 kg cherry per acre; fertilizer rates from Draft National Coffee Policy",https://www.afa.go.ke/download/5226/?tmstv=1750232445,https://kirinyaga.go.ke/waiguru-launches-fertilizer-mashinani-initiative-opens-satellite-farm-inputs-depots/,https://kilimo.go.ke/wp-content/uploads/2025/09/Draft-National-Coffee-Policy-2024.pdf,https://osmnx.readthedocs.io/en/stable/user-reference.html,"Estimated for hackathon modelling; validate coordinates, stock and demand with field/OSMnx data before operational use"
R0074,2026,Kirinyaga,Coffee,D01,Kamweti ATC Satellite Depot,county_satellite,-0.355,37.43,CAN,5200,F25,Thimu Coffee Factory,Baragwi FCS,-0.417322,37.388324,49227,17.6,6,105,337,200,1,8.34,11.25,19.3,2026.0,8,10,0.055,Low,D02,Kianyaga DCC Office Satellite Depot,estimated: haversine distance * 1.35 road factor; replace with OSMnx shortest_path,"estimated from AFA cherry weight proxy; assumed 2,800 kg cherry per acre; fertilizer rates from Draft National Coffee Policy",https://www.afa.go.ke/download/5226/?tmstv=1750232445,https://kirinyaga.go.ke/waiguru-launches-fertilizer-mashinani-initiative-opens-satellite-farm-inputs-depots/,https://kilimo.go.ke/wp-content/uploads/2025/09/Draft-National-Coffee-Policy-2024.pdf,https://osmnx.readthedocs.io/en/stable/user-reference.html,"Estimated for hackathon modelling; validate coordinates, stock and demand with field/OSMnx data before operational use"
R0075,2026,Kirinyaga,Coffee,D01,Kamweti ATC Satellite Depot,county_satellite,-0.355,37.43,Lime,4700,F25,Thimu Coffee Factory,Baragwi FCS,-0.417322,37.388324,49227,17.6,5,88,337,200,1,8.34,11.25,19.3,2026.0,8,10,0.05,Low,D02,Kianyaga DCC Office Satellite Depot,estimated: haversine distance * 1.35 road factor; replace with OSMnx shortest_path,"estimated from AFA cherry weight proxy; assumed 2,800 kg cherry per acre; fertilizer rates from Draft National Coffee Policy",https://www.afa.go.ke/download/5226/?tmstv=1750232445,https://kirinyaga.go.ke/waiguru-launches-fertilizer-mashinani-initiative-opens-satellite-farm-inputs-depots/,https://kilimo.go.ke/wp-content/uploads/2025/09/Draft-National-Coffee-Policy-2024.pdf,https://osmnx.readthedocs.io/en/stable/user-reference.html,"Estimated for hackathon modelling; validate coordinates, stock and demand with field/OSMnx data before operational use"
R0076,2026,Kirinyaga,Coffee,D01,Kamweti ATC Satellite Depot,county_satellite,-0.355,37.43,NPK,5600,F26,Gathambi Coffee Factory,Mwirua FCS,-0.407649,37.374548,66705,23.8,5,119,457,200,1,8.5,11.48,19.7,2066.0,8,10,0.06,Low,D02,Kianyaga DCC Office Satellite Depot,estimated: haversine distance * 1.35 road factor; replace with OSMnx shortest_path,"estimated from AFA cherry weight proxy; assumed 2,800 kg cherry per acre; fertilizer rates from Draft National Coffee Policy",https://www.afa.go.ke/download/5226/?tmstv=1750232445,https://kirinyaga.go.ke/waiguru-launches-fertilizer-mashinani-initiative-opens-satellite-farm-inputs-depots/,https://kilimo.go.ke/wp-content/uploads/2025/09/Draft-National-Coffee-Policy-2024.pdf,https://osmnx.readthedocs.io/en/stable/user-reference.html,"Estimated for hackathon modelling; validate coordinates, stock and demand with field/OSMnx data before operational use"
R0077,2026,Kirinyaga,Coffee,D01,Kamweti ATC Satellite Depot,county_satellite,-0.355,37.43,CAN,5200,F26,Gathambi Coffee Factory,Mwirua FCS,-0.407649,37.374548,66705,23.8,6,143,457,200,1,8.5,11.48,19.7,2066.0,8,10,0.066,Low,D02,Kianyaga DCC Office Satellite Depot,estimated: haversine distance * 1.35 road factor; replace with OSMnx shortest_path,"estimated from AFA cherry weight proxy; assumed 2,800 kg cherry per acre; fertilizer rates from Draft National Coffee Policy",https://www.afa.go.ke/download/5226/?tmstv=1750232445,https://kirinyaga.go.ke/waiguru-launches-fertilizer-mashinani-initiative-opens-satellite-farm-inputs-depots/,https://kilimo.go.ke/wp-content/uploads/2025/09/Draft-National-Coffee-Policy-2024.pdf,https://osmnx.readthedocs.io/en/stable/user-reference.html,"Estimated for hackathon modelling; validate coordinates, stock and demand with field/OSMnx data before operational use"
R0078,2026,Kirinyaga,Coffee,D01,Kamweti ATC Satellite Depot,county_satellite,-0.355,37.43,Lime,4700,F26,Gathambi Coffee Factory,Mwirua FCS,-0.407649,37.374548,66705,23.8,5,119,457,200,1,8.5,11.48,19.7,2066.0,8,10,0.06,Low,D02,Kianyaga DCC Office Satellite Depot,estimated: haversine distance * 1.35 road factor; replace with OSMnx shortest_path,"estimated from AFA cherry weight proxy; assumed 2,800 kg cherry per acre; fertilizer rates from Draft National Coffee Policy",https://www.afa.go.ke/download/5226/?tmstv=1750232445,https://kirinyaga.go.ke/waiguru-launches-fertilizer-mashinani-initiative-opens-satellite-farm-inputs-depots/,https://kilimo.go.ke/wp-content/uploads/2025/09/Draft-National-Coffee-Policy-2024.pdf,https://osmnx.readthedocs.io/en/stable/user-reference.html,"Estimated for hackathon modelling; validate coordinates, stock and demand with field/OSMnx data before operational use"
R0079,2026,Kirinyaga,Coffee,D01,Kamweti ATC Satellite Depot,county_satellite,-0.355,37.43,NPK,5600,F27,Kagongo Coffee Factory,Baragwi FCS,-0.437165,37.363183,269086,96.1,5,481,1847,200,3,11.78,15.9,27.3,2862.0,8,10,0.132,Low,D02,Kianyaga DCC Office Satellite Depot,estimated: haversine distance * 1.35 road factor; replace with OSMnx shortest_path,"estimated from AFA cherry weight proxy; assumed 2,800 kg cherry per acre; fertilizer rates from Draft National Coffee Policy",https://www.afa.go.ke/download/5226/?tmstv=1750232445,https://kirinyaga.go.ke/waiguru-launches-fertilizer-mashinani-initiative-opens-satellite-farm-inputs-depots/,https://kilimo.go.ke/wp-content/uploads/2025/09/Draft-National-Coffee-Policy-2024.pdf,https://osmnx.readthedocs.io/en/stable/user-reference.html,"Estimated for hackathon modelling; validate coordinates, stock and demand with field/OSMnx data before operational use"
R0080,2026,Kirinyaga,Coffee,D01,Kamweti ATC Satellite Depot,county_satellite,-0.355,37.43,CAN,5200,F27,Kagongo Coffee Factory,Baragwi FCS,-0.437165,37.363183,269086,96.1,6,577,1847,200,3,11.78,15.9,27.3,2862.0,8,10,0.158,Low,D02,Kianyaga DCC Office Satellite Depot,estimated: haversine distance * 1.35 road factor; replace with OSMnx shortest_path,"estimated from AFA cherry weight proxy; assumed 2,800 kg cherry per acre; fertilizer rates from Draft National Coffee Policy",https://www.afa.go.ke/download/5226/?tmstv=1750232445,https://kirinyaga.go.ke/waiguru-launches-fertilizer-mashinani-initiative-opens-satellite-farm-inputs-depots/,https://kilimo.go.ke/wp-content/uploads/2025/09/Draft-National-Coffee-Policy-2024.pdf,https://osmnx.readthedocs.io/en/stable/user-reference.html,"Estimated for hackathon modelling; validate coordinates, stock and demand with field/OSMnx data before operational use"
R0081,2026,Kirinyaga,Coffee,D01,Kamweti ATC Satellite Depot,county_satellite,-0.355,37.43,Lime,4700,F27,Kagongo Coffee Factory,Baragwi FCS,-0.437165,37.363183,269086,96.1,5,481,1847,200,3,11.78,15.9,27.3,2862.0,8,10,0.132,Low,D02,Kianyaga DCC Office Satellite Depot,estimated: haversine distance * 1.35 road factor; replace with OSMnx shortest_path,"estimated from AFA cherry weight proxy; assumed 2,800 kg cherry per acre; fertilizer rates from Draft National Coffee Policy",https://www.afa.go.ke/download/5226/?tmstv=1750232445,https://kirinyaga.go.ke/waiguru-launches-fertilizer-mashinani-initiative-opens-satellite-farm-inputs-depots/,https://kilimo.go.ke/wp-content/uploads/2025/09/Draft-National-Coffee-Policy-2024.pdf,https://osmnx.readthedocs.io/en/stable/user-reference.html,"Estimated for hackathon modelling; validate coordinates, stock and demand with field/OSMnx data before operational use"
R0082,2026,Kirinyaga,Coffee,D01,Kamweti ATC Satellite Depot,county_satellite,-0.355,37.43,NPK,5600,F28,Thaita Coffee Factory,Inoi FCS,-0.50426,37.276546,981403,350.5,5,1753,6731,200,9,23.8,32.13,55.1,5784.0,8,10,0.478,High,D03,Kerugoya CC Office Satellite Depot,estimated: haversine distance * 1.35 road factor; replace with OSMnx shortest_path,"estimated from AFA cherry weight proxy; assumed 2,800 kg cherry per acre; fertilizer rates from Draft National Coffee Policy",https://www.afa.go.ke/download/5226/?tmstv=1750232445,https://kirinyaga.go.ke/waiguru-launches-fertilizer-mashinani-initiative-opens-satellite-farm-inputs-depots/,https://kilimo.go.ke/wp-content/uploads/2025/09/Draft-National-Coffee-Policy-2024.pdf,https://osmnx.readthedocs.io/en/stable/user-reference.html,"Estimated for hackathon modelling; validate coordinates, stock and demand with field/OSMnx data before operational use"
R0083,2026,Kirinyaga,Coffee,D01,Kamweti ATC Satellite Depot,county_satellite,-0.355,37.43,CAN,5200,F28,Thaita Coffee Factory,Inoi FCS,-0.50426,37.276546,981403,350.5,6,2103,6731,200,11,23.8,32.13,55.1,5784.0,8,10,0.572,High,D03,Kerugoya CC Office Satellite Depot,estimated: haversine distance * 1.35 road factor; replace with OSMnx shortest_path,"estimated from AFA cherry weight proxy; assumed 2,800 kg cherry per acre; fertilizer rates from Draft National Coffee Policy",https://www.afa.go.ke/download/5226/?tmstv=1750232445,https://kirinyaga.go.ke/waiguru-launches-fertilizer-mashinani-initiative-opens-satellite-farm-inputs-depots/,https://kilimo.go.ke/wp-content/uploads/2025/09/Draft-National-Coffee-Policy-2024.pdf,https://osmnx.readthedocs.io/en/stable/user-reference.html,"Estimated for hackathon modelling; validate coordinates, stock and demand with field/OSMnx data before operational use"
R0084,2026,Kirinyaga,Coffee,D01,Kamweti ATC Satellite Depot,county_satellite,-0.355,37.43,Lime,4700,F28,Thaita Coffee Factory,Inoi FCS,-0.50426,37.276546,981403,350.5,5,1753,6731,200,9,23.8,32.13,55.1,5784.0,8,10,0.478,High,D03,Kerugoya CC Office Satellite Depot,estimated: haversine distance * 1.35 road factor; replace with OSMnx shortest_path,"estimated from AFA cherry weight proxy; assumed 2,800 kg cherry per acre; fertilizer rates from Draft National Coffee Policy",https://www.afa.go.ke/download/5226/?tmstv=1750232445,https://kirinyaga.go.ke/waiguru-launches-fertilizer-mashinani-initiative-opens-satellite-farm-inputs-depots/,https://kilimo.go.ke/wp-content/uploads/2025/09/Draft-National-Coffee-Policy-2024.pdf,https://osmnx.readthedocs.io/en/stable/user-reference.html,"Estimated for hackathon modelling; validate coordinates, stock and demand with field/OSMnx data before operational use"
R0085,2026,Kirinyaga,Coffee,D02,Kianyaga DCC Office Satellite Depot,county_satellite,-0.437,37.366,NPK,6400,F01,Kiangoi Coffee Factory,Rung'eto FCS,-0.501303,37.373625,69519,24.8,5,124,476,200,1,7.2,9.72,16.7,1750.0,8,10,0.092,Low,D02,Kianyaga DCC Office Satellite Depot,estimated: haversine distance * 1.35 road factor; replace with OSMnx shortest_path,"estimated from AFA cherry weight proxy; assumed 2,800 kg cherry per acre; fertilizer rates from Draft National Coffee Policy",https://www.afa.go.ke/download/5226/?tmstv=1750232445,https://kirinyaga.go.ke/waiguru-launches-fertilizer-mashinani-initiative-opens-satellite-farm-inputs-depots/,https://kilimo.go.ke/wp-content/uploads/2025/09/Draft-National-Coffee-Policy-2024.pdf,https://osmnx.readthedocs.io/en/stable/user-reference.html,"Estimated for hackathon modelling; validate coordinates, stock and demand with field/OSMnx data before operational use"
R0086,2026,Kirinyaga,Coffee,D02,Kianyaga DCC Office Satellite Depot,county_satellite,-0.437,37.366,CAN,5800,F01,Kiangoi Coffee Factory,Rung'eto FCS,-0.501303,37.373625,69519,24.8,6,149,476,200,1,7.2,9.72,16.7,1750.0,8,10,0.098,Low,D02,Kianyaga DCC Office Satellite Depot,estimated: haversine distance * 1.35 road factor; replace with OSMnx shortest_path,"estimated from AFA cherry weight proxy; assumed 2,800 kg cherry per acre; fertilizer rates from Draft National Coffee Policy",https://www.afa.go.ke/download/5226/?tmstv=1750232445,https://kirinyaga.go.ke/waiguru-launches-fertilizer-mashinani-initiative-opens-satellite-farm-inputs-depots/,https://kilimo.go.ke/wp-content/uploads/2025/09/Draft-National-Coffee-Policy-2024.pdf,https://osmnx.readthedocs.io/en/stable/user-reference.html,"Estimated for hackathon modelling; validate coordinates, stock and demand with field/OSMnx data before operational use"
R0087,2026,Kirinyaga,Coffee,D02,Kianyaga DCC Office Satellite Depot,county_satellite,-0.437,37.366,Lime,5200,F01,Kiangoi Coffee Factory,Rung'eto FCS,-0.501303,37.373625,69519,24.8,5,124,476,200,1,7.2,9.72,16.7,1750.0,8,10,0.092,Low,D02,Kianyaga DCC Office Satellite Depot,estimated: haversine distance * 1.35 road factor; replace with OSMnx shortest_path,"estimated from AFA cherry weight proxy; assumed 2,800 kg cherry per acre; fertilizer rates from Draft National Coffee Policy",https://www.afa.go.ke/download/5226/?tmstv=1750232445,https://kirinyaga.go.ke/waiguru-launches-fertilizer-mashinani-initiative-opens-satellite-farm-inputs-depots/,https://kilimo.go.ke/wp-content/uploads/2025/09/Draft-National-Coffee-Policy-2024.pdf,https://osmnx.readthedocs.io/en/stable/user-reference.html,"Estimated for hackathon modelling; validate coordinates, stock and demand with field/OSMnx data before operational use"
R0088,2026,Kirinyaga,Coffee,D02,Kianyaga DCC Office Satellite Depot,county_satellite,-0.437,37.366,NPK,6400,F02,Kainamui Coffee Factory,New Ngariama FCS,-0.472125,37.459616,386496,138.0,5,690,2650,200,4,11.12,15.01,25.7,2702.0,8,10,0.225,Medium,D07,Ciagini ACC Office Satellite Depot,estimated: haversine distance * 1.35 road factor; replace with OSMnx shortest_path,"estimated from AFA cherry weight proxy; assumed 2,800 kg cherry per acre; fertilizer rates from Draft National Coffee Policy",https://www.afa.go.ke/download/5226/?tmstv=1750232445,https://kirinyaga.go.ke/waiguru-launches-fertilizer-mashinani-initiative-opens-satellite-farm-inputs-depots/,https://kilimo.go.ke/wp-content/uploads/2025/09/Draft-National-Coffee-Policy-2024.pdf,https://osmnx.readthedocs.io/en/stable/user-reference.html,"Estimated for hackathon modelling; validate coordinates, stock and demand with field/OSMnx data before operational use"
R0089,2026,Kirinyaga,Coffee,D02,Kianyaga DCC Office Satellite Depot,county_satellite,-0.437,37.366,CAN,5800,F02,Kainamui Coffee Factory,New Ngariama FCS,-0.472125,37.459616,386496,138.0,6,828,2650,200,5,11.12,15.01,25.7,2702.0,8,10,0.262,Medium,D07,Ciagini ACC Office Satellite Depot,estimated: haversine distance * 1.35 road factor; replace with OSMnx shortest_path,"estimated from AFA cherry weight proxy; assumed 2,800 kg cherry per acre; fertilizer rates from Draft National Coffee Policy",https://www.afa.go.ke/download/5226/?tmstv=1750232445,https://kirinyaga.go.ke/waiguru-launches-fertilizer-mashinani-initiative-opens-satellite-farm-inputs-depots/,https://kilimo.go.ke/wp-content/uploads/2025/09/Draft-National-Coffee-Policy-2024.pdf,https://osmnx.readthedocs.io/en/stable/user-reference.html,"Estimated for hackathon modelling; validate coordinates, stock and demand with field/OSMnx data before operational use"
R0090,2026,Kirinyaga,Coffee,D02,Kianyaga DCC Office Satellite Depot,county_satellite,-0.437,37.366,Lime,5200,F02,Kainamui Coffee Factory,New Ngariama FCS,-0.472125,37.459616,386496,138.0,5,690,2650,200,4,11.12,15.01,25.7,2702.0,8,10,0.225,Medium,D07,Ciagini ACC Office Satellite Depot,estimated: haversine distance * 1.35 road factor; replace with OSMnx shortest_path,"estimated from AFA cherry weight proxy; assumed 2,800 kg cherry per acre; fertilizer rates from Draft National Coffee Policy",https://www.afa.go.ke/download/5226/?tmstv=1750232445,https://kirinyaga.go.ke/waiguru-launches-fertilizer-mashinani-initiative-opens-satellite-farm-inputs-depots/,https://kilimo.go.ke/wp-content/uploads/2025/09/Draft-National-Coffee-Policy-2024.pdf,https://osmnx.readthedocs.io/en/stable/user-reference.html,"Estimated for hackathon modelling; validate coordinates, stock and demand with field/OSMnx data before operational use"
R0091,2026,Kirinyaga,Coffee,D02,Kianyaga DCC Office Satellite Depot,county_satellite,-0.437,37.366,NPK,6400,F03,Kaguyu Coffee Factory,Inoi FCS,-0.503818,37.276883,213771,76.3,5,382,1466,200,2,12.39,16.72,28.7,3010.0,8,10,0.108,Low,D03,Kerugoya CC Office Satellite Depot,estimated: haversine distance * 1.35 road factor; replace with OSMnx shortest_path,"estimated from AFA cherry weight proxy; assumed 2,800 kg cherry per acre; fertilizer rates from Draft National Coffee Policy",https://www.afa.go.ke/download/5226/?tmstv=1750232445,https://kirinyaga.go.ke/waiguru-launches-fertilizer-mashinani-initiative-opens-satellite-farm-inputs-depots/,https://kilimo.go.ke/wp-content/uploads/2025/09/Draft-National-Coffee-Policy-2024.pdf,https://osmnx.readthedocs.io/en/stable/user-reference.html,"Estimated for hackathon modelling; validate coordinates, stock and demand with field/OSMnx data before operational use"
R0092,2026,Kirinyaga,Coffee,D02,Kianyaga DCC Office Satellite Depot,county_satellite,-0.437,37.366,CAN,5800,F03,Kaguyu Coffee Factory,Inoi FCS,-0.503818,37.276883,213771,76.3,6,458,1466,200,3,12.39,16.72,28.7,3010.0,8,10,0.129,Low,D03,Kerugoya CC Office Satellite Depot,estimated: haversine distance * 1.35 road factor; replace with OSMnx shortest_path,"estimated from AFA cherry weight proxy; assumed 2,800 kg cherry per acre; fertilizer rates from Draft National Coffee Policy",https://www.afa.go.ke/download/5226/?tmstv=1750232445,https://kirinyaga.go.ke/waiguru-launches-fertilizer-mashinani-initiative-opens-satellite-farm-inputs-depots/,https://kilimo.go.ke/wp-content/uploads/2025/09/Draft-National-Coffee-Policy-2024.pdf,https://osmnx.readthedocs.io/en/stable/user-reference.html,"Estimated for hackathon modelling; validate coordinates, stock and demand with field/OSMnx data before operational use"
R0093,2026,Kirinyaga,Coffee,D02,Kianyaga DCC Office Satellite Depot,county_satellite,-0.437,37.366,Lime,5200,F03,Kaguyu Coffee Factory,Inoi FCS,-0.503818,37.276883,213771,76.3,5,382,1466,200,2,12.39,16.72,28.7,3010.0,8,10,0.108,Low,D03,Kerugoya CC Office Satellite Depot,estimated: haversine distance * 1.35 road factor; replace with OSMnx shortest_path,"estimated from AFA cherry weight proxy; assumed 2,800 kg cherry per acre; fertilizer rates from Draft National Coffee Policy",https://www.afa.go.ke/download/5226/?tmstv=1750232445,https://kirinyaga.go.ke/waiguru-launches-fertilizer-mashinani-initiative-opens-satellite-farm-inputs-depots/,https://kilimo.go.ke/wp-content/uploads/2025/09/Draft-National-Coffee-Policy-2024.pdf,https://osmnx.readthedocs.io/en/stable/user-reference.html,"Estimated for hackathon modelling; validate coordinates, stock and demand with field/OSMnx data before operational use"
R0094,2026,Kirinyaga,Coffee,D02,Kianyaga DCC Office Satellite Depot,county_satellite,-0.437,37.366,NPK,6400,F04,Kariko Coffee Factory,Inoi FCS,-0.497039,37.273935,800249,285.8,5,1429,5488,200,8,12.22,16.5,28.3,2970.0,8,10,0.391,Medium,D03,Kerugoya CC Office Satellite Depot,estimated: haversine distance * 1.35 road factor; replace with OSMnx shortest_path,"estimated from AFA cherry weight proxy; assumed 2,800 kg cherry per acre; fertilizer rates from Draft National Coffee Policy",https://www.afa.go.ke/download/5226/?tmstv=1750232445,https://kirinyaga.go.ke/waiguru-launches-fertilizer-mashinani-initiative-opens-satellite-farm-inputs-depots/,https://kilimo.go.ke/wp-content/uploads/2025/09/Draft-National-Coffee-Policy-2024.pdf,https://osmnx.readthedocs.io/en/stable/user-reference.html,"Estimated for hackathon modelling; validate coordinates, stock and demand with field/OSMnx data before operational use"
R0095,2026,Kirinyaga,Coffee,D02,Kianyaga DCC Office Satellite Depot,county_satellite,-0.437,37.366,CAN,5800,F04,Kariko Coffee Factory,Inoi FCS,-0.497039,37.273935,800249,285.8,6,1715,5488,200,9,12.22,16.5,28.3,2970.0,8,10,0.468,High,D03,Kerugoya CC Office Satellite Depot,estimated: haversine distance * 1.35 road factor; replace with OSMnx shortest_path,"estimated from AFA cherry weight proxy; assumed 2,800 kg cherry per acre; fertilizer rates from Draft National Coffee Policy",https://www.afa.go.ke/download/5226/?tmstv=1750232445,https://kirinyaga.go.ke/waiguru-launches-fertilizer-mashinani-initiative-opens-satellite-farm-inputs-depots/,https://kilimo.go.ke/wp-content/uploads/2025/09/Draft-National-Coffee-Policy-2024.pdf,https://osmnx.readthedocs.io/en/stable/user-reference.html,"Estimated for hackathon modelling; validate coordinates, stock and demand with field/OSMnx data before operational use"
R0096,2026,Kirinyaga,Coffee,D02,Kianyaga DCC Office Satellite Depot,county_satellite,-0.437,37.366,Lime,5200,F04,Kariko Coffee Factory,Inoi FCS,-0.497039,37.273935,800249,285.8,5,1429,5488,200,8,12.22,16.5,28.3,2970.0,8,10,0.391,Medium,D03,Kerugoya CC Office Satellite Depot,estimated: haversine distance * 1.35 road factor; replace with OSMnx shortest_path,"estimated from AFA cherry weight proxy; assumed 2,800 kg cherry per acre; fertilizer rates from Draft National Coffee Policy",https://www.afa.go.ke/download/5226/?tmstv=1750232445,https://kirinyaga.go.ke/waiguru-launches-fertilizer-mashinani-initiative-opens-satellite-farm-inputs-depots/,https://kilimo.go.ke/wp-content/uploads/2025/09/Draft-National-Coffee-Policy-2024.pdf,https://osmnx.readthedocs.io/en/stable/user-reference.html,"Estimated for hackathon modelling; validate coordinates, stock and demand with field/OSMnx data before operational use"
R0097,2026,Kirinyaga,Coffee,D02,Kianyaga DCC Office Satellite Depot,county_satellite,-0.437,37.366,NPK,6400,F05,Mushagara Coffee Factory,Baragwi FCS,-0.41839,37.358649,657558,234.8,5,1174,4508,200,6,2.22,3.0,5.1,541.0,8,10,0.334,Medium,D02,Kianyaga DCC Office Satellite Depot,estimated: haversine distance * 1.35 road factor; replace with OSMnx shortest_path,"estimated from AFA cherry weight proxy; assumed 2,800 kg cherry per acre; fertilizer rates from Draft National Coffee Policy",https://www.afa.go.ke/download/5226/?tmstv=1750232445,https://kirinyaga.go.ke/waiguru-launches-fertilizer-mashinani-initiative-opens-satellite-farm-inputs-depots/,https://kilimo.go.ke/wp-content/uploads/2025/09/Draft-National-Coffee-Policy-2024.pdf,https://osmnx.readthedocs.io/en/stable/user-reference.html,"Estimated for hackathon modelling; validate coordinates, stock and demand with field/OSMnx data before operational use"
R0098,2026,Kirinyaga,Coffee,D02,Kianyaga DCC Office Satellite Depot,county_satellite,-0.437,37.366,CAN,5800,F05,Mushagara Coffee Factory,Baragwi FCS,-0.41839,37.358649,657558,234.8,6,1409,4508,200,8,2.22,3.0,5.1,541.0,8,10,0.397,Medium,D02,Kianyaga DCC Office Satellite Depot,estimated: haversine distance * 1.35 road factor; replace with OSMnx shortest_path,"estimated from AFA cherry weight proxy; assumed 2,800 kg cherry per acre; fertilizer rates from Draft National Coffee Policy",https://www.afa.go.ke/download/5226/?tmstv=1750232445,https://kirinyaga.go.ke/waiguru-launches-fertilizer-mashinani-initiative-opens-satellite-farm-inputs-depots/,https://kilimo.go.ke/wp-content/uploads/2025/09/Draft-National-Coffee-Policy-2024.pdf,https://osmnx.readthedocs.io/en/stable/user-reference.html,"Estimated for hackathon modelling; validate coordinates, stock and demand with field/OSMnx data before operational use"
R0099,2026,Kirinyaga,Coffee,D02,Kianyaga DCC Office Satellite Depot,county_satellite,-0.437,37.366,Lime,5200,F05,Mushagara Coffee Factory,Baragwi FCS,-0.41839,37.358649,657558,234.8,5,1174,4508,200,6,2.22,3.0,5.1,541.0,8,10,0.334,Medium,D02,Kianyaga DCC Office Satellite Depot,estimated: haversine distance * 1.35 road factor; replace with OSMnx shortest_path,"estimated from AFA cherry weight proxy; assumed 2,800 kg cherry per acre; fertilizer rates from Draft National Coffee Policy",https://www.afa.go.ke/download/5226/?tmstv=1750232445,https://kirinyaga.go.ke/waiguru-launches-fertilizer-mashinani-initiative-opens-satellite-farm-inputs-depots/,https://kilimo.go.ke/wp-content/uploads/2025/09/Draft-National-Coffee-Policy-2024.pdf,https://osmnx.readthedocs.io/en/stable/user-reference.html,"Estimated for hackathon modelling; validate coordinates, stock and demand with field/OSMnx data before operational use"
R0100,2026,Kirinyaga,Coffee,D02,Kianyaga DCC Office Satellite Depot,county_satellite,-0.437,37.366,NPK,6400,F06,Gachami Coffee Factory,Baragwi FCS,-0.443407,37.368027,1318667,471.0,5,2355,9043,200,12,0.75,1.01,1.7,182.0,8,10,0.64,High,D02,Kianyaga DCC Office Satellite Depot,estimated: haversine distance * 1.35 road factor; replace with OSMnx shortest_path,"estimated from AFA cherry weight proxy; assumed 2,800 kg cherry per acre; fertilizer rates from Draft National Coffee Policy",https://www.afa.go.ke/download/5226/?tmstv=1750232445,https://kirinyaga.go.ke/waiguru-launches-fertilizer-mashinani-initiative-opens-satellite-farm-inputs-depots/,https://kilimo.go.ke/wp-content/uploads/2025/09/Draft-National-Coffee-Policy-2024.pdf,https://osmnx.readthedocs.io/en/stable/user-reference.html,"Estimated for hackathon modelling; validate coordinates, stock and demand with field/OSMnx data before operational use"
R0101,2026,Kirinyaga,Coffee,D02,Kianyaga DCC Office Satellite Depot,county_satellite,-0.437,37.366,CAN,5800,F06,Gachami Coffee Factory,Baragwi FCS,-0.443407,37.368027,1318667,471.0,6,2826,9043,200,15,0.75,1.01,1.7,182.0,8,10,0.706,High,D02,Kianyaga DCC Office Satellite Depot,estimated: haversine distance * 1.35 road factor; replace with OSMnx shortest_path,"estimated from AFA cherry weight proxy; assumed 2,800 kg cherry per acre; fertilizer rates from Draft National Coffee Policy",https://www.afa.go.ke/download/5226/?tmstv=1750232445,https://kirinyaga.go.ke/waiguru-launches-fertilizer-mashinani-initiative-opens-satellite-farm-inputs-depots/,https://kilimo.go.ke/wp-content/uploads/2025/09/Draft-National-Coffee-Policy-2024.pdf,https://osmnx.readthedocs.io/en/stable/user-reference.html,"Estimated for hackathon modelling; validate coordinates, stock and demand with field/OSMnx data before operational use"
R0102,2026,Kirinyaga,Coffee,D02,Kianyaga DCC Office Satellite Depot,county_satellite,-0.437,37.366,Lime,5200,F06,Gachami Coffee Factory,Baragwi FCS,-0.443407,37.368027,1318667,471.0,5,2355,9043,200,12,0.75,1.01,1.7,182.0,8,10,0.64,High,D02,Kianyaga DCC Office Satellite Depot,estimated: haversine distance * 1.35 road factor; replace with OSMnx shortest_path,"estimated from AFA cherry weight proxy; assumed 2,800 kg cherry per acre; fertilizer rates from Draft National Coffee Policy",https://www.afa.go.ke/download/5226/?tmstv=1750232445,https://kirinyaga.go.ke/waiguru-launches-fertilizer-mashinani-initiative-opens-satellite-farm-inputs-depots/,https://kilimo.go.ke/wp-content/uploads/2025/09/Draft-National-Coffee-Policy-2024.pdf,https://osmnx.readthedocs.io/en/stable/user-reference.html,"Estimated for hackathon modelling; validate coordinates, stock and demand with field/OSMnx data before operational use"
R0103,2026,Kirinyaga,Coffee,D02,Kianyaga DCC Office Satellite Depot,county_satellite,-0.437,37.366,NPK,6400,F07,Konyu Coffee Factory,Kabare FCS,-0.543367,37.326494,193060,69.0,5,345,1325,200,2,12.62,17.03,29.2,3066.0,8,10,0.12,Low,D05,Baricho DCC Office Satellite Depot,estimated: haversine distance * 1.35 road factor; replace with OSMnx shortest_path,"estimated from AFA cherry weight proxy; assumed 2,800 kg cherry per acre; fertilizer rates from Draft National Coffee Policy",https://www.afa.go.ke/download/5226/?tmstv=1750232445,https://kirinyaga.go.ke/waiguru-launches-fertilizer-mashinani-initiative-opens-satellite-farm-inputs-depots/,https://kilimo.go.ke/wp-content/uploads/2025/09/Draft-National-Coffee-Policy-2024.pdf,https://osmnx.readthedocs.io/en/stable/user-reference.html,"Estimated for hackathon modelling; validate coordinates, stock and demand with field/OSMnx data before operational use"
R0104,2026,Kirinyaga,Coffee,D02,Kianyaga DCC Office Satellite Depot,county_satellite,-0.437,37.366,CAN,5800,F07,Konyu Coffee Factory,Kabare FCS,-0.543367,37.326494,193060,69.0,6,414,1325,200,3,12.62,17.03,29.2,3066.0,8,10,0.138,Low,D05,Baricho DCC Office Satellite Depot,estimated: haversine distance * 1.35 road factor; replace with OSMnx shortest_path,"estimated from AFA cherry weight proxy; assumed 2,800 kg cherry per acre; fertilizer rates from Draft National Coffee Policy",https://www.afa.go.ke/download/5226/?tmstv=1750232445,https://kirinyaga.go.ke/waiguru-launches-fertilizer-mashinani-initiative-opens-satellite-farm-inputs-depots/,https://kilimo.go.ke/wp-content/uploads/2025/09/Draft-National-Coffee-Policy-2024.pdf,https://osmnx.readthedocs.io/en/stable/user-reference.html,"Estimated for hackathon modelling; validate coordinates, stock and demand with field/OSMnx data before operational use"
R0105,2026,Kirinyaga,Coffee,D02,Kianyaga DCC Office Satellite Depot,county_satellite,-0.437,37.366,Lime,5200,F07,Konyu Coffee Factory,Kabare FCS,-0.543367,37.326494,193060,69.0,5,345,1325,200,2,12.62,17.03,29.2,3066.0,8,10,0.12,Low,D05,Baricho DCC Office Satellite Depot,estimated: haversine distance * 1.35 road factor; replace with OSMnx shortest_path,"estimated from AFA cherry weight proxy; assumed 2,800 kg cherry per acre; fertilizer rates from Draft National Coffee Policy",https://www.afa.go.ke/download/5226/?tmstv=1750232445,https://kirinyaga.go.ke/waiguru-launches-fertilizer-mashinani-initiative-opens-satellite-farm-inputs-depots/,https://kilimo.go.ke/wp-content/uploads/2025/09/Draft-National-Coffee-Policy-2024.pdf,https://osmnx.readthedocs.io/en/stable/user-reference.html,"Estimated for hackathon modelling; validate coordinates, stock and demand with field/OSMnx data before operational use"
R0106,2026,Kirinyaga,Coffee,D02,Kianyaga DCC Office Satellite Depot,county_satellite,-0.437,37.366,NPK,6400,F08,Thunguri Coffee Factory,Kibirigwi FCS,-0.559251,37.158225,842805,301.0,5,1505,5779,200,8,26.81,36.19,62.0,6514.0,8,10,0.51,High,D09,Sagana NCPB Depot,estimated: haversine distance * 1.35 road factor; replace with OSMnx shortest_path,"estimated from AFA cherry weight proxy; assumed 2,800 kg cherry per acre; fertilizer rates from Draft National Coffee Policy",https://www.afa.go.ke/download/5226/?tmstv=1750232445,https://kirinyaga.go.ke/waiguru-launches-fertilizer-mashinani-initiative-opens-satellite-farm-inputs-depots/,https://kilimo.go.ke/wp-content/uploads/2025/09/Draft-National-Coffee-Policy-2024.pdf,https://osmnx.readthedocs.io/en/stable/user-reference.html,"Estimated for hackathon modelling; validate coordinates, stock and demand with field/OSMnx data before operational use"
R0107,2026,Kirinyaga,Coffee,D02,Kianyaga DCC Office Satellite Depot,county_satellite,-0.437,37.366,CAN,5800,F08,Thunguri Coffee Factory,Kibirigwi FCS,-0.559251,37.158225,842805,301.0,6,1806,5779,200,10,26.81,36.19,62.0,6514.0,8,10,0.591,High,D09,Sagana NCPB Depot,estimated: haversine distance * 1.35 road factor; replace with OSMnx shortest_path,"estimated from AFA cherry weight proxy; assumed 2,800 kg cherry per acre; fertilizer rates from Draft National Coffee Policy",https://www.afa.go.ke/download/5226/?tmstv=1750232445,https://kirinyaga.go.ke/waiguru-launches-fertilizer-mashinani-initiative-opens-satellite-farm-inputs-depots/,https://kilimo.go.ke/wp-content/uploads/2025/09/Draft-National-Coffee-Policy-2024.pdf,https://osmnx.readthedocs.io/en/stable/user-reference.html,"Estimated for hackathon modelling; validate coordinates, stock and demand with field/OSMnx data before operational use"
R0108,2026,Kirinyaga,Coffee,D02,Kianyaga DCC Office Satellite Depot,county_satellite,-0.437,37.366,Lime,5200,F08,Thunguri Coffee Factory,Kibirigwi FCS,-0.559251,37.158225,842805,301.0,5,1505,5779,200,8,26.81,36.19,62.0,6514.0,8,10,0.51,High,D09,Sagana NCPB Depot,estimated: haversine distance * 1.35 road factor; replace with OSMnx shortest_path,"estimated from AFA cherry weight proxy; assumed 2,800 kg cherry per acre; fertilizer rates from Draft National Coffee Policy",https://www.afa.go.ke/download/5226/?tmstv=1750232445,https://kirinyaga.go.ke/waiguru-launches-fertilizer-mashinani-initiative-opens-satellite-farm-inputs-depots/,https://kilimo.go.ke/wp-content/uploads/2025/09/Draft-National-Coffee-Policy-2024.pdf,https://osmnx.readthedocs.io/en/stable/user-reference.html,"Estimated for hackathon modelling; validate coordinates, stock and demand with field/OSMnx data before operational use"
R0109,2026,Kirinyaga,Coffee,D02,Kianyaga DCC Office Satellite Depot,county_satellite,-0.437,37.366,NPK,6400,F09,Kiandieri Coffee Factory,Inoi FCS,-0.500398,37.283446,98015,35.0,5,175,672,200,1,11.57,15.62,26.8,2812.0,8,10,0.05,Low,D03,Kerugoya CC Office Satellite Depot,estimated: haversine distance * 1.35 road factor; replace with OSMnx shortest_path,"estimated from AFA cherry weight proxy; assumed 2,800 kg cherry per acre; fertilizer rates from Draft National Coffee Policy",https://www.afa.go.ke/download/5226/?tmstv=1750232445,https://kirinyaga.go.ke/waiguru-launches-fertilizer-mashinani-initiative-opens-satellite-farm-inputs-depots/,https://kilimo.go.ke/wp-content/uploads/2025/09/Draft-National-Coffee-Policy-2024.pdf,https://osmnx.readthedocs.io/en/stable/user-reference.html,"Estimated for hackathon modelling; validate coordinates, stock and demand with field/OSMnx data before operational use"
R0110,2026,Kirinyaga,Coffee,D02,Kianyaga DCC Office Satellite Depot,county_satellite,-0.437,37.366,CAN,5800,F09,Kiandieri Coffee Factory,Inoi FCS,-0.500398,37.283446,98015,35.0,6,210,672,200,2,11.57,15.62,26.8,2812.0,8,10,0.06,Low,D03,Kerugoya CC Office Satellite Depot,estimated: haversine distance * 1.35 road factor; replace with OSMnx shortest_path,"estimated from AFA cherry weight proxy; assumed 2,800 kg cherry per acre; fertilizer rates from Draft National Coffee Policy",https://www.afa.go.ke/download/5226/?tmstv=1750232445,https://kirinyaga.go.ke/waiguru-launches-fertilizer-mashinani-initiative-opens-satellite-farm-inputs-depots/,https://kilimo.go.ke/wp-content/uploads/2025/09/Draft-National-Coffee-Policy-2024.pdf,https://osmnx.readthedocs.io/en/stable/user-reference.html,"Estimated for hackathon modelling; validate coordinates, stock and demand with field/OSMnx data before operational use"
R0111,2026,Kirinyaga,Coffee,D02,Kianyaga DCC Office Satellite Depot,county_satellite,-0.437,37.366,Lime,5200,F09,Kiandieri Coffee Factory,Inoi FCS,-0.500398,37.283446,98015,35.0,5,175,672,200,1,11.57,15.62,26.8,2812.0,8,10,0.05,Low,D03,Kerugoya CC Office Satellite Depot,estimated: haversine distance * 1.35 road factor; replace with OSMnx shortest_path,"estimated from AFA cherry weight proxy; assumed 2,800 kg cherry per acre; fertilizer rates from Draft National Coffee Policy",https://www.afa.go.ke/download/5226/?tmstv=1750232445,https://kirinyaga.go.ke/waiguru-launches-fertilizer-mashinani-initiative-opens-satellite-farm-inputs-depots/,https://kilimo.go.ke/wp-content/uploads/2025/09/Draft-National-Coffee-Policy-2024.pdf,https://osmnx.readthedocs.io/en/stable/user-reference.html,"Estimated for hackathon modelling; validate coordinates, stock and demand with field/OSMnx data before operational use"
R0112,2026,Kirinyaga,Coffee,D02,Kianyaga DCC Office Satellite Depot,county_satellite,-0.437,37.366,NPK,6400,F10,Rutui Coffee Factory,Inoi FCS,-0.491453,37.280532,202521,72.3,5,362,1390,200,2,11.27,15.21,26.1,2738.0,8,10,0.104,Low,D03,Kerugoya CC Office Satellite Depot,estimated: haversine distance * 1.35 road factor; replace with OSMnx shortest_path,"estimated from AFA cherry weight proxy; assumed 2,800 kg cherry per acre; fertilizer rates from Draft National Coffee Policy",https://www.afa.go.ke/download/5226/?tmstv=1750232445,https://kirinyaga.go.ke/waiguru-launches-fertilizer-mashinani-initiative-opens-satellite-farm-inputs-depots/,https://kilimo.go.ke/wp-content/uploads/2025/09/Draft-National-Coffee-Policy-2024.pdf,https://osmnx.readthedocs.io/en/stable/user-reference.html,"Estimated for hackathon modelling; validate coordinates, stock and demand with field/OSMnx data before operational use"
R0113,2026,Kirinyaga,Coffee,D02,Kianyaga DCC Office Satellite Depot,county_satellite,-0.437,37.366,CAN,5800,F10,Rutui Coffee Factory,Inoi FCS,-0.491453,37.280532,202521,72.3,6,434,1390,200,3,11.27,15.21,26.1,2738.0,8,10,0.124,Low,D03,Kerugoya CC Office Satellite Depot,estimated: haversine distance * 1.35 road factor; replace with OSMnx shortest_path,"estimated from AFA cherry weight proxy; assumed 2,800 kg cherry per acre; fertilizer rates from Draft National Coffee Policy",https://www.afa.go.ke/download/5226/?tmstv=1750232445,https://kirinyaga.go.ke/waiguru-launches-fertilizer-mashinani-initiative-opens-satellite-farm-inputs-depots/,https://kilimo.go.ke/wp-content/uploads/2025/09/Draft-National-Coffee-Policy-2024.pdf,https://osmnx.readthedocs.io/en/stable/user-reference.html,"Estimated for hackathon modelling; validate coordinates, stock and demand with field/OSMnx data before operational use"
R0114,2026,Kirinyaga,Coffee,D02,Kianyaga DCC Office Satellite Depot,county_satellite,-0.437,37.366,Lime,5200,F10,Rutui Coffee Factory,Inoi FCS,-0.491453,37.280532,202521,72.3,5,362,1390,200,2,11.27,15.21,26.1,2738.0,8,10,0.104,Low,D03,Kerugoya CC Office Satellite Depot,estimated: haversine distance * 1.35 road factor; replace with OSMnx shortest_path,"estimated from AFA cherry weight proxy; assumed 2,800 kg cherry per acre; fertilizer rates from Draft National Coffee Policy",https://www.afa.go.ke/download/5226/?tmstv=1750232445,https://kirinyaga.go.ke/waiguru-launches-fertilizer-mashinani-initiative-opens-satellite-farm-inputs-depots/,https://kilimo.go.ke/wp-content/uploads/2025/09/Draft-National-Coffee-Policy-2024.pdf,https://osmnx.readthedocs.io/en/stable/user-reference.html,"Estimated for hackathon modelling; validate coordinates, stock and demand with field/OSMnx data before operational use"
R0115,2026,Kirinyaga,Coffee,D02,Kianyaga DCC Office Satellite Depot,county_satellite,-0.437,37.366,NPK,6400,F11,Kiang'ombe Coffee Factory,Kabare FCS,-0.545471,37.335991,421153,150.4,5,752,2887,200,4,12.51,16.89,29.0,3041.0,8,10,0.225,Medium,D05,Baricho DCC Office Satellite Depot,estimated: haversine distance * 1.35 road factor; replace with OSMnx shortest_path,"estimated from AFA cherry weight proxy; assumed 2,800 kg cherry per acre; fertilizer rates from Draft National Coffee Policy",https://www.afa.go.ke/download/5226/?tmstv=1750232445,https://kirinyaga.go.ke/waiguru-launches-fertilizer-mashinani-initiative-opens-satellite-farm-inputs-depots/,https://kilimo.go.ke/wp-content/uploads/2025/09/Draft-National-Coffee-Policy-2024.pdf,https://osmnx.readthedocs.io/en/stable/user-reference.html,"Estimated for hackathon modelling; validate coordinates, stock and demand with field/OSMnx data before operational use"
R0116,2026,Kirinyaga,Coffee,D02,Kianyaga DCC Office Satellite Depot,county_satellite,-0.437,37.366,CAN,5800,F11,Kiang'ombe Coffee Factory,Kabare FCS,-0.545471,37.335991,421153,150.4,6,902,2887,200,5,12.51,16.89,29.0,3041.0,8,10,0.265,Medium,D05,Baricho DCC Office Satellite Depot,estimated: haversine distance * 1.35 road factor; replace with OSMnx shortest_path,"estimated from AFA cherry weight proxy; assumed 2,800 kg cherry per acre; fertilizer rates from Draft National Coffee Policy",https://www.afa.go.ke/download/5226/?tmstv=1750232445,https://kirinyaga.go.ke/waiguru-launches-fertilizer-mashinani-initiative-opens-satellite-farm-inputs-depots/,https://kilimo.go.ke/wp-content/uploads/2025/09/Draft-National-Coffee-Policy-2024.pdf,https://osmnx.readthedocs.io/en/stable/user-reference.html,"Estimated for hackathon modelling; validate coordinates, stock and demand with field/OSMnx data before operational use"
R0117,2026,Kirinyaga,Coffee,D02,Kianyaga DCC Office Satellite Depot,county_satellite,-0.437,37.366,Lime,5200,F11,Kiang'ombe Coffee Factory,Kabare FCS,-0.545471,37.335991,421153,150.4,5,752,2887,200,4,12.51,16.89,29.0,3041.0,8,10,0.225,Medium,D05,Baricho DCC Office Satellite Depot,estimated: haversine distance * 1.35 road factor; replace with OSMnx shortest_path,"estimated from AFA cherry weight proxy; assumed 2,800 kg cherry per acre; fertilizer rates from Draft National Coffee Policy",https://www.afa.go.ke/download/5226/?tmstv=1750232445,https://kirinyaga.go.ke/waiguru-launches-fertilizer-mashinani-initiative-opens-satellite-farm-inputs-depots/,https://kilimo.go.ke/wp-content/uploads/2025/09/Draft-National-Coffee-Policy-2024.pdf,https://osmnx.readthedocs.io/en/stable/user-reference.html,"Estimated for hackathon modelling; validate coordinates, stock and demand with field/OSMnx data before operational use"
R0118,2026,Kirinyaga,Coffee,D02,Kianyaga DCC Office Satellite Depot,county_satellite,-0.437,37.366,NPK,6400,F12,Guama Coffee Factory,Baragwi FCS,-0.436799,37.373277,640750,228.8,5,1144,4393,200,6,0.81,1.09,1.9,197.0,8,10,0.315,Medium,D02,Kianyaga DCC Office Satellite Depot,estimated: haversine distance * 1.35 road factor; replace with OSMnx shortest_path,"estimated from AFA cherry weight proxy; assumed 2,800 kg cherry per acre; fertilizer rates from Draft National Coffee Policy",https://www.afa.go.ke/download/5226/?tmstv=1750232445,https://kirinyaga.go.ke/waiguru-launches-fertilizer-mashinani-initiative-opens-satellite-farm-inputs-depots/,https://kilimo.go.ke/wp-content/uploads/2025/09/Draft-National-Coffee-Policy-2024.pdf,https://osmnx.readthedocs.io/en/stable/user-reference.html,"Estimated for hackathon modelling; validate coordinates, stock and demand with field/OSMnx data before operational use"
R0119,2026,Kirinyaga,Coffee,D02,Kianyaga DCC Office Satellite Depot,county_satellite,-0.437,37.366,CAN,5800,F12,Guama Coffee Factory,Baragwi FCS,-0.436799,37.373277,640750,228.8,6,1373,4393,200,7,0.81,1.09,1.9,197.0,8,10,0.376,Medium,D02,Kianyaga DCC Office Satellite Depot,estimated: haversine distance * 1.35 road factor; replace with OSMnx shortest_path,"estimated from AFA cherry weight proxy; assumed 2,800 kg cherry per acre; fertilizer rates from Draft National Coffee Policy",https://www.afa.go.ke/download/5226/?tmstv=1750232445,https://kirinyaga.go.ke/waiguru-launches-fertilizer-mashinani-initiative-opens-satellite-farm-inputs-depots/,https://kilimo.go.ke/wp-content/uploads/2025/09/Draft-National-Coffee-Policy-2024.pdf,https://osmnx.readthedocs.io/en/stable/user-reference.html,"Estimated for hackathon modelling; validate coordinates, stock and demand with field/OSMnx data before operational use"
R0120,2026,Kirinyaga,Coffee,D02,Kianyaga DCC Office Satellite Depot,county_satellite,-0.437,37.366,Lime,5200,F12,Guama Coffee Factory,Baragwi FCS,-0.436799,37.373277,640750,228.8,5,1144,4393,200,6,0.81,1.09,1.9,197.0,8,10,0.315,Medium,D02,Kianyaga DCC Office Satellite Depot,estimated: haversine distance * 1.35 road factor; replace with OSMnx shortest_path,"estimated from AFA cherry weight proxy; assumed 2,800 kg cherry per acre; fertilizer rates from Draft National Coffee Policy",https://www.afa.go.ke/download/5226/?tmstv=1750232445,https://kirinyaga.go.ke/waiguru-launches-fertilizer-mashinani-initiative-opens-satellite-farm-inputs-depots/,https://kilimo.go.ke/wp-content/uploads/2025/09/Draft-National-Coffee-Policy-2024.pdf,https://osmnx.readthedocs.io/en/stable/user-reference.html,"Estimated for hackathon modelling; validate coordinates, stock and demand with field/OSMnx data before operational use"
R0121,2026,Kirinyaga,Coffee,D02,Kianyaga DCC Office Satellite Depot,county_satellite,-0.437,37.366,NPK,6400,F13,Kiri Coffee Factory,Ngiriambu FCS,-0.442714,37.429183,304470,108.7,5,544,2088,200,3,7.05,9.52,16.3,1714.0,8,10,0.204,Low,D02,Kianyaga DCC Office Satellite Depot,estimated: haversine distance * 1.35 road factor; replace with OSMnx shortest_path,"estimated from AFA cherry weight proxy; assumed 2,800 kg cherry per acre; fertilizer rates from Draft National Coffee Policy",https://www.afa.go.ke/download/5226/?tmstv=1750232445,https://kirinyaga.go.ke/waiguru-launches-fertilizer-mashinani-initiative-opens-satellite-farm-inputs-depots/,https://kilimo.go.ke/wp-content/uploads/2025/09/Draft-National-Coffee-Policy-2024.pdf,https://osmnx.readthedocs.io/en/stable/user-reference.html,"Estimated for hackathon modelling; validate coordinates, stock and demand with field/OSMnx data before operational use"
R0122,2026,Kirinyaga,Coffee,D02,Kianyaga DCC Office Satellite Depot,county_satellite,-0.437,37.366,CAN,5800,F13,Kiri Coffee Factory,Ngiriambu FCS,-0.442714,37.429183,304470,108.7,6,652,2088,200,4,7.05,9.52,16.3,1714.0,8,10,0.233,Medium,D02,Kianyaga DCC Office Satellite Depot,estimated: haversine distance * 1.35 road factor; replace with OSMnx shortest_path,"estimated from AFA cherry weight proxy; assumed 2,800 kg cherry per acre; fertilizer rates from Draft National Coffee Policy",https://www.afa.go.ke/download/5226/?tmstv=1750232445,https://kirinyaga.go.ke/waiguru-launches-fertilizer-mashinani-initiative-opens-satellite-farm-inputs-depots/,https://kilimo.go.ke/wp-content/uploads/2025/09/Draft-National-Coffee-Policy-2024.pdf,https://osmnx.readthedocs.io/en/stable/user-reference.html,"Estimated for hackathon modelling; validate coordinates, stock and demand with field/OSMnx data before operational use"
R0123,2026,Kirinyaga,Coffee,D02,Kianyaga DCC Office Satellite Depot,county_satellite,-0.437,37.366,Lime,5200,F13,Kiri Coffee Factory,Ngiriambu FCS,-0.442714,37.429183,304470,108.7,5,544,2088,200,3,7.05,9.52,16.3,1714.0,8,10,0.204,Low,D02,Kianyaga DCC Office Satellite Depot,estimated: haversine distance * 1.35 road factor; replace with OSMnx shortest_path,"estimated from AFA cherry weight proxy; assumed 2,800 kg cherry per acre; fertilizer rates from Draft National Coffee Policy",https://www.afa.go.ke/download/5226/?tmstv=1750232445,https://kirinyaga.go.ke/waiguru-launches-fertilizer-mashinani-initiative-opens-satellite-farm-inputs-depots/,https://kilimo.go.ke/wp-content/uploads/2025/09/Draft-National-Coffee-Policy-2024.pdf,https://osmnx.readthedocs.io/en/stable/user-reference.html,"Estimated for hackathon modelling; validate coordinates, stock and demand with field/OSMnx data before operational use"
R0124,2026,Kirinyaga,Coffee,D02,Kianyaga DCC Office Satellite Depot,county_satellite,-0.437,37.366,NPK,6400,F14,Kiangothe Coffee Factory,Kabare FCS,-0.531036,37.332984,377824,134.9,5,675,2592,200,4,11.08,14.96,25.6,2693.0,8,10,0.217,Medium,D05,Baricho DCC Office Satellite Depot,estimated: haversine distance * 1.35 road factor; replace with OSMnx shortest_path,"estimated from AFA cherry weight proxy; assumed 2,800 kg cherry per acre; fertilizer rates from Draft National Coffee Policy",https://www.afa.go.ke/download/5226/?tmstv=1750232445,https://kirinyaga.go.ke/waiguru-launches-fertilizer-mashinani-initiative-opens-satellite-farm-inputs-depots/,https://kilimo.go.ke/wp-content/uploads/2025/09/Draft-National-Coffee-Policy-2024.pdf,https://osmnx.readthedocs.io/en/stable/user-reference.html,"Estimated for hackathon modelling; validate coordinates, stock and demand with field/OSMnx data before operational use"
R0125,2026,Kirinyaga,Coffee,D02,Kianyaga DCC Office Satellite Depot,county_satellite,-0.437,37.366,CAN,5800,F14,Kiangothe Coffee Factory,Kabare FCS,-0.531036,37.332984,377824,134.9,6,810,2592,200,5,11.08,14.96,25.6,2693.0,8,10,0.254,Medium,D05,Baricho DCC Office Satellite Depot,estimated: haversine distance * 1.35 road factor; replace with OSMnx shortest_path,"estimated from AFA cherry weight proxy; assumed 2,800 kg cherry per acre; fertilizer rates from Draft National Coffee Policy",https://www.afa.go.ke/download/5226/?tmstv=1750232445,https://kirinyaga.go.ke/waiguru-launches-fertilizer-mashinani-initiative-opens-satellite-farm-inputs-depots/,https://kilimo.go.ke/wp-content/uploads/2025/09/Draft-National-Coffee-Policy-2024.pdf,https://osmnx.readthedocs.io/en/stable/user-reference.html,"Estimated for hackathon modelling; validate coordinates, stock and demand with field/OSMnx data before operational use"
R0126,2026,Kirinyaga,Coffee,D02,Kianyaga DCC Office Satellite Depot,county_satellite,-0.437,37.366,Lime,5200,F14,Kiangothe Coffee Factory,Kabare FCS,-0.531036,37.332984,377824,134.9,5,675,2592,200,4,11.08,14.96,25.6,2693.0,8,10,0.217,Medium,D05,Baricho DCC Office Satellite Depot,estimated: haversine distance * 1.35 road factor; replace with OSMnx shortest_path,"estimated from AFA cherry weight proxy; assumed 2,800 kg cherry per acre; fertilizer rates from Draft National Coffee Policy",https://www.afa.go.ke/download/5226/?tmstv=1750232445,https://kirinyaga.go.ke/waiguru-launches-fertilizer-mashinani-initiative-opens-satellite-farm-inputs-depots/,https://kilimo.go.ke/wp-content/uploads/2025/09/Draft-National-Coffee-Policy-2024.pdf,https://osmnx.readthedocs.io/en/stable/user-reference.html,"Estimated for hackathon modelling; validate coordinates, stock and demand with field/OSMnx data before operational use"
R0127,2026,Kirinyaga,Coffee,D02,Kianyaga DCC Office Satellite Depot,county_satellite,-0.437,37.366,NPK,6400,F15,Kimandi Coffee Factory,Kabare FCS,-0.521263,37.335519,750940,268.2,5,1341,5149,200,7,9.96,13.45,23.1,2421.0,8,10,0.405,Medium,D05,Baricho DCC Office Satellite Depot,estimated: haversine distance * 1.35 road factor; replace with OSMnx shortest_path,"estimated from AFA cherry weight proxy; assumed 2,800 kg cherry per acre; fertilizer rates from Draft National Coffee Policy",https://www.afa.go.ke/download/5226/?tmstv=1750232445,https://kirinyaga.go.ke/waiguru-launches-fertilizer-mashinani-initiative-opens-satellite-farm-inputs-depots/,https://kilimo.go.ke/wp-content/uploads/2025/09/Draft-National-Coffee-Policy-2024.pdf,https://osmnx.readthedocs.io/en/stable/user-reference.html,"Estimated for hackathon modelling; validate coordinates, stock and demand with field/OSMnx data before operational use"
R0128,2026,Kirinyaga,Coffee,D02,Kianyaga DCC Office Satellite Depot,county_satellite,-0.437,37.366,CAN,5800,F15,Kimandi Coffee Factory,Kabare FCS,-0.521263,37.335519,750940,268.2,6,1609,5149,200,9,9.96,13.45,23.1,2421.0,8,10,0.477,High,D05,Baricho DCC Office Satellite Depot,estimated: haversine distance * 1.35 road factor; replace with OSMnx shortest_path,"estimated from AFA cherry weight proxy; assumed 2,800 kg cherry per acre; fertilizer rates from Draft National Coffee Policy",https://www.afa.go.ke/download/5226/?tmstv=1750232445,https://kirinyaga.go.ke/waiguru-launches-fertilizer-mashinani-initiative-opens-satellite-farm-inputs-depots/,https://kilimo.go.ke/wp-content/uploads/2025/09/Draft-National-Coffee-Policy-2024.pdf,https://osmnx.readthedocs.io/en/stable/user-reference.html,"Estimated for hackathon modelling; validate coordinates, stock and demand with field/OSMnx data before operational use"
R0129,2026,Kirinyaga,Coffee,D02,Kianyaga DCC Office Satellite Depot,county_satellite,-0.437,37.366,Lime,5200,F15,Kimandi Coffee Factory,Kabare FCS,-0.521263,37.335519,750940,268.2,5,1341,5149,200,7,9.96,13.45,23.1,2421.0,8,10,0.405,Medium,D05,Baricho DCC Office Satellite Depot,estimated: haversine distance * 1.35 road factor; replace with OSMnx shortest_path,"estimated from AFA cherry weight proxy; assumed 2,800 kg cherry per acre; fertilizer rates from Draft National Coffee Policy",https://www.afa.go.ke/download/5226/?tmstv=1750232445,https://kirinyaga.go.ke/waiguru-launches-fertilizer-mashinani-initiative-opens-satellite-farm-inputs-depots/,https://kilimo.go.ke/wp-content/uploads/2025/09/Draft-National-Coffee-Policy-2024.pdf,https://osmnx.readthedocs.io/en/stable/user-reference.html,"Estimated for hackathon modelling; validate coordinates, stock and demand with field/OSMnx data before operational use"
R0130,2026,Kirinyaga,Coffee,D02,Kianyaga DCC Office Satellite Depot,county_satellite,-0.437,37.366,NPK,6400,F16,Kariaini Coffee Factory,Mwirua FCS,-0.405464,37.398149,363274,129.7,5,649,2491,200,4,5.01,6.76,11.6,1217.0,8,10,0.215,Medium,D02,Kianyaga DCC Office Satellite Depot,estimated: haversine distance * 1.35 road factor; replace with OSMnx shortest_path,"estimated from AFA cherry weight proxy; assumed 2,800 kg cherry per acre; fertilizer rates from Draft National Coffee Policy",https://www.afa.go.ke/download/5226/?tmstv=1750232445,https://kirinyaga.go.ke/waiguru-launches-fertilizer-mashinani-initiative-opens-satellite-farm-inputs-depots/,https://kilimo.go.ke/wp-content/uploads/2025/09/Draft-National-Coffee-Policy-2024.pdf,https://osmnx.readthedocs.io/en/stable/user-reference.html,"Estimated for hackathon modelling; validate coordinates, stock and demand with field/OSMnx data before operational use"
R0131,2026,Kirinyaga,Coffee,D02,Kianyaga DCC Office Satellite Depot,county_satellite,-0.437,37.366,CAN,5800,F16,Kariaini Coffee Factory,Mwirua FCS,-0.405464,37.398149,363274,129.7,6,778,2491,200,4,5.01,6.76,11.6,1217.0,8,10,0.25,Medium,D02,Kianyaga DCC Office Satellite Depot,estimated: haversine distance * 1.35 road factor; replace with OSMnx shortest_path,"estimated from AFA cherry weight proxy; assumed 2,800 kg cherry per acre; fertilizer rates from Draft National Coffee Policy",https://www.afa.go.ke/download/5226/?tmstv=1750232445,https://kirinyaga.go.ke/waiguru-launches-fertilizer-mashinani-initiative-opens-satellite-farm-inputs-depots/,https://kilimo.go.ke/wp-content/uploads/2025/09/Draft-National-Coffee-Policy-2024.pdf,https://osmnx.readthedocs.io/en/stable/user-reference.html,"Estimated for hackathon modelling; validate coordinates, stock and demand with field/OSMnx data before operational use"
R0132,2026,Kirinyaga,Coffee,D02,Kianyaga DCC Office Satellite Depot,county_satellite,-0.437,37.366,Lime,5200,F16,Kariaini Coffee Factory,Mwirua FCS,-0.405464,37.398149,363274,129.7,5,649,2491,200,4,5.01,6.76,11.6,1217.0,8,10,0.215,Medium,D02,Kianyaga DCC Office Satellite Depot,estimated: haversine distance * 1.35 road factor; replace with OSMnx shortest_path,"estimated from AFA cherry weight proxy; assumed 2,800 kg cherry per acre; fertilizer rates from Draft National Coffee Policy",https://www.afa.go.ke/download/5226/?tmstv=1750232445,https://kirinyaga.go.ke/waiguru-launches-fertilizer-mashinani-initiative-opens-satellite-farm-inputs-depots/,https://kilimo.go.ke/wp-content/uploads/2025/09/Draft-National-Coffee-Policy-2024.pdf,https://osmnx.readthedocs.io/en/stable/user-reference.html,"Estimated for hackathon modelling; validate coordinates, stock and demand with field/OSMnx data before operational use"
R0133,2026,Kirinyaga,Coffee,D02,Kianyaga DCC Office Satellite Depot,county_satellite,-0.437,37.366,NPK,6400,F17,Kamwangi Coffee Factory,New Ngariama FCS,-0.470819,37.484366,634450,226.6,5,1133,4351,200,6,13.69,18.48,31.7,3326.0,8,10,0.324,Medium,D08,Togonye ACC Office Satellite Depot,estimated: haversine distance * 1.35 road factor; replace with OSMnx shortest_path,"estimated from AFA cherry weight proxy; assumed 2,800 kg cherry per acre; fertilizer rates from Draft National Coffee Policy",https://www.afa.go.ke/download/5226/?tmstv=1750232445,https://kirinyaga.go.ke/waiguru-launches-fertilizer-mashinani-initiative-opens-satellite-farm-inputs-depots/,https://kilimo.go.ke/wp-content/uploads/2025/09/Draft-National-Coffee-Policy-2024.pdf,https://osmnx.readthedocs.io/en/stable/user-reference.html,"Estimated for hackathon modelling; validate coordinates, stock and demand with field/OSMnx data before operational use"
R0134,2026,Kirinyaga,Coffee,D02,Kianyaga DCC Office Satellite Depot,county_satellite,-0.437,37.366,CAN,5800,F17,Kamwangi Coffee Factory,New Ngariama FCS,-0.470819,37.484366,634450,226.6,6,1360,4351,200,7,13.69,18.48,31.7,3326.0,8,10,0.385,Medium,D08,Togonye ACC Office Satellite Depot,estimated: haversine distance * 1.35 road factor; replace with OSMnx shortest_path,"estimated from AFA cherry weight proxy; assumed 2,800 kg cherry per acre; fertilizer rates from Draft National Coffee Policy",https://www.afa.go.ke/download/5226/?tmstv=1750232445,https://kirinyaga.go.ke/waiguru-launches-fertilizer-mashinani-initiative-opens-satellite-farm-inputs-depots/,https://kilimo.go.ke/wp-content/uploads/2025/09/Draft-National-Coffee-Policy-2024.pdf,https://osmnx.readthedocs.io/en/stable/user-reference.html,"Estimated for hackathon modelling; validate coordinates, stock and demand with field/OSMnx data before operational use"
R0135,2026,Kirinyaga,Coffee,D02,Kianyaga DCC Office Satellite Depot,county_satellite,-0.437,37.366,Lime,5200,F17,Kamwangi Coffee Factory,New Ngariama FCS,-0.470819,37.484366,634450,226.6,5,1133,4351,200,6,13.69,18.48,31.7,3326.0,8,10,0.324,Medium,D08,Togonye ACC Office Satellite Depot,estimated: haversine distance * 1.35 road factor; replace with OSMnx shortest_path,"estimated from AFA cherry weight proxy; assumed 2,800 kg cherry per acre; fertilizer rates from Draft National Coffee Policy",https://www.afa.go.ke/download/5226/?tmstv=1750232445,https://kirinyaga.go.ke/waiguru-launches-fertilizer-mashinani-initiative-opens-satellite-farm-inputs-depots/,https://kilimo.go.ke/wp-content/uploads/2025/09/Draft-National-Coffee-Policy-2024.pdf,https://osmnx.readthedocs.io/en/stable/user-reference.html,"Estimated for hackathon modelling; validate coordinates, stock and demand with field/OSMnx data before operational use"
R0136,2026,Kirinyaga,Coffee,D02,Kianyaga DCC Office Satellite Depot,county_satellite,-0.437,37.366,NPK,6400,F18,Karumandi Coffee Factory,Baragwi FCS,-0.430607,37.38226,467691,167.0,5,835,3206,200,5,1.94,2.62,4.5,472.0,8,10,0.241,Medium,D02,Kianyaga DCC Office Satellite Depot,estimated: haversine distance * 1.35 road factor; replace with OSMnx shortest_path,"estimated from AFA cherry weight proxy; assumed 2,800 kg cherry per acre; fertilizer rates from Draft National Coffee Policy",https://www.afa.go.ke/download/5226/?tmstv=1750232445,https://kirinyaga.go.ke/waiguru-launches-fertilizer-mashinani-initiative-opens-satellite-farm-inputs-depots/,https://kilimo.go.ke/wp-content/uploads/2025/09/Draft-National-Coffee-Policy-2024.pdf,https://osmnx.readthedocs.io/en/stable/user-reference.html,"Estimated for hackathon modelling; validate coordinates, stock and demand with field/OSMnx data before operational use"
R0137,2026,Kirinyaga,Coffee,D02,Kianyaga DCC Office Satellite Depot,county_satellite,-0.437,37.366,CAN,5800,F18,Karumandi Coffee Factory,Baragwi FCS,-0.430607,37.38226,467691,167.0,6,1002,3206,200,6,1.94,2.62,4.5,472.0,8,10,0.286,Medium,D02,Kianyaga DCC Office Satellite Depot,estimated: haversine distance * 1.35 road factor; replace with OSMnx shortest_path,"estimated from AFA cherry weight proxy; assumed 2,800 kg cherry per acre; fertilizer rates from Draft National Coffee Policy",https://www.afa.go.ke/download/5226/?tmstv=1750232445,https://kirinyaga.go.ke/waiguru-launches-fertilizer-mashinani-initiative-opens-satellite-farm-inputs-depots/,https://kilimo.go.ke/wp-content/uploads/2025/09/Draft-National-Coffee-Policy-2024.pdf,https://osmnx.readthedocs.io/en/stable/user-reference.html,"Estimated for hackathon modelling; validate coordinates, stock and demand with field/OSMnx data before operational use"
R0138,2026,Kirinyaga,Coffee,D02,Kianyaga DCC Office Satellite Depot,county_satellite,-0.437,37.366,Lime,5200,F18,Karumandi Coffee Factory,Baragwi FCS,-0.430607,37.38226,467691,167.0,5,835,3206,200,5,1.94,2.62,4.5,472.0,8,10,0.241,Medium,D02,Kianyaga DCC Office Satellite Depot,estimated: haversine distance * 1.35 road factor; replace with OSMnx shortest_path,"estimated from AFA cherry weight proxy; assumed 2,800 kg cherry per acre; fertilizer rates from Draft National Coffee Policy",https://www.afa.go.ke/download/5226/?tmstv=1750232445,https://kirinyaga.go.ke/waiguru-launches-fertilizer-mashinani-initiative-opens-satellite-farm-inputs-depots/,https://kilimo.go.ke/wp-content/uploads/2025/09/Draft-National-Coffee-Policy-2024.pdf,https://osmnx.readthedocs.io/en/stable/user-reference.html,"Estimated for hackathon modelling; validate coordinates, stock and demand with field/OSMnx data before operational use"
R0139,2026,Kirinyaga,Coffee,D02,Kianyaga DCC Office Satellite Depot,county_satellite,-0.437,37.366,NPK,6400,F19,Kerugoya Coffee Factory,Inoi FCS,-0.497353,37.297593,933821,333.5,5,1668,6404,200,9,10.14,13.69,23.5,2465.0,8,10,0.465,High,D03,Kerugoya CC Office Satellite Depot,estimated: haversine distance * 1.35 road factor; replace with OSMnx shortest_path,"estimated from AFA cherry weight proxy; assumed 2,800 kg cherry per acre; fertilizer rates from Draft National Coffee Policy",https://www.afa.go.ke/download/5226/?tmstv=1750232445,https://kirinyaga.go.ke/waiguru-launches-fertilizer-mashinani-initiative-opens-satellite-farm-inputs-depots/,https://kilimo.go.ke/wp-content/uploads/2025/09/Draft-National-Coffee-Policy-2024.pdf,https://osmnx.readthedocs.io/en/stable/user-reference.html,"Estimated for hackathon modelling; validate coordinates, stock and demand with field/OSMnx data before operational use"
R0140,2026,Kirinyaga,Coffee,D02,Kianyaga DCC Office Satellite Depot,county_satellite,-0.437,37.366,CAN,5800,F19,Kerugoya Coffee Factory,Inoi FCS,-0.497353,37.297593,933821,333.5,6,2001,6404,200,11,10.14,13.69,23.5,2465.0,8,10,0.554,High,D03,Kerugoya CC Office Satellite Depot,estimated: haversine distance * 1.35 road factor; replace with OSMnx shortest_path,"estimated from AFA cherry weight proxy; assumed 2,800 kg cherry per acre; fertilizer rates from Draft National Coffee Policy",https://www.afa.go.ke/download/5226/?tmstv=1750232445,https://kirinyaga.go.ke/waiguru-launches-fertilizer-mashinani-initiative-opens-satellite-farm-inputs-depots/,https://kilimo.go.ke/wp-content/uploads/2025/09/Draft-National-Coffee-Policy-2024.pdf,https://osmnx.readthedocs.io/en/stable/user-reference.html,"Estimated for hackathon modelling; validate coordinates, stock and demand with field/OSMnx data before operational use"
R0141,2026,Kirinyaga,Coffee,D02,Kianyaga DCC Office Satellite Depot,county_satellite,-0.437,37.366,Lime,5200,F19,Kerugoya Coffee Factory,Inoi FCS,-0.497353,37.297593,933821,333.5,5,1668,6404,200,9,10.14,13.69,23.5,2465.0,8,10,0.465,High,D03,Kerugoya CC Office Satellite Depot,estimated: haversine distance * 1.35 road factor; replace with OSMnx shortest_path,"estimated from AFA cherry weight proxy; assumed 2,800 kg cherry per acre; fertilizer rates from Draft National Coffee Policy",https://www.afa.go.ke/download/5226/?tmstv=1750232445,https://kirinyaga.go.ke/waiguru-launches-fertilizer-mashinani-initiative-opens-satellite-farm-inputs-depots/,https://kilimo.go.ke/wp-content/uploads/2025/09/Draft-National-Coffee-Policy-2024.pdf,https://osmnx.readthedocs.io/en/stable/user-reference.html,"Estimated for hackathon modelling; validate coordinates, stock and demand with field/OSMnx data before operational use"
R0142,2026,Kirinyaga,Coffee,D02,Kianyaga DCC Office Satellite Depot,county_satellite,-0.437,37.366,NPK,6400,F20,Kaitheri Coffee Factory,Inoi FCS,-0.491191,37.297387,1205346,430.5,5,2152,8264,200,11,9.72,13.12,22.5,2362.0,8,10,0.596,High,D03,Kerugoya CC Office Satellite Depot,estimated: haversine distance * 1.35 road factor; replace with OSMnx shortest_path,"estimated from AFA cherry weight proxy; assumed 2,800 kg cherry per acre; fertilizer rates from Draft National Coffee Policy",https://www.afa.go.ke/download/5226/?tmstv=1750232445,https://kirinyaga.go.ke/waiguru-launches-fertilizer-mashinani-initiative-opens-satellite-farm-inputs-depots/,https://kilimo.go.ke/wp-content/uploads/2025/09/Draft-National-Coffee-Policy-2024.pdf,https://osmnx.readthedocs.io/en/stable/user-reference.html,"Estimated for hackathon modelling; validate coordinates, stock and demand with field/OSMnx data before operational use"
R0143,2026,Kirinyaga,Coffee,D02,Kianyaga DCC Office Satellite Depot,county_satellite,-0.437,37.366,CAN,5800,F20,Kaitheri Coffee Factory,Inoi FCS,-0.491191,37.297387,1205346,430.5,6,2583,8264,200,13,9.72,13.12,22.5,2362.0,8,10,0.712,High,D03,Kerugoya CC Office Satellite Depot,estimated: haversine distance * 1.35 road factor; replace with OSMnx shortest_path,"estimated from AFA cherry weight proxy; assumed 2,800 kg cherry per acre; fertilizer rates from Draft National Coffee Policy",https://www.afa.go.ke/download/5226/?tmstv=1750232445,https://kirinyaga.go.ke/waiguru-launches-fertilizer-mashinani-initiative-opens-satellite-farm-inputs-depots/,https://kilimo.go.ke/wp-content/uploads/2025/09/Draft-National-Coffee-Policy-2024.pdf,https://osmnx.readthedocs.io/en/stable/user-reference.html,"Estimated for hackathon modelling; validate coordinates, stock and demand with field/OSMnx data before operational use"
R0144,2026,Kirinyaga,Coffee,D02,Kianyaga DCC Office Satellite Depot,county_satellite,-0.437,37.366,Lime,5200,F20,Kaitheri Coffee Factory,Inoi FCS,-0.491191,37.297387,1205346,430.5,5,2152,8264,200,11,9.72,13.12,22.5,2362.0,8,10,0.596,High,D03,Kerugoya CC Office Satellite Depot,estimated: haversine distance * 1.35 road factor; replace with OSMnx shortest_path,"estimated from AFA cherry weight proxy; assumed 2,800 kg cherry per acre; fertilizer rates from Draft National Coffee Policy",https://www.afa.go.ke/download/5226/?tmstv=1750232445,https://kirinyaga.go.ke/waiguru-launches-fertilizer-mashinani-initiative-opens-satellite-farm-inputs-depots/,https://kilimo.go.ke/wp-content/uploads/2025/09/Draft-National-Coffee-Policy-2024.pdf,https://osmnx.readthedocs.io/en/stable/user-reference.html,"Estimated for hackathon modelling; validate coordinates, stock and demand with field/OSMnx data before operational use"
R0145,2026,Kirinyaga,Coffee,D02,Kianyaga DCC Office Satellite Depot,county_satellite,-0.437,37.366,NPK,6400,F21,Kiaragana Coffee Factory,Mwirua FCS,-0.405977,37.401729,1069927,382.1,5,1911,7338,200,10,5.26,7.1,12.2,1279.0,8,10,0.557,High,D02,Kianyaga DCC Office Satellite Depot,estimated: haversine distance * 1.35 road factor; replace with OSMnx shortest_path,"estimated from AFA cherry weight proxy; assumed 2,800 kg cherry per acre; fertilizer rates from Draft National Coffee Policy",https://www.afa.go.ke/download/5226/?tmstv=1750232445,https://kirinyaga.go.ke/waiguru-launches-fertilizer-mashinani-initiative-opens-satellite-farm-inputs-depots/,https://kilimo.go.ke/wp-content/uploads/2025/09/Draft-National-Coffee-Policy-2024.pdf,https://osmnx.readthedocs.io/en/stable/user-reference.html,"Estimated for hackathon modelling; validate coordinates, stock and demand with field/OSMnx data before operational use"
R0146,2026,Kirinyaga,Coffee,D02,Kianyaga DCC Office Satellite Depot,county_satellite,-0.437,37.366,CAN,5800,F21,Kiaragana Coffee Factory,Mwirua FCS,-0.405977,37.401729,1069927,382.1,6,2293,7338,200,12,5.26,7.1,12.2,1279.0,8,10,0.66,High,D02,Kianyaga DCC Office Satellite Depot,estimated: haversine distance * 1.35 road factor; replace with OSMnx shortest_path,"estimated from AFA cherry weight proxy; assumed 2,800 kg cherry per acre; fertilizer rates from Draft National Coffee Policy",https://www.afa.go.ke/download/5226/?tmstv=1750232445,https://kirinyaga.go.ke/waiguru-launches-fertilizer-mashinani-initiative-opens-satellite-farm-inputs-depots/,https://kilimo.go.ke/wp-content/uploads/2025/09/Draft-National-Coffee-Policy-2024.pdf,https://osmnx.readthedocs.io/en/stable/user-reference.html,"Estimated for hackathon modelling; validate coordinates, stock and demand with field/OSMnx data before operational use"
R0147,2026,Kirinyaga,Coffee,D02,Kianyaga DCC Office Satellite Depot,county_satellite,-0.437,37.366,Lime,5200,F21,Kiaragana Coffee Factory,Mwirua FCS,-0.405977,37.401729,1069927,382.1,5,1911,7338,200,10,5.26,7.1,12.2,1279.0,8,10,0.557,High,D02,Kianyaga DCC Office Satellite Depot,estimated: haversine distance * 1.35 road factor; replace with OSMnx shortest_path,"estimated from AFA cherry weight proxy; assumed 2,800 kg cherry per acre; fertilizer rates from Draft National Coffee Policy",https://www.afa.go.ke/download/5226/?tmstv=1750232445,https://kirinyaga.go.ke/waiguru-launches-fertilizer-mashinani-initiative-opens-satellite-farm-inputs-depots/,https://kilimo.go.ke/wp-content/uploads/2025/09/Draft-National-Coffee-Policy-2024.pdf,https://osmnx.readthedocs.io/en/stable/user-reference.html,"Estimated for hackathon modelling; validate coordinates, stock and demand with field/OSMnx data before operational use"
R0148,2026,Kirinyaga,Coffee,D02,Kianyaga DCC Office Satellite Depot,county_satellite,-0.437,37.366,NPK,6400,F22,Kegwa Coffee Factory,Ngiriambu FCS,-0.452361,37.442947,187844,67.1,5,335,1288,200,2,8.72,11.78,20.2,2120.0,8,10,0.148,Low,D07,Ciagini ACC Office Satellite Depot,estimated: haversine distance * 1.35 road factor; replace with OSMnx shortest_path,"estimated from AFA cherry weight proxy; assumed 2,800 kg cherry per acre; fertilizer rates from Draft National Coffee Policy",https://www.afa.go.ke/download/5226/?tmstv=1750232445,https://kirinyaga.go.ke/waiguru-launches-fertilizer-mashinani-initiative-opens-satellite-farm-inputs-depots/,https://kilimo.go.ke/wp-content/uploads/2025/09/Draft-National-Coffee-Policy-2024.pdf,https://osmnx.readthedocs.io/en/stable/user-reference.html,"Estimated for hackathon modelling; validate coordinates, stock and demand with field/OSMnx data before operational use"
R0149,2026,Kirinyaga,Coffee,D02,Kianyaga DCC Office Satellite Depot,county_satellite,-0.437,37.366,CAN,5800,F22,Kegwa Coffee Factory,Ngiriambu FCS,-0.452361,37.442947,187844,67.1,6,403,1288,200,3,8.72,11.78,20.2,2120.0,8,10,0.166,Low,D07,Ciagini ACC Office Satellite Depot,estimated: haversine distance * 1.35 road factor; replace with OSMnx shortest_path,"estimated from AFA cherry weight proxy; assumed 2,800 kg cherry per acre; fertilizer rates from Draft National Coffee Policy",https://www.afa.go.ke/download/5226/?tmstv=1750232445,https://kirinyaga.go.ke/waiguru-launches-fertilizer-mashinani-initiative-opens-satellite-farm-inputs-depots/,https://kilimo.go.ke/wp-content/uploads/2025/09/Draft-National-Coffee-Policy-2024.pdf,https://osmnx.readthedocs.io/en/stable/user-reference.html,"Estimated for hackathon modelling; validate coordinates, stock and demand with field/OSMnx data before operational use"
R0150,2026,Kirinyaga,Coffee,D02,Kianyaga DCC Office Satellite Depot,county_satellite,-0.437,37.366,Lime,5200,F22,Kegwa Coffee Factory,Ngiriambu FCS,-0.452361,37.442947,187844,67.1,5,335,1288,200,2,8.72,11.78,20.2,2120.0,8,10,0.148,Low,D07,Ciagini ACC Office Satellite Depot,estimated: haversine distance * 1.35 road factor; replace with OSMnx shortest_path,"estimated from AFA cherry weight proxy; assumed 2,800 kg cherry per acre; fertilizer rates from Draft National Coffee Policy",https://www.afa.go.ke/download/5226/?tmstv=1750232445,https://kirinyaga.go.ke/waiguru-launches-fertilizer-mashinani-initiative-opens-satellite-farm-inputs-depots/,https://kilimo.go.ke/wp-content/uploads/2025/09/Draft-National-Coffee-Policy-2024.pdf,https://osmnx.readthedocs.io/en/stable/user-reference.html,"Estimated for hackathon modelling; validate coordinates, stock and demand with field/OSMnx data before operational use"
R0151,2026,Kirinyaga,Coffee,D02,Kianyaga DCC Office Satellite Depot,county_satellite,-0.437,37.366,NPK,6400,F23,Karani Coffee Factory,Kabare FCS,-0.537101,37.347664,864121,308.6,5,1543,5926,200,8,11.32,15.28,26.2,2750.0,8,10,0.446,High,D05,Baricho DCC Office Satellite Depot,estimated: haversine distance * 1.35 road factor; replace with OSMnx shortest_path,"estimated from AFA cherry weight proxy; assumed 2,800 kg cherry per acre; fertilizer rates from Draft National Coffee Policy",https://www.afa.go.ke/download/5226/?tmstv=1750232445,https://kirinyaga.go.ke/waiguru-launches-fertilizer-mashinani-initiative-opens-satellite-farm-inputs-depots/,https://kilimo.go.ke/wp-content/uploads/2025/09/Draft-National-Coffee-Policy-2024.pdf,https://osmnx.readthedocs.io/en/stable/user-reference.html,"Estimated for hackathon modelling; validate coordinates, stock and demand with field/OSMnx data before operational use"
R0152,2026,Kirinyaga,Coffee,D02,Kianyaga DCC Office Satellite Depot,county_satellite,-0.437,37.366,CAN,5800,F23,Karani Coffee Factory,Kabare FCS,-0.537101,37.347664,864121,308.6,6,1852,5926,200,10,11.32,15.28,26.2,2750.0,8,10,0.529,High,D05,Baricho DCC Office Satellite Depot,estimated: haversine distance * 1.35 road factor; replace with OSMnx shortest_path,"estimated from AFA cherry weight proxy; assumed 2,800 kg cherry per acre; fertilizer rates from Draft National Coffee Policy",https://www.afa.go.ke/download/5226/?tmstv=1750232445,https://kirinyaga.go.ke/waiguru-launches-fertilizer-mashinani-initiative-opens-satellite-farm-inputs-depots/,https://kilimo.go.ke/wp-content/uploads/2025/09/Draft-National-Coffee-Policy-2024.pdf,https://osmnx.readthedocs.io/en/stable/user-reference.html,"Estimated for hackathon modelling; validate coordinates, stock and demand with field/OSMnx data before operational use"
R0153,2026,Kirinyaga,Coffee,D02,Kianyaga DCC Office Satellite Depot,county_satellite,-0.437,37.366,Lime,5200,F23,Karani Coffee Factory,Kabare FCS,-0.537101,37.347664,864121,308.6,5,1543,5926,200,8,11.32,15.28,26.2,2750.0,8,10,0.446,High,D05,Baricho DCC Office Satellite Depot,estimated: haversine distance * 1.35 road factor; replace with OSMnx shortest_path,"estimated from AFA cherry weight proxy; assumed 2,800 kg cherry per acre; fertilizer rates from Draft National Coffee Policy",https://www.afa.go.ke/download/5226/?tmstv=1750232445,https://kirinyaga.go.ke/waiguru-launches-fertilizer-mashinani-initiative-opens-satellite-farm-inputs-depots/,https://kilimo.go.ke/wp-content/uploads/2025/09/Draft-National-Coffee-Policy-2024.pdf,https://osmnx.readthedocs.io/en/stable/user-reference.html,"Estimated for hackathon modelling; validate coordinates, stock and demand with field/OSMnx data before operational use"
R0154,2026,Kirinyaga,Coffee,D02,Kianyaga DCC Office Satellite Depot,county_satellite,-0.437,37.366,NPK,6400,F24,Kariru Coffee Factory,Baragwi FCS,-0.425995,37.38789,49525,17.7,5,88,338,200,1,2.72,3.68,6.3,662.0,8,10,0.046,Low,D02,Kianyaga DCC Office Satellite Depot,estimated: haversine distance * 1.35 road factor; replace with OSMnx shortest_path,"estimated from AFA cherry weight proxy; assumed 2,800 kg cherry per acre; fertilizer rates from Draft National Coffee Policy",https://www.afa.go.ke/download/5226/?tmstv=1750232445,https://kirinyaga.go.ke/waiguru-launches-fertilizer-mashinani-initiative-opens-satellite-farm-inputs-depots/,https://kilimo.go.ke/wp-content/uploads/2025/09/Draft-National-Coffee-Policy-2024.pdf,https://osmnx.readthedocs.io/en/stable/user-reference.html,"Estimated for hackathon modelling; validate coordinates, stock and demand with field/OSMnx data before operational use"
R0155,2026,Kirinyaga,Coffee,D02,Kianyaga DCC Office Satellite Depot,county_satellite,-0.437,37.366,CAN,5800,F24,Kariru Coffee Factory,Baragwi FCS,-0.425995,37.38789,49525,17.7,6,106,338,200,1,2.72,3.68,6.3,662.0,8,10,0.051,Low,D02,Kianyaga DCC Office Satellite Depot,estimated: haversine distance * 1.35 road factor; replace with OSMnx shortest_path,"estimated from AFA cherry weight proxy; assumed 2,800 kg cherry per acre; fertilizer rates from Draft National Coffee Policy",https://www.afa.go.ke/download/5226/?tmstv=1750232445,https://kirinyaga.go.ke/waiguru-launches-fertilizer-mashinani-initiative-opens-satellite-farm-inputs-depots/,https://kilimo.go.ke/wp-content/uploads/2025/09/Draft-National-Coffee-Policy-2024.pdf,https://osmnx.readthedocs.io/en/stable/user-reference.html,"Estimated for hackathon modelling; validate coordinates, stock and demand with field/OSMnx data before operational use"
R0156,2026,Kirinyaga,Coffee,D02,Kianyaga DCC Office Satellite Depot,county_satellite,-0.437,37.366,Lime,5200,F24,Kariru Coffee Factory,Baragwi FCS,-0.425995,37.38789,49525,17.7,5,88,338,200,1,2.72,3.68,6.3,662.0,8,10,0.046,Low,D02,Kianyaga DCC Office Satellite Depot,estimated: haversine distance * 1.35 road factor; replace with OSMnx shortest_path,"estimated from AFA cherry weight proxy; assumed 2,800 kg cherry per acre; fertilizer rates from Draft National Coffee Policy",https://www.afa.go.ke/download/5226/?tmstv=1750232445,https://kirinyaga.go.ke/waiguru-launches-fertilizer-mashinani-initiative-opens-satellite-farm-inputs-depots/,https://kilimo.go.ke/wp-content/uploads/2025/09/Draft-National-Coffee-Policy-2024.pdf,https://osmnx.readthedocs.io/en/stable/user-reference.html,"Estimated for hackathon modelling; validate coordinates, stock and demand with field/OSMnx data before operational use"
R0157,2026,Kirinyaga,Coffee,D02,Kianyaga DCC Office Satellite Depot,county_satellite,-0.437,37.366,NPK,6400,F25,Thimu Coffee Factory,Baragwi FCS,-0.417322,37.388324,49227,17.6,5,88,337,200,1,3.31,4.47,7.7,804.0,8,10,0.05,Low,D02,Kianyaga DCC Office Satellite Depot,estimated: haversine distance * 1.35 road factor; replace with OSMnx shortest_path,"estimated from AFA cherry weight proxy; assumed 2,800 kg cherry per acre; fertilizer rates from Draft National Coffee Policy",https://www.afa.go.ke/download/5226/?tmstv=1750232445,https://kirinyaga.go.ke/waiguru-launches-fertilizer-mashinani-initiative-opens-satellite-farm-inputs-depots/,https://kilimo.go.ke/wp-content/uploads/2025/09/Draft-National-Coffee-Policy-2024.pdf,https://osmnx.readthedocs.io/en/stable/user-reference.html,"Estimated for hackathon modelling; validate coordinates, stock and demand with field/OSMnx data before operational use"
R0158,2026,Kirinyaga,Coffee,D02,Kianyaga DCC Office Satellite Depot,county_satellite,-0.437,37.366,CAN,5800,F25,Thimu Coffee Factory,Baragwi FCS,-0.417322,37.388324,49227,17.6,6,105,337,200,1,3.31,4.47,7.7,804.0,8,10,0.055,Low,D02,Kianyaga DCC Office Satellite Depot,estimated: haversine distance * 1.35 road factor; replace with OSMnx shortest_path,"estimated from AFA cherry weight proxy; assumed 2,800 kg cherry per acre; fertilizer rates from Draft National Coffee Policy",https://www.afa.go.ke/download/5226/?tmstv=1750232445,https://kirinyaga.go.ke/waiguru-launches-fertilizer-mashinani-initiative-opens-satellite-farm-inputs-depots/,https://kilimo.go.ke/wp-content/uploads/2025/09/Draft-National-Coffee-Policy-2024.pdf,https://osmnx.readthedocs.io/en/stable/user-reference.html,"Estimated for hackathon modelling; validate coordinates, stock and demand with field/OSMnx data before operational use"
R0159,2026,Kirinyaga,Coffee,D02,Kianyaga DCC Office Satellite Depot,county_satellite,-0.437,37.366,Lime,5200,F25,Thimu Coffee Factory,Baragwi FCS,-0.417322,37.388324,49227,17.6,5,88,337,200,1,3.31,4.47,7.7,804.0,8,10,0.05,Low,D02,Kianyaga DCC Office Satellite Depot,estimated: haversine distance * 1.35 road factor; replace with OSMnx shortest_path,"estimated from AFA cherry weight proxy; assumed 2,800 kg cherry per acre; fertilizer rates from Draft National Coffee Policy",https://www.afa.go.ke/download/5226/?tmstv=1750232445,https://kirinyaga.go.ke/waiguru-launches-fertilizer-mashinani-initiative-opens-satellite-farm-inputs-depots/,https://kilimo.go.ke/wp-content/uploads/2025/09/Draft-National-Coffee-Policy-2024.pdf,https://osmnx.readthedocs.io/en/stable/user-reference.html,"Estimated for hackathon modelling; validate coordinates, stock and demand with field/OSMnx data before operational use"
R0160,2026,Kirinyaga,Coffee,D02,Kianyaga DCC Office Satellite Depot,county_satellite,-0.437,37.366,NPK,6400,F26,Gathambi Coffee Factory,Mwirua FCS,-0.407649,37.374548,66705,23.8,5,119,457,200,1,3.4,4.59,7.9,826.0,8,10,0.06,Low,D02,Kianyaga DCC Office Satellite Depot,estimated: haversine distance * 1.35 road factor; replace with OSMnx shortest_path,"estimated from AFA cherry weight proxy; assumed 2,800 kg cherry per acre; fertilizer rates from Draft National Coffee Policy",https://www.afa.go.ke/download/5226/?tmstv=1750232445,https://kirinyaga.go.ke/waiguru-launches-fertilizer-mashinani-initiative-opens-satellite-farm-inputs-depots/,https://kilimo.go.ke/wp-content/uploads/2025/09/Draft-National-Coffee-Policy-2024.pdf,https://osmnx.readthedocs.io/en/stable/user-reference.html,"Estimated for hackathon modelling; validate coordinates, stock and demand with field/OSMnx data before operational use"
R0161,2026,Kirinyaga,Coffee,D02,Kianyaga DCC Office Satellite Depot,county_satellite,-0.437,37.366,CAN,5800,F26,Gathambi Coffee Factory,Mwirua FCS,-0.407649,37.374548,66705,23.8,6,143,457,200,1,3.4,4.59,7.9,826.0,8,10,0.066,Low,D02,Kianyaga DCC Office Satellite Depot,estimated: haversine distance * 1.35 road factor; replace with OSMnx shortest_path,"estimated from AFA cherry weight proxy; assumed 2,800 kg cherry per acre; fertilizer rates from Draft National Coffee Policy",https://www.afa.go.ke/download/5226/?tmstv=1750232445,https://kirinyaga.go.ke/waiguru-launches-fertilizer-mashinani-initiative-opens-satellite-farm-inputs-depots/,https://kilimo.go.ke/wp-content/uploads/2025/09/Draft-National-Coffee-Policy-2024.pdf,https://osmnx.readthedocs.io/en/stable/user-reference.html,"Estimated for hackathon modelling; validate coordinates, stock and demand with field/OSMnx data before operational use"
R0162,2026,Kirinyaga,Coffee,D02,Kianyaga DCC Office Satellite Depot,county_satellite,-0.437,37.366,Lime,5200,F26,Gathambi Coffee Factory,Mwirua FCS,-0.407649,37.374548,66705,23.8,5,119,457,200,1,3.4,4.59,7.9,826.0,8,10,0.06,Low,D02,Kianyaga DCC Office Satellite Depot,estimated: haversine distance * 1.35 road factor; replace with OSMnx shortest_path,"estimated from AFA cherry weight proxy; assumed 2,800 kg cherry per acre; fertilizer rates from Draft National Coffee Policy",https://www.afa.go.ke/download/5226/?tmstv=1750232445,https://kirinyaga.go.ke/waiguru-launches-fertilizer-mashinani-initiative-opens-satellite-farm-inputs-depots/,https://kilimo.go.ke/wp-content/uploads/2025/09/Draft-National-Coffee-Policy-2024.pdf,https://osmnx.readthedocs.io/en/stable/user-reference.html,"Estimated for hackathon modelling; validate coordinates, stock and demand with field/OSMnx data before operational use"
R0163,2026,Kirinyaga,Coffee,D02,Kianyaga DCC Office Satellite Depot,county_satellite,-0.437,37.366,NPK,6400,F27,Kagongo Coffee Factory,Baragwi FCS,-0.437165,37.363183,269086,96.1,5,481,1847,200,3,0.31,0.42,0.7,76.0,8,10,0.132,Low,D02,Kianyaga DCC Office Satellite Depot,estimated: haversine distance * 1.35 road factor; replace with OSMnx shortest_path,"estimated from AFA cherry weight proxy; assumed 2,800 kg cherry per acre; fertilizer rates from Draft National Coffee Policy",https://www.afa.go.ke/download/5226/?tmstv=1750232445,https://kirinyaga.go.ke/waiguru-launches-fertilizer-mashinani-initiative-opens-satellite-farm-inputs-depots/,https://kilimo.go.ke/wp-content/uploads/2025/09/Draft-National-Coffee-Policy-2024.pdf,https://osmnx.readthedocs.io/en/stable/user-reference.html,"Estimated for hackathon modelling; validate coordinates, stock and demand with field/OSMnx data before operational use"
R0164,2026,Kirinyaga,Coffee,D02,Kianyaga DCC Office Satellite Depot,county_satellite,-0.437,37.366,CAN,5800,F27,Kagongo Coffee Factory,Baragwi FCS,-0.437165,37.363183,269086,96.1,6,577,1847,200,3,0.31,0.42,0.7,76.0,8,10,0.158,Low,D02,Kianyaga DCC Office Satellite Depot,estimated: haversine distance * 1.35 road factor; replace with OSMnx shortest_path,"estimated from AFA cherry weight proxy; assumed 2,800 kg cherry per acre; fertilizer rates from Draft National Coffee Policy",https://www.afa.go.ke/download/5226/?tmstv=1750232445,https://kirinyaga.go.ke/waiguru-launches-fertilizer-mashinani-initiative-opens-satellite-farm-inputs-depots/,https://kilimo.go.ke/wp-content/uploads/2025/09/Draft-National-Coffee-Policy-2024.pdf,https://osmnx.readthedocs.io/en/stable/user-reference.html,"Estimated for hackathon modelling; validate coordinates, stock and demand with field/OSMnx data before operational use"
R0165,2026,Kirinyaga,Coffee,D02,Kianyaga DCC Office Satellite Depot,county_satellite,-0.437,37.366,Lime,5200,F27,Kagongo Coffee Factory,Baragwi FCS,-0.437165,37.363183,269086,96.1,5,481,1847,200,3,0.31,0.42,0.7,76.0,8,10,0.132,Low,D02,Kianyaga DCC Office Satellite Depot,estimated: haversine distance * 1.35 road factor; replace with OSMnx shortest_path,"estimated from AFA cherry weight proxy; assumed 2,800 kg cherry per acre; fertilizer rates from Draft National Coffee Policy",https://www.afa.go.ke/download/5226/?tmstv=1750232445,https://kirinyaga.go.ke/waiguru-launches-fertilizer-mashinani-initiative-opens-satellite-farm-inputs-depots/,https://kilimo.go.ke/wp-content/uploads/2025/09/Draft-National-Coffee-Policy-2024.pdf,https://osmnx.readthedocs.io/en/stable/user-reference.html,"Estimated for hackathon modelling; validate coordinates, stock and demand with field/OSMnx data before operational use"
R0166,2026,Kirinyaga,Coffee,D02,Kianyaga DCC Office Satellite Depot,county_satellite,-0.437,37.366,NPK,6400,F28,Thaita Coffee Factory,Inoi FCS,-0.50426,37.276546,981403,350.5,5,1753,6731,200,9,12.44,16.8,28.8,3024.0,8,10,0.478,High,D03,Kerugoya CC Office Satellite Depot,estimated: haversine distance * 1.35 road factor; replace with OSMnx shortest_path,"estimated from AFA cherry weight proxy; assumed 2,800 kg cherry per acre; fertilizer rates from Draft National Coffee Policy",https://www.afa.go.ke/download/5226/?tmstv=1750232445,https://kirinyaga.go.ke/waiguru-launches-fertilizer-mashinani-initiative-opens-satellite-farm-inputs-depots/,https://kilimo.go.ke/wp-content/uploads/2025/09/Draft-National-Coffee-Policy-2024.pdf,https://osmnx.readthedocs.io/en/stable/user-reference.html,"Estimated for hackathon modelling; validate coordinates, stock and demand with field/OSMnx data before operational use"
R0167,2026,Kirinyaga,Coffee,D02,Kianyaga DCC Office Satellite Depot,county_satellite,-0.437,37.366,CAN,5800,F28,Thaita Coffee Factory,Inoi FCS,-0.50426,37.276546,981403,350.5,6,2103,6731,200,11,12.44,16.8,28.8,3024.0,8,10,0.572,High,D03,Kerugoya CC Office Satellite Depot,estimated: haversine distance * 1.35 road factor; replace with OSMnx shortest_path,"estimated from AFA cherry weight proxy; assumed 2,800 kg cherry per acre; fertilizer rates from Draft National Coffee Policy",https://www.afa.go.ke/download/5226/?tmstv=1750232445,https://kirinyaga.go.ke/waiguru-launches-fertilizer-mashinani-initiative-opens-satellite-farm-inputs-depots/,https://kilimo.go.ke/wp-content/uploads/2025/09/Draft-National-Coffee-Policy-2024.pdf,https://osmnx.readthedocs.io/en/stable/user-reference.html,"Estimated for hackathon modelling; validate coordinates, stock and demand with field/OSMnx data before operational use"
R0168,2026,Kirinyaga,Coffee,D02,Kianyaga DCC Office Satellite Depot,county_satellite,-0.437,37.366,Lime,5200,F28,Thaita Coffee Factory,Inoi FCS,-0.50426,37.276546,981403,350.5,5,1753,6731,200,9,12.44,16.8,28.8,3024.0,8,10,0.478,High,D03,Kerugoya CC Office Satellite Depot,estimated: haversine distance * 1.35 road factor; replace with OSMnx shortest_path,"estimated from AFA cherry weight proxy; assumed 2,800 kg cherry per acre; fertilizer rates from Draft National Coffee Policy",https://www.afa.go.ke/download/5226/?tmstv=1750232445,https://kirinyaga.go.ke/waiguru-launches-fertilizer-mashinani-initiative-opens-satellite-farm-inputs-depots/,https://kilimo.go.ke/wp-content/uploads/2025/09/Draft-National-Coffee-Policy-2024.pdf,https://osmnx.readthedocs.io/en/stable/user-reference.html,"Estimated for hackathon modelling; validate coordinates, stock and demand with field/OSMnx data before operational use"
R0169,2026,Kirinyaga,Coffee,D03,Kerugoya CC Office Satellite Depot,county_satellite,-0.4989,37.2803,NPK,7200,F01,Kiangoi Coffee Factory,Rung'eto FCS,-0.501303,37.373625,69519,24.8,5,124,476,200,1,10.38,14.01,24.0,2522.0,8,10,0.092,Low,D02,Kianyaga DCC Office Satellite Depot,estimated: haversine distance * 1.35 road factor; replace with OSMnx shortest_path,"estimated from AFA cherry weight proxy; assumed 2,800 kg cherry per acre; fertilizer rates from Draft National Coffee Policy",https://www.afa.go.ke/download/5226/?tmstv=1750232445,https://kirinyaga.go.ke/waiguru-launches-fertilizer-mashinani-initiative-opens-satellite-farm-inputs-depots/,https://kilimo.go.ke/wp-content/uploads/2025/09/Draft-National-Coffee-Policy-2024.pdf,https://osmnx.readthedocs.io/en/stable/user-reference.html,"Estimated for hackathon modelling; validate coordinates, stock and demand with field/OSMnx data before operational use"
R0170,2026,Kirinyaga,Coffee,D03,Kerugoya CC Office Satellite Depot,county_satellite,-0.4989,37.2803,CAN,6600,F01,Kiangoi Coffee Factory,Rung'eto FCS,-0.501303,37.373625,69519,24.8,6,149,476,200,1,10.38,14.01,24.0,2522.0,8,10,0.098,Low,D02,Kianyaga DCC Office Satellite Depot,estimated: haversine distance * 1.35 road factor; replace with OSMnx shortest_path,"estimated from AFA cherry weight proxy; assumed 2,800 kg cherry per acre; fertilizer rates from Draft National Coffee Policy",https://www.afa.go.ke/download/5226/?tmstv=1750232445,https://kirinyaga.go.ke/waiguru-launches-fertilizer-mashinani-initiative-opens-satellite-farm-inputs-depots/,https://kilimo.go.ke/wp-content/uploads/2025/09/Draft-National-Coffee-Policy-2024.pdf,https://osmnx.readthedocs.io/en/stable/user-reference.html,"Estimated for hackathon modelling; validate coordinates, stock and demand with field/OSMnx data before operational use"
R0171,2026,Kirinyaga,Coffee,D03,Kerugoya CC Office Satellite Depot,county_satellite,-0.4989,37.2803,Lime,5900,F01,Kiangoi Coffee Factory,Rung'eto FCS,-0.501303,37.373625,69519,24.8,5,124,476,200,1,10.38,14.01,24.0,2522.0,8,10,0.092,Low,D02,Kianyaga DCC Office Satellite Depot,estimated: haversine distance * 1.35 road factor; replace with OSMnx shortest_path,"estimated from AFA cherry weight proxy; assumed 2,800 kg cherry per acre; fertilizer rates from Draft National Coffee Policy",https://www.afa.go.ke/download/5226/?tmstv=1750232445,https://kirinyaga.go.ke/waiguru-launches-fertilizer-mashinani-initiative-opens-satellite-farm-inputs-depots/,https://kilimo.go.ke/wp-content/uploads/2025/09/Draft-National-Coffee-Policy-2024.pdf,https://osmnx.readthedocs.io/en/stable/user-reference.html,"Estimated for hackathon modelling; validate coordinates, stock and demand with field/OSMnx data before operational use"
R0172,2026,Kirinyaga,Coffee,D03,Kerugoya CC Office Satellite Depot,county_satellite,-0.4989,37.2803,NPK,7200,F02,Kainamui Coffee Factory,New Ngariama FCS,-0.472125,37.459616,386496,138.0,5,690,2650,200,4,20.16,27.22,46.7,4899.0,8,10,0.225,Medium,D07,Ciagini ACC Office Satellite Depot,estimated: haversine distance * 1.35 road factor; replace with OSMnx shortest_path,"estimated from AFA cherry weight proxy; assumed 2,800 kg cherry per acre; fertilizer rates from Draft National Coffee Policy",https://www.afa.go.ke/download/5226/?tmstv=1750232445,https://kirinyaga.go.ke/waiguru-launches-fertilizer-mashinani-initiative-opens-satellite-farm-inputs-depots/,https://kilimo.go.ke/wp-content/uploads/2025/09/Draft-National-Coffee-Policy-2024.pdf,https://osmnx.readthedocs.io/en/stable/user-reference.html,"Estimated for hackathon modelling; validate coordinates, stock and demand with field/OSMnx data before operational use"
R0173,2026,Kirinyaga,Coffee,D03,Kerugoya CC Office Satellite Depot,county_satellite,-0.4989,37.2803,CAN,6600,F02,Kainamui Coffee Factory,New Ngariama FCS,-0.472125,37.459616,386496,138.0,6,828,2650,200,5,20.16,27.22,46.7,4899.0,8,10,0.262,Medium,D07,Ciagini ACC Office Satellite Depot,estimated: haversine distance * 1.35 road factor; replace with OSMnx shortest_path,"estimated from AFA cherry weight proxy; assumed 2,800 kg cherry per acre; fertilizer rates from Draft National Coffee Policy",https://www.afa.go.ke/download/5226/?tmstv=1750232445,https://kirinyaga.go.ke/waiguru-launches-fertilizer-mashinani-initiative-opens-satellite-farm-inputs-depots/,https://kilimo.go.ke/wp-content/uploads/2025/09/Draft-National-Coffee-Policy-2024.pdf,https://osmnx.readthedocs.io/en/stable/user-reference.html,"Estimated for hackathon modelling; validate coordinates, stock and demand with field/OSMnx data before operational use"
R0174,2026,Kirinyaga,Coffee,D03,Kerugoya CC Office Satellite Depot,county_satellite,-0.4989,37.2803,Lime,5900,F02,Kainamui Coffee Factory,New Ngariama FCS,-0.472125,37.459616,386496,138.0,5,690,2650,200,4,20.16,27.22,46.7,4899.0,8,10,0.225,Medium,D07,Ciagini ACC Office Satellite Depot,estimated: haversine distance * 1.35 road factor; replace with OSMnx shortest_path,"estimated from AFA cherry weight proxy; assumed 2,800 kg cherry per acre; fertilizer rates from Draft National Coffee Policy",https://www.afa.go.ke/download/5226/?tmstv=1750232445,https://kirinyaga.go.ke/waiguru-launches-fertilizer-mashinani-initiative-opens-satellite-farm-inputs-depots/,https://kilimo.go.ke/wp-content/uploads/2025/09/Draft-National-Coffee-Policy-2024.pdf,https://osmnx.readthedocs.io/en/stable/user-reference.html,"Estimated for hackathon modelling; validate coordinates, stock and demand with field/OSMnx data before operational use"
R0175,2026,Kirinyaga,Coffee,D03,Kerugoya CC Office Satellite Depot,county_satellite,-0.4989,37.2803,NPK,7200,F03,Kaguyu Coffee Factory,Inoi FCS,-0.503818,37.276883,213771,76.3,5,382,1466,200,2,0.67,0.9,1.5,162.0,8,10,0.108,Low,D03,Kerugoya CC Office Satellite Depot,estimated: haversine distance * 1.35 road factor; replace with OSMnx shortest_path,"estimated from AFA cherry weight proxy; assumed 2,800 kg cherry per acre; fertilizer rates from Draft National Coffee Policy",https://www.afa.go.ke/download/5226/?tmstv=1750232445,https://kirinyaga.go.ke/waiguru-launches-fertilizer-mashinani-initiative-opens-satellite-farm-inputs-depots/,https://kilimo.go.ke/wp-content/uploads/2025/09/Draft-National-Coffee-Policy-2024.pdf,https://osmnx.readthedocs.io/en/stable/user-reference.html,"Estimated for hackathon modelling; validate coordinates, stock and demand with field/OSMnx data before operational use"
R0176,2026,Kirinyaga,Coffee,D03,Kerugoya CC Office Satellite Depot,county_satellite,-0.4989,37.2803,CAN,6600,F03,Kaguyu Coffee Factory,Inoi FCS,-0.503818,37.276883,213771,76.3,6,458,1466,200,3,0.67,0.9,1.5,162.0,8,10,0.129,Low,D03,Kerugoya CC Office Satellite Depot,estimated: haversine distance * 1.35 road factor; replace with OSMnx shortest_path,"estimated from AFA cherry weight proxy; assumed 2,800 kg cherry per acre; fertilizer rates from Draft National Coffee Policy",https://www.afa.go.ke/download/5226/?tmstv=1750232445,https://kirinyaga.go.ke/waiguru-launches-fertilizer-mashinani-initiative-opens-satellite-farm-inputs-depots/,https://kilimo.go.ke/wp-content/uploads/2025/09/Draft-National-Coffee-Policy-2024.pdf,https://osmnx.readthedocs.io/en/stable/user-reference.html,"Estimated for hackathon modelling; validate coordinates, stock and demand with field/OSMnx data before operational use"
R0177,2026,Kirinyaga,Coffee,D03,Kerugoya CC Office Satellite Depot,county_satellite,-0.4989,37.2803,Lime,5900,F03,Kaguyu Coffee Factory,Inoi FCS,-0.503818,37.276883,213771,76.3,5,382,1466,200,2,0.67,0.9,1.5,162.0,8,10,0.108,Low,D03,Kerugoya CC Office Satellite Depot,estimated: haversine distance * 1.35 road factor; replace with OSMnx shortest_path,"estimated from AFA cherry weight proxy; assumed 2,800 kg cherry per acre; fertilizer rates from Draft National Coffee Policy",https://www.afa.go.ke/download/5226/?tmstv=1750232445,https://kirinyaga.go.ke/waiguru-launches-fertilizer-mashinani-initiative-opens-satellite-farm-inputs-depots/,https://kilimo.go.ke/wp-content/uploads/2025/09/Draft-National-Coffee-Policy-2024.pdf,https://osmnx.readthedocs.io/en/stable/user-reference.html,"Estimated for hackathon modelling; validate coordinates, stock and demand with field/OSMnx data before operational use"
R0178,2026,Kirinyaga,Coffee,D03,Kerugoya CC Office Satellite Depot,county_satellite,-0.4989,37.2803,NPK,7200,F04,Kariko Coffee Factory,Inoi FCS,-0.497039,37.273935,800249,285.8,5,1429,5488,200,8,0.74,1.0,1.7,179.0,8,10,0.391,Medium,D03,Kerugoya CC Office Satellite Depot,estimated: haversine distance * 1.35 road factor; replace with OSMnx shortest_path,"estimated from AFA cherry weight proxy; assumed 2,800 kg cherry per acre; fertilizer rates from Draft National Coffee Policy",https://www.afa.go.ke/download/5226/?tmstv=1750232445,https://kirinyaga.go.ke/waiguru-launches-fertilizer-mashinani-initiative-opens-satellite-farm-inputs-depots/,https://kilimo.go.ke/wp-content/uploads/2025/09/Draft-National-Coffee-Policy-2024.pdf,https://osmnx.readthedocs.io/en/stable/user-reference.html,"Estimated for hackathon modelling; validate coordinates, stock and demand with field/OSMnx data before operational use"
R0179,2026,Kirinyaga,Coffee,D03,Kerugoya CC Office Satellite Depot,county_satellite,-0.4989,37.2803,CAN,6600,F04,Kariko Coffee Factory,Inoi FCS,-0.497039,37.273935,800249,285.8,6,1715,5488,200,9,0.74,1.0,1.7,179.0,8,10,0.468,High,D03,Kerugoya CC Office Satellite Depot,estimated: haversine distance * 1.35 road factor; replace with OSMnx shortest_path,"estimated from AFA cherry weight proxy; assumed 2,800 kg cherry per acre; fertilizer rates from Draft National Coffee Policy",https://www.afa.go.ke/download/5226/?tmstv=1750232445,https://kirinyaga.go.ke/waiguru-launches-fertilizer-mashinani-initiative-opens-satellite-farm-inputs-depots/,https://kilimo.go.ke/wp-content/uploads/2025/09/Draft-National-Coffee-Policy-2024.pdf,https://osmnx.readthedocs.io/en/stable/user-reference.html,"Estimated for hackathon modelling; validate coordinates, stock and demand with field/OSMnx data before operational use"
R0180,2026,Kirinyaga,Coffee,D03,Kerugoya CC Office Satellite Depot,county_satellite,-0.4989,37.2803,Lime,5900,F04,Kariko Coffee Factory,Inoi FCS,-0.497039,37.273935,800249,285.8,5,1429,5488,200,8,0.74,1.0,1.7,179.0,8,10,0.391,Medium,D03,Kerugoya CC Office Satellite Depot,estimated: haversine distance * 1.35 road factor; replace with OSMnx shortest_path,"estimated from AFA cherry weight proxy; assumed 2,800 kg cherry per acre; fertilizer rates from Draft National Coffee Policy",https://www.afa.go.ke/download/5226/?tmstv=1750232445,https://kirinyaga.go.ke/waiguru-launches-fertilizer-mashinani-initiative-opens-satellite-farm-inputs-depots/,https://kilimo.go.ke/wp-content/uploads/2025/09/Draft-National-Coffee-Policy-2024.pdf,https://osmnx.readthedocs.io/en/stable/user-reference.html,"Estimated for hackathon modelling; validate coordinates, stock and demand with field/OSMnx data before operational use"
R0181,2026,Kirinyaga,Coffee,D03,Kerugoya CC Office Satellite Depot,county_satellite,-0.4989,37.2803,NPK,7200,F05,Mushagara Coffee Factory,Baragwi FCS,-0.41839,37.358649,657558,234.8,5,1174,4508,200,6,12.49,16.86,28.9,3035.0,8,10,0.334,Medium,D02,Kianyaga DCC Office Satellite Depot,estimated: haversine distance * 1.35 road factor; replace with OSMnx shortest_path,"estimated from AFA cherry weight proxy; assumed 2,800 kg cherry per acre; fertilizer rates from Draft National Coffee Policy",https://www.afa.go.ke/download/5226/?tmstv=1750232445,https://kirinyaga.go.ke/waiguru-launches-fertilizer-mashinani-initiative-opens-satellite-farm-inputs-depots/,https://kilimo.go.ke/wp-content/uploads/2025/09/Draft-National-Coffee-Policy-2024.pdf,https://osmnx.readthedocs.io/en/stable/user-reference.html,"Estimated for hackathon modelling; validate coordinates, stock and demand with field/OSMnx data before operational use"
R0182,2026,Kirinyaga,Coffee,D03,Kerugoya CC Office Satellite Depot,county_satellite,-0.4989,37.2803,CAN,6600,F05,Mushagara Coffee Factory,Baragwi FCS,-0.41839,37.358649,657558,234.8,6,1409,4508,200,8,12.49,16.86,28.9,3035.0,8,10,0.397,Medium,D02,Kianyaga DCC Office Satellite Depot,estimated: haversine distance * 1.35 road factor; replace with OSMnx shortest_path,"estimated from AFA cherry weight proxy; assumed 2,800 kg cherry per acre; fertilizer rates from Draft National Coffee Policy",https://www.afa.go.ke/download/5226/?tmstv=1750232445,https://kirinyaga.go.ke/waiguru-launches-fertilizer-mashinani-initiative-opens-satellite-farm-inputs-depots/,https://kilimo.go.ke/wp-content/uploads/2025/09/Draft-National-Coffee-Policy-2024.pdf,https://osmnx.readthedocs.io/en/stable/user-reference.html,"Estimated for hackathon modelling; validate coordinates, stock and demand with field/OSMnx data before operational use"
R0183,2026,Kirinyaga,Coffee,D03,Kerugoya CC Office Satellite Depot,county_satellite,-0.4989,37.2803,Lime,5900,F05,Mushagara Coffee Factory,Baragwi FCS,-0.41839,37.358649,657558,234.8,5,1174,4508,200,6,12.49,16.86,28.9,3035.0,8,10,0.334,Medium,D02,Kianyaga DCC Office Satellite Depot,estimated: haversine distance * 1.35 road factor; replace with OSMnx shortest_path,"estimated from AFA cherry weight proxy; assumed 2,800 kg cherry per acre; fertilizer rates from Draft National Coffee Policy",https://www.afa.go.ke/download/5226/?tmstv=1750232445,https://kirinyaga.go.ke/waiguru-launches-fertilizer-mashinani-initiative-opens-satellite-farm-inputs-depots/,https://kilimo.go.ke/wp-content/uploads/2025/09/Draft-National-Coffee-Policy-2024.pdf,https://osmnx.readthedocs.io/en/stable/user-reference.html,"Estimated for hackathon modelling; validate coordinates, stock and demand with field/OSMnx data before operational use"
R0184,2026,Kirinyaga,Coffee,D03,Kerugoya CC Office Satellite Depot,county_satellite,-0.4989,37.2803,NPK,7200,F06,Gachami Coffee Factory,Baragwi FCS,-0.443407,37.368027,1318667,471.0,5,2355,9043,200,12,11.54,15.58,26.7,2805.0,8,10,0.64,High,D02,Kianyaga DCC Office Satellite Depot,estimated: haversine distance * 1.35 road factor; replace with OSMnx shortest_path,"estimated from AFA cherry weight proxy; assumed 2,800 kg cherry per acre; fertilizer rates from Draft National Coffee Policy",https://www.afa.go.ke/download/5226/?tmstv=1750232445,https://kirinyaga.go.ke/waiguru-launches-fertilizer-mashinani-initiative-opens-satellite-farm-inputs-depots/,https://kilimo.go.ke/wp-content/uploads/2025/09/Draft-National-Coffee-Policy-2024.pdf,https://osmnx.readthedocs.io/en/stable/user-reference.html,"Estimated for hackathon modelling; validate coordinates, stock and demand with field/OSMnx data before operational use"
R0185,2026,Kirinyaga,Coffee,D03,Kerugoya CC Office Satellite Depot,county_satellite,-0.4989,37.2803,CAN,6600,F06,Gachami Coffee Factory,Baragwi FCS,-0.443407,37.368027,1318667,471.0,6,2826,9043,200,15,11.54,15.58,26.7,2805.0,8,10,0.706,High,D02,Kianyaga DCC Office Satellite Depot,estimated: haversine distance * 1.35 road factor; replace with OSMnx shortest_path,"estimated from AFA cherry weight proxy; assumed 2,800 kg cherry per acre; fertilizer rates from Draft National Coffee Policy",https://www.afa.go.ke/download/5226/?tmstv=1750232445,https://kirinyaga.go.ke/waiguru-launches-fertilizer-mashinani-initiative-opens-satellite-farm-inputs-depots/,https://kilimo.go.ke/wp-content/uploads/2025/09/Draft-National-Coffee-Policy-2024.pdf,https://osmnx.readthedocs.io/en/stable/user-reference.html,"Estimated for hackathon modelling; validate coordinates, stock and demand with field/OSMnx data before operational use"
R0186,2026,Kirinyaga,Coffee,D03,Kerugoya CC Office Satellite Depot,county_satellite,-0.4989,37.2803,Lime,5900,F06,Gachami Coffee Factory,Baragwi FCS,-0.443407,37.368027,1318667,471.0,5,2355,9043,200,12,11.54,15.58,26.7,2805.0,8,10,0.64,High,D02,Kianyaga DCC Office Satellite Depot,estimated: haversine distance * 1.35 road factor; replace with OSMnx shortest_path,"estimated from AFA cherry weight proxy; assumed 2,800 kg cherry per acre; fertilizer rates from Draft National Coffee Policy",https://www.afa.go.ke/download/5226/?tmstv=1750232445,https://kirinyaga.go.ke/waiguru-launches-fertilizer-mashinani-initiative-opens-satellite-farm-inputs-depots/,https://kilimo.go.ke/wp-content/uploads/2025/09/Draft-National-Coffee-Policy-2024.pdf,https://osmnx.readthedocs.io/en/stable/user-reference.html,"Estimated for hackathon modelling; validate coordinates, stock and demand with field/OSMnx data before operational use"
R0187,2026,Kirinyaga,Coffee,D03,Kerugoya CC Office Satellite Depot,county_satellite,-0.4989,37.2803,NPK,7200,F07,Konyu Coffee Factory,Kabare FCS,-0.543367,37.326494,193060,69.0,5,345,1325,200,2,7.13,9.62,16.5,1732.0,8,10,0.12,Low,D05,Baricho DCC Office Satellite Depot,estimated: haversine distance * 1.35 road factor; replace with OSMnx shortest_path,"estimated from AFA cherry weight proxy; assumed 2,800 kg cherry per acre; fertilizer rates from Draft National Coffee Policy",https://www.afa.go.ke/download/5226/?tmstv=1750232445,https://kirinyaga.go.ke/waiguru-launches-fertilizer-mashinani-initiative-opens-satellite-farm-inputs-depots/,https://kilimo.go.ke/wp-content/uploads/2025/09/Draft-National-Coffee-Policy-2024.pdf,https://osmnx.readthedocs.io/en/stable/user-reference.html,"Estimated for hackathon modelling; validate coordinates, stock and demand with field/OSMnx data before operational use"
R0188,2026,Kirinyaga,Coffee,D03,Kerugoya CC Office Satellite Depot,county_satellite,-0.4989,37.2803,CAN,6600,F07,Konyu Coffee Factory,Kabare FCS,-0.543367,37.326494,193060,69.0,6,414,1325,200,3,7.13,9.62,16.5,1732.0,8,10,0.138,Low,D05,Baricho DCC Office Satellite Depot,estimated: haversine distance * 1.35 road factor; replace with OSMnx shortest_path,"estimated from AFA cherry weight proxy; assumed 2,800 kg cherry per acre; fertilizer rates from Draft National Coffee Policy",https://www.afa.go.ke/download/5226/?tmstv=1750232445,https://kirinyaga.go.ke/waiguru-launches-fertilizer-mashinani-initiative-opens-satellite-farm-inputs-depots/,https://kilimo.go.ke/wp-content/uploads/2025/09/Draft-National-Coffee-Policy-2024.pdf,https://osmnx.readthedocs.io/en/stable/user-reference.html,"Estimated for hackathon modelling; validate coordinates, stock and demand with field/OSMnx data before operational use"
R0189,2026,Kirinyaga,Coffee,D03,Kerugoya CC Office Satellite Depot,county_satellite,-0.4989,37.2803,Lime,5900,F07,Konyu Coffee Factory,Kabare FCS,-0.543367,37.326494,193060,69.0,5,345,1325,200,2,7.13,9.62,16.5,1732.0,8,10,0.12,Low,D05,Baricho DCC Office Satellite Depot,estimated: haversine distance * 1.35 road factor; replace with OSMnx shortest_path,"estimated from AFA cherry weight proxy; assumed 2,800 kg cherry per acre; fertilizer rates from Draft National Coffee Policy",https://www.afa.go.ke/download/5226/?tmstv=1750232445,https://kirinyaga.go.ke/waiguru-launches-fertilizer-mashinani-initiative-opens-satellite-farm-inputs-depots/,https://kilimo.go.ke/wp-content/uploads/2025/09/Draft-National-Coffee-Policy-2024.pdf,https://osmnx.readthedocs.io/en/stable/user-reference.html,"Estimated for hackathon modelling; validate coordinates, stock and demand with field/OSMnx data before operational use"
R0190,2026,Kirinyaga,Coffee,D03,Kerugoya CC Office Satellite Depot,county_satellite,-0.4989,37.2803,NPK,7200,F08,Thunguri Coffee Factory,Kibirigwi FCS,-0.559251,37.158225,842805,301.0,5,1505,5779,200,8,15.14,20.44,35.0,3679.0,8,10,0.51,High,D09,Sagana NCPB Depot,estimated: haversine distance * 1.35 road factor; replace with OSMnx shortest_path,"estimated from AFA cherry weight proxy; assumed 2,800 kg cherry per acre; fertilizer rates from Draft National Coffee Policy",https://www.afa.go.ke/download/5226/?tmstv=1750232445,https://kirinyaga.go.ke/waiguru-launches-fertilizer-mashinani-initiative-opens-satellite-farm-inputs-depots/,https://kilimo.go.ke/wp-content/uploads/2025/09/Draft-National-Coffee-Policy-2024.pdf,https://osmnx.readthedocs.io/en/stable/user-reference.html,"Estimated for hackathon modelling; validate coordinates, stock and demand with field/OSMnx data before operational use"
R0191,2026,Kirinyaga,Coffee,D03,Kerugoya CC Office Satellite Depot,county_satellite,-0.4989,37.2803,CAN,6600,F08,Thunguri Coffee Factory,Kibirigwi FCS,-0.559251,37.158225,842805,301.0,6,1806,5779,200,10,15.14,20.44,35.0,3679.0,8,10,0.591,High,D09,Sagana NCPB Depot,estimated: haversine distance * 1.35 road factor; replace with OSMnx shortest_path,"estimated from AFA cherry weight proxy; assumed 2,800 kg cherry per acre; fertilizer rates from Draft National Coffee Policy",https://www.afa.go.ke/download/5226/?tmstv=1750232445,https://kirinyaga.go.ke/waiguru-launches-fertilizer-mashinani-initiative-opens-satellite-farm-inputs-depots/,https://kilimo.go.ke/wp-content/uploads/2025/09/Draft-National-Coffee-Policy-2024.pdf,https://osmnx.readthedocs.io/en/stable/user-reference.html,"Estimated for hackathon modelling; validate coordinates, stock and demand with field/OSMnx data before operational use"
R0192,2026,Kirinyaga,Coffee,D03,Kerugoya CC Office Satellite Depot,county_satellite,-0.4989,37.2803,Lime,5900,F08,Thunguri Coffee Factory,Kibirigwi FCS,-0.559251,37.158225,842805,301.0,5,1505,5779,200,8,15.14,20.44,35.0,3679.0,8,10,0.51,High,D09,Sagana NCPB Depot,estimated: haversine distance * 1.35 road factor; replace with OSMnx shortest_path,"estimated from AFA cherry weight proxy; assumed 2,800 kg cherry per acre; fertilizer rates from Draft National Coffee Policy",https://www.afa.go.ke/download/5226/?tmstv=1750232445,https://kirinyaga.go.ke/waiguru-launches-fertilizer-mashinani-initiative-opens-satellite-farm-inputs-depots/,https://kilimo.go.ke/wp-content/uploads/2025/09/Draft-National-Coffee-Policy-2024.pdf,https://osmnx.readthedocs.io/en/stable/user-reference.html,"Estimated for hackathon modelling; validate coordinates, stock and demand with field/OSMnx data before operational use"
R0193,2026,Kirinyaga,Coffee,D03,Kerugoya CC Office Satellite Depot,county_satellite,-0.4989,37.2803,NPK,7200,F09,Kiandieri Coffee Factory,Inoi FCS,-0.500398,37.283446,98015,35.0,5,175,672,200,1,0.39,0.52,0.9,94.0,8,10,0.05,Low,D03,Kerugoya CC Office Satellite Depot,estimated: haversine distance * 1.35 road factor; replace with OSMnx shortest_path,"estimated from AFA cherry weight proxy; assumed 2,800 kg cherry per acre; fertilizer rates from Draft National Coffee Policy",https://www.afa.go.ke/download/5226/?tmstv=1750232445,https://kirinyaga.go.ke/waiguru-launches-fertilizer-mashinani-initiative-opens-satellite-farm-inputs-depots/,https://kilimo.go.ke/wp-content/uploads/2025/09/Draft-National-Coffee-Policy-2024.pdf,https://osmnx.readthedocs.io/en/stable/user-reference.html,"Estimated for hackathon modelling; validate coordinates, stock and demand with field/OSMnx data before operational use"
R0194,2026,Kirinyaga,Coffee,D03,Kerugoya CC Office Satellite Depot,county_satellite,-0.4989,37.2803,CAN,6600,F09,Kiandieri Coffee Factory,Inoi FCS,-0.500398,37.283446,98015,35.0,6,210,672,200,2,0.39,0.52,0.9,94.0,8,10,0.06,Low,D03,Kerugoya CC Office Satellite Depot,estimated: haversine distance * 1.35 road factor; replace with OSMnx shortest_path,"estimated from AFA cherry weight proxy; assumed 2,800 kg cherry per acre; fertilizer rates from Draft National Coffee Policy",https://www.afa.go.ke/download/5226/?tmstv=1750232445,https://kirinyaga.go.ke/waiguru-launches-fertilizer-mashinani-initiative-opens-satellite-farm-inputs-depots/,https://kilimo.go.ke/wp-content/uploads/2025/09/Draft-National-Coffee-Policy-2024.pdf,https://osmnx.readthedocs.io/en/stable/user-reference.html,"Estimated for hackathon modelling; validate coordinates, stock and demand with field/OSMnx data before operational use"
R0195,2026,Kirinyaga,Coffee,D03,Kerugoya CC Office Satellite Depot,county_satellite,-0.4989,37.2803,Lime,5900,F09,Kiandieri Coffee Factory,Inoi FCS,-0.500398,37.283446,98015,35.0,5,175,672,200,1,0.39,0.52,0.9,94.0,8,10,0.05,Low,D03,Kerugoya CC Office Satellite Depot,estimated: haversine distance * 1.35 road factor; replace with OSMnx shortest_path,"estimated from AFA cherry weight proxy; assumed 2,800 kg cherry per acre; fertilizer rates from Draft National Coffee Policy",https://www.afa.go.ke/download/5226/?tmstv=1750232445,https://kirinyaga.go.ke/waiguru-launches-fertilizer-mashinani-initiative-opens-satellite-farm-inputs-depots/,https://kilimo.go.ke/wp-content/uploads/2025/09/Draft-National-Coffee-Policy-2024.pdf,https://osmnx.readthedocs.io/en/stable/user-reference.html,"Estimated for hackathon modelling; validate coordinates, stock and demand with field/OSMnx data before operational use"
R0196,2026,Kirinyaga,Coffee,D03,Kerugoya CC Office Satellite Depot,county_satellite,-0.4989,37.2803,NPK,7200,F10,Rutui Coffee Factory,Inoi FCS,-0.491453,37.280532,202521,72.3,5,362,1390,200,2,0.83,1.12,1.9,201.0,8,10,0.104,Low,D03,Kerugoya CC Office Satellite Depot,estimated: haversine distance * 1.35 road factor; replace with OSMnx shortest_path,"estimated from AFA cherry weight proxy; assumed 2,800 kg cherry per acre; fertilizer rates from Draft National Coffee Policy",https://www.afa.go.ke/download/5226/?tmstv=1750232445,https://kirinyaga.go.ke/waiguru-launches-fertilizer-mashinani-initiative-opens-satellite-farm-inputs-depots/,https://kilimo.go.ke/wp-content/uploads/2025/09/Draft-National-Coffee-Policy-2024.pdf,https://osmnx.readthedocs.io/en/stable/user-reference.html,"Estimated for hackathon modelling; validate coordinates, stock and demand with field/OSMnx data before operational use"
R0197,2026,Kirinyaga,Coffee,D03,Kerugoya CC Office Satellite Depot,county_satellite,-0.4989,37.2803,CAN,6600,F10,Rutui Coffee Factory,Inoi FCS,-0.491453,37.280532,202521,72.3,6,434,1390,200,3,0.83,1.12,1.9,201.0,8,10,0.124,Low,D03,Kerugoya CC Office Satellite Depot,estimated: haversine distance * 1.35 road factor; replace with OSMnx shortest_path,"estimated from AFA cherry weight proxy; assumed 2,800 kg cherry per acre; fertilizer rates from Draft National Coffee Policy",https://www.afa.go.ke/download/5226/?tmstv=1750232445,https://kirinyaga.go.ke/waiguru-launches-fertilizer-mashinani-initiative-opens-satellite-farm-inputs-depots/,https://kilimo.go.ke/wp-content/uploads/2025/09/Draft-National-Coffee-Policy-2024.pdf,https://osmnx.readthedocs.io/en/stable/user-reference.html,"Estimated for hackathon modelling; validate coordinates, stock and demand with field/OSMnx data before operational use"
R0198,2026,Kirinyaga,Coffee,D03,Kerugoya CC Office Satellite Depot,county_satellite,-0.4989,37.2803,Lime,5900,F10,Rutui Coffee Factory,Inoi FCS,-0.491453,37.280532,202521,72.3,5,362,1390,200,2,0.83,1.12,1.9,201.0,8,10,0.104,Low,D03,Kerugoya CC Office Satellite Depot,estimated: haversine distance * 1.35 road factor; replace with OSMnx shortest_path,"estimated from AFA cherry weight proxy; assumed 2,800 kg cherry per acre; fertilizer rates from Draft National Coffee Policy",https://www.afa.go.ke/download/5226/?tmstv=1750232445,https://kirinyaga.go.ke/waiguru-launches-fertilizer-mashinani-initiative-opens-satellite-farm-inputs-depots/,https://kilimo.go.ke/wp-content/uploads/2025/09/Draft-National-Coffee-Policy-2024.pdf,https://osmnx.readthedocs.io/en/stable/user-reference.html,"Estimated for hackathon modelling; validate coordinates, stock and demand with field/OSMnx data before operational use"
R0199,2026,Kirinyaga,Coffee,D03,Kerugoya CC Office Satellite Depot,county_satellite,-0.4989,37.2803,NPK,7200,F11,Kiang'ombe Coffee Factory,Kabare FCS,-0.545471,37.335991,421153,150.4,5,752,2887,200,4,8.07,10.9,18.7,1962.0,8,10,0.225,Medium,D05,Baricho DCC Office Satellite Depot,estimated: haversine distance * 1.35 road factor; replace with OSMnx shortest_path,"estimated from AFA cherry weight proxy; assumed 2,800 kg cherry per acre; fertilizer rates from Draft National Coffee Policy",https://www.afa.go.ke/download/5226/?tmstv=1750232445,https://kirinyaga.go.ke/waiguru-launches-fertilizer-mashinani-initiative-opens-satellite-farm-inputs-depots/,https://kilimo.go.ke/wp-content/uploads/2025/09/Draft-National-Coffee-Policy-2024.pdf,https://osmnx.readthedocs.io/en/stable/user-reference.html,"Estimated for hackathon modelling; validate coordinates, stock and demand with field/OSMnx data before operational use"
R0200,2026,Kirinyaga,Coffee,D03,Kerugoya CC Office Satellite Depot,county_satellite,-0.4989,37.2803,CAN,6600,F11,Kiang'ombe Coffee Factory,Kabare FCS,-0.545471,37.335991,421153,150.4,6,902,2887,200,5,8.07,10.9,18.7,1962.0,8,10,0.265,Medium,D05,Baricho DCC Office Satellite Depot,estimated: haversine distance * 1.35 road factor; replace with OSMnx shortest_path,"estimated from AFA cherry weight proxy; assumed 2,800 kg cherry per acre; fertilizer rates from Draft National Coffee Policy",https://www.afa.go.ke/download/5226/?tmstv=1750232445,https://kirinyaga.go.ke/waiguru-launches-fertilizer-mashinani-initiative-opens-satellite-farm-inputs-depots/,https://kilimo.go.ke/wp-content/uploads/2025/09/Draft-National-Coffee-Policy-2024.pdf,https://osmnx.readthedocs.io/en/stable/user-reference.html,"Estimated for hackathon modelling; validate coordinates, stock and demand with field/OSMnx data before operational use"
R0201,2026,Kirinyaga,Coffee,D03,Kerugoya CC Office Satellite Depot,county_satellite,-0.4989,37.2803,Lime,5900,F11,Kiang'ombe Coffee Factory,Kabare FCS,-0.545471,37.335991,421153,150.4,5,752,2887,200,4,8.07,10.9,18.7,1962.0,8,10,0.225,Medium,D05,Baricho DCC Office Satellite Depot,estimated: haversine distance * 1.35 road factor; replace with OSMnx shortest_path,"estimated from AFA cherry weight proxy; assumed 2,800 kg cherry per acre; fertilizer rates from Draft National Coffee Policy",https://www.afa.go.ke/download/5226/?tmstv=1750232445,https://kirinyaga.go.ke/waiguru-launches-fertilizer-mashinani-initiative-opens-satellite-farm-inputs-depots/,https://kilimo.go.ke/wp-content/uploads/2025/09/Draft-National-Coffee-Policy-2024.pdf,https://osmnx.readthedocs.io/en/stable/user-reference.html,"Estimated for hackathon modelling; validate coordinates, stock and demand with field/OSMnx data before operational use"
R0202,2026,Kirinyaga,Coffee,D03,Kerugoya CC Office Satellite Depot,county_satellite,-0.4989,37.2803,NPK,7200,F12,Guama Coffee Factory,Baragwi FCS,-0.436799,37.373277,640750,228.8,5,1144,4393,200,6,12.43,16.78,28.8,3021.0,8,10,0.315,Medium,D02,Kianyaga DCC Office Satellite Depot,estimated: haversine distance * 1.35 road factor; replace with OSMnx shortest_path,"estimated from AFA cherry weight proxy; assumed 2,800 kg cherry per acre; fertilizer rates from Draft National Coffee Policy",https://www.afa.go.ke/download/5226/?tmstv=1750232445,https://kirinyaga.go.ke/waiguru-launches-fertilizer-mashinani-initiative-opens-satellite-farm-inputs-depots/,https://kilimo.go.ke/wp-content/uploads/2025/09/Draft-National-Coffee-Policy-2024.pdf,https://osmnx.readthedocs.io/en/stable/user-reference.html,"Estimated for hackathon modelling; validate coordinates, stock and demand with field/OSMnx data before operational use"
R0203,2026,Kirinyaga,Coffee,D03,Kerugoya CC Office Satellite Depot,county_satellite,-0.4989,37.2803,CAN,6600,F12,Guama Coffee Factory,Baragwi FCS,-0.436799,37.373277,640750,228.8,6,1373,4393,200,7,12.43,16.78,28.8,3021.0,8,10,0.376,Medium,D02,Kianyaga DCC Office Satellite Depot,estimated: haversine distance * 1.35 road factor; replace with OSMnx shortest_path,"estimated from AFA cherry weight proxy; assumed 2,800 kg cherry per acre; fertilizer rates from Draft National Coffee Policy",https://www.afa.go.ke/download/5226/?tmstv=1750232445,https://kirinyaga.go.ke/waiguru-launches-fertilizer-mashinani-initiative-opens-satellite-farm-inputs-depots/,https://kilimo.go.ke/wp-content/uploads/2025/09/Draft-National-Coffee-Policy-2024.pdf,https://osmnx.readthedocs.io/en/stable/user-reference.html,"Estimated for hackathon modelling; validate coordinates, stock and demand with field/OSMnx data before operational use"
R0204,2026,Kirinyaga,Coffee,D03,Kerugoya CC Office Satellite Depot,county_satellite,-0.4989,37.2803,Lime,5900,F12,Guama Coffee Factory,Baragwi FCS,-0.436799,37.373277,640750,228.8,5,1144,4393,200,6,12.43,16.78,28.8,3021.0,8,10,0.315,Medium,D02,Kianyaga DCC Office Satellite Depot,estimated: haversine distance * 1.35 road factor; replace with OSMnx shortest_path,"estimated from AFA cherry weight proxy; assumed 2,800 kg cherry per acre; fertilizer rates from Draft National Coffee Policy",https://www.afa.go.ke/download/5226/?tmstv=1750232445,https://kirinyaga.go.ke/waiguru-launches-fertilizer-mashinani-initiative-opens-satellite-farm-inputs-depots/,https://kilimo.go.ke/wp-content/uploads/2025/09/Draft-National-Coffee-Policy-2024.pdf,https://osmnx.readthedocs.io/en/stable/user-reference.html,"Estimated for hackathon modelling; validate coordinates, stock and demand with field/OSMnx data before operational use"
R0205,2026,Kirinyaga,Coffee,D03,Kerugoya CC Office Satellite Depot,county_satellite,-0.4989,37.2803,NPK,7200,F13,Kiri Coffee Factory,Ngiriambu FCS,-0.442714,37.429183,304470,108.7,5,544,2088,200,3,17.69,23.89,40.9,4300.0,8,10,0.204,Low,D02,Kianyaga DCC Office Satellite Depot,estimated: haversine distance * 1.35 road factor; replace with OSMnx shortest_path,"estimated from AFA cherry weight proxy; assumed 2,800 kg cherry per acre; fertilizer rates from Draft National Coffee Policy",https://www.afa.go.ke/download/5226/?tmstv=1750232445,https://kirinyaga.go.ke/waiguru-launches-fertilizer-mashinani-initiative-opens-satellite-farm-inputs-depots/,https://kilimo.go.ke/wp-content/uploads/2025/09/Draft-National-Coffee-Policy-2024.pdf,https://osmnx.readthedocs.io/en/stable/user-reference.html,"Estimated for hackathon modelling; validate coordinates, stock and demand with field/OSMnx data before operational use"
R0206,2026,Kirinyaga,Coffee,D03,Kerugoya CC Office Satellite Depot,county_satellite,-0.4989,37.2803,CAN,6600,F13,Kiri Coffee Factory,Ngiriambu FCS,-0.442714,37.429183,304470,108.7,6,652,2088,200,4,17.69,23.89,40.9,4300.0,8,10,0.233,Medium,D02,Kianyaga DCC Office Satellite Depot,estimated: haversine distance * 1.35 road factor; replace with OSMnx shortest_path,"estimated from AFA cherry weight proxy; assumed 2,800 kg cherry per acre; fertilizer rates from Draft National Coffee Policy",https://www.afa.go.ke/download/5226/?tmstv=1750232445,https://kirinyaga.go.ke/waiguru-launches-fertilizer-mashinani-initiative-opens-satellite-farm-inputs-depots/,https://kilimo.go.ke/wp-content/uploads/2025/09/Draft-National-Coffee-Policy-2024.pdf,https://osmnx.readthedocs.io/en/stable/user-reference.html,"Estimated for hackathon modelling; validate coordinates, stock and demand with field/OSMnx data before operational use"
R0207,2026,Kirinyaga,Coffee,D03,Kerugoya CC Office Satellite Depot,county_satellite,-0.4989,37.2803,Lime,5900,F13,Kiri Coffee Factory,Ngiriambu FCS,-0.442714,37.429183,304470,108.7,5,544,2088,200,3,17.69,23.89,40.9,4300.0,8,10,0.204,Low,D02,Kianyaga DCC Office Satellite Depot,estimated: haversine distance * 1.35 road factor; replace with OSMnx shortest_path,"estimated from AFA cherry weight proxy; assumed 2,800 kg cherry per acre; fertilizer rates from Draft National Coffee Policy",https://www.afa.go.ke/download/5226/?tmstv=1750232445,https://kirinyaga.go.ke/waiguru-launches-fertilizer-mashinani-initiative-opens-satellite-farm-inputs-depots/,https://kilimo.go.ke/wp-content/uploads/2025/09/Draft-National-Coffee-Policy-2024.pdf,https://osmnx.readthedocs.io/en/stable/user-reference.html,"Estimated for hackathon modelling; validate coordinates, stock and demand with field/OSMnx data before operational use"
R0208,2026,Kirinyaga,Coffee,D03,Kerugoya CC Office Satellite Depot,county_satellite,-0.4989,37.2803,NPK,7200,F14,Kiangothe Coffee Factory,Kabare FCS,-0.531036,37.332984,377824,134.9,5,675,2592,200,4,6.86,9.26,15.9,1667.0,8,10,0.217,Medium,D05,Baricho DCC Office Satellite Depot,estimated: haversine distance * 1.35 road factor; replace with OSMnx shortest_path,"estimated from AFA cherry weight proxy; assumed 2,800 kg cherry per acre; fertilizer rates from Draft National Coffee Policy",https://www.afa.go.ke/download/5226/?tmstv=1750232445,https://kirinyaga.go.ke/waiguru-launches-fertilizer-mashinani-initiative-opens-satellite-farm-inputs-depots/,https://kilimo.go.ke/wp-content/uploads/2025/09/Draft-National-Coffee-Policy-2024.pdf,https://osmnx.readthedocs.io/en/stable/user-reference.html,"Estimated for hackathon modelling; validate coordinates, stock and demand with field/OSMnx data before operational use"
R0209,2026,Kirinyaga,Coffee,D03,Kerugoya CC Office Satellite Depot,county_satellite,-0.4989,37.2803,CAN,6600,F14,Kiangothe Coffee Factory,Kabare FCS,-0.531036,37.332984,377824,134.9,6,810,2592,200,5,6.86,9.26,15.9,1667.0,8,10,0.254,Medium,D05,Baricho DCC Office Satellite Depot,estimated: haversine distance * 1.35 road factor; replace with OSMnx shortest_path,"estimated from AFA cherry weight proxy; assumed 2,800 kg cherry per acre; fertilizer rates from Draft National Coffee Policy",https://www.afa.go.ke/download/5226/?tmstv=1750232445,https://kirinyaga.go.ke/waiguru-launches-fertilizer-mashinani-initiative-opens-satellite-farm-inputs-depots/,https://kilimo.go.ke/wp-content/uploads/2025/09/Draft-National-Coffee-Policy-2024.pdf,https://osmnx.readthedocs.io/en/stable/user-reference.html,"Estimated for hackathon modelling; validate coordinates, stock and demand with field/OSMnx data before operational use"
R0210,2026,Kirinyaga,Coffee,D03,Kerugoya CC Office Satellite Depot,county_satellite,-0.4989,37.2803,Lime,5900,F14,Kiangothe Coffee Factory,Kabare FCS,-0.531036,37.332984,377824,134.9,5,675,2592,200,4,6.86,9.26,15.9,1667.0,8,10,0.217,Medium,D05,Baricho DCC Office Satellite Depot,estimated: haversine distance * 1.35 road factor; replace with OSMnx shortest_path,"estimated from AFA cherry weight proxy; assumed 2,800 kg cherry per acre; fertilizer rates from Draft National Coffee Policy",https://www.afa.go.ke/download/5226/?tmstv=1750232445,https://kirinyaga.go.ke/waiguru-launches-fertilizer-mashinani-initiative-opens-satellite-farm-inputs-depots/,https://kilimo.go.ke/wp-content/uploads/2025/09/Draft-National-Coffee-Policy-2024.pdf,https://osmnx.readthedocs.io/en/stable/user-reference.html,"Estimated for hackathon modelling; validate coordinates, stock and demand with field/OSMnx data before operational use"
R0211,2026,Kirinyaga,Coffee,D03,Kerugoya CC Office Satellite Depot,county_satellite,-0.4989,37.2803,NPK,7200,F15,Kimandi Coffee Factory,Kabare FCS,-0.521263,37.335519,750940,268.2,5,1341,5149,200,7,6.62,8.94,15.3,1610.0,8,10,0.405,Medium,D05,Baricho DCC Office Satellite Depot,estimated: haversine distance * 1.35 road factor; replace with OSMnx shortest_path,"estimated from AFA cherry weight proxy; assumed 2,800 kg cherry per acre; fertilizer rates from Draft National Coffee Policy",https://www.afa.go.ke/download/5226/?tmstv=1750232445,https://kirinyaga.go.ke/waiguru-launches-fertilizer-mashinani-initiative-opens-satellite-farm-inputs-depots/,https://kilimo.go.ke/wp-content/uploads/2025/09/Draft-National-Coffee-Policy-2024.pdf,https://osmnx.readthedocs.io/en/stable/user-reference.html,"Estimated for hackathon modelling; validate coordinates, stock and demand with field/OSMnx data before operational use"
R0212,2026,Kirinyaga,Coffee,D03,Kerugoya CC Office Satellite Depot,county_satellite,-0.4989,37.2803,CAN,6600,F15,Kimandi Coffee Factory,Kabare FCS,-0.521263,37.335519,750940,268.2,6,1609,5149,200,9,6.62,8.94,15.3,1610.0,8,10,0.477,High,D05,Baricho DCC Office Satellite Depot,estimated: haversine distance * 1.35 road factor; replace with OSMnx shortest_path,"estimated from AFA cherry weight proxy; assumed 2,800 kg cherry per acre; fertilizer rates from Draft National Coffee Policy",https://www.afa.go.ke/download/5226/?tmstv=1750232445,https://kirinyaga.go.ke/waiguru-launches-fertilizer-mashinani-initiative-opens-satellite-farm-inputs-depots/,https://kilimo.go.ke/wp-content/uploads/2025/09/Draft-National-Coffee-Policy-2024.pdf,https://osmnx.readthedocs.io/en/stable/user-reference.html,"Estimated for hackathon modelling; validate coordinates, stock and demand with field/OSMnx data before operational use"
R0213,2026,Kirinyaga,Coffee,D03,Kerugoya CC Office Satellite Depot,county_satellite,-0.4989,37.2803,Lime,5900,F15,Kimandi Coffee Factory,Kabare FCS,-0.521263,37.335519,750940,268.2,5,1341,5149,200,7,6.62,8.94,15.3,1610.0,8,10,0.405,Medium,D05,Baricho DCC Office Satellite Depot,estimated: haversine distance * 1.35 road factor; replace with OSMnx shortest_path,"estimated from AFA cherry weight proxy; assumed 2,800 kg cherry per acre; fertilizer rates from Draft National Coffee Policy",https://www.afa.go.ke/download/5226/?tmstv=1750232445,https://kirinyaga.go.ke/waiguru-launches-fertilizer-mashinani-initiative-opens-satellite-farm-inputs-depots/,https://kilimo.go.ke/wp-content/uploads/2025/09/Draft-National-Coffee-Policy-2024.pdf,https://osmnx.readthedocs.io/en/stable/user-reference.html,"Estimated for hackathon modelling; validate coordinates, stock and demand with field/OSMnx data before operational use"
R0214,2026,Kirinyaga,Coffee,D03,Kerugoya CC Office Satellite Depot,county_satellite,-0.4989,37.2803,NPK,7200,F16,Kariaini Coffee Factory,Mwirua FCS,-0.405464,37.398149,363274,129.7,5,649,2491,200,4,16.72,22.58,38.7,4064.0,8,10,0.215,Medium,D02,Kianyaga DCC Office Satellite Depot,estimated: haversine distance * 1.35 road factor; replace with OSMnx shortest_path,"estimated from AFA cherry weight proxy; assumed 2,800 kg cherry per acre; fertilizer rates from Draft National Coffee Policy",https://www.afa.go.ke/download/5226/?tmstv=1750232445,https://kirinyaga.go.ke/waiguru-launches-fertilizer-mashinani-initiative-opens-satellite-farm-inputs-depots/,https://kilimo.go.ke/wp-content/uploads/2025/09/Draft-National-Coffee-Policy-2024.pdf,https://osmnx.readthedocs.io/en/stable/user-reference.html,"Estimated for hackathon modelling; validate coordinates, stock and demand with field/OSMnx data before operational use"
R0215,2026,Kirinyaga,Coffee,D03,Kerugoya CC Office Satellite Depot,county_satellite,-0.4989,37.2803,CAN,6600,F16,Kariaini Coffee Factory,Mwirua FCS,-0.405464,37.398149,363274,129.7,6,778,2491,200,4,16.72,22.58,38.7,4064.0,8,10,0.25,Medium,D02,Kianyaga DCC Office Satellite Depot,estimated: haversine distance * 1.35 road factor; replace with OSMnx shortest_path,"estimated from AFA cherry weight proxy; assumed 2,800 kg cherry per acre; fertilizer rates from Draft National Coffee Policy",https://www.afa.go.ke/download/5226/?tmstv=1750232445,https://kirinyaga.go.ke/waiguru-launches-fertilizer-mashinani-initiative-opens-satellite-farm-inputs-depots/,https://kilimo.go.ke/wp-content/uploads/2025/09/Draft-National-Coffee-Policy-2024.pdf,https://osmnx.readthedocs.io/en/stable/user-reference.html,"Estimated for hackathon modelling; validate coordinates, stock and demand with field/OSMnx data before operational use"
R0216,2026,Kirinyaga,Coffee,D03,Kerugoya CC Office Satellite Depot,county_satellite,-0.4989,37.2803,Lime,5900,F16,Kariaini Coffee Factory,Mwirua FCS,-0.405464,37.398149,363274,129.7,5,649,2491,200,4,16.72,22.58,38.7,4064.0,8,10,0.215,Medium,D02,Kianyaga DCC Office Satellite Depot,estimated: haversine distance * 1.35 road factor; replace with OSMnx shortest_path,"estimated from AFA cherry weight proxy; assumed 2,800 kg cherry per acre; fertilizer rates from Draft National Coffee Policy",https://www.afa.go.ke/download/5226/?tmstv=1750232445,https://kirinyaga.go.ke/waiguru-launches-fertilizer-mashinani-initiative-opens-satellite-farm-inputs-depots/,https://kilimo.go.ke/wp-content/uploads/2025/09/Draft-National-Coffee-Policy-2024.pdf,https://osmnx.readthedocs.io/en/stable/user-reference.html,"Estimated for hackathon modelling; validate coordinates, stock and demand with field/OSMnx data before operational use"
R0217,2026,Kirinyaga,Coffee,D03,Kerugoya CC Office Satellite Depot,county_satellite,-0.4989,37.2803,NPK,7200,F17,Kamwangi Coffee Factory,New Ngariama FCS,-0.470819,37.484366,634450,226.6,5,1133,4351,200,6,22.9,30.92,53.0,5566.0,8,10,0.324,Medium,D08,Togonye ACC Office Satellite Depot,estimated: haversine distance * 1.35 road factor; replace with OSMnx shortest_path,"estimated from AFA cherry weight proxy; assumed 2,800 kg cherry per acre; fertilizer rates from Draft National Coffee Policy",https://www.afa.go.ke/download/5226/?tmstv=1750232445,https://kirinyaga.go.ke/waiguru-launches-fertilizer-mashinani-initiative-opens-satellite-farm-inputs-depots/,https://kilimo.go.ke/wp-content/uploads/2025/09/Draft-National-Coffee-Policy-2024.pdf,https://osmnx.readthedocs.io/en/stable/user-reference.html,"Estimated for hackathon modelling; validate coordinates, stock and demand with field/OSMnx data before operational use"
R0218,2026,Kirinyaga,Coffee,D03,Kerugoya CC Office Satellite Depot,county_satellite,-0.4989,37.2803,CAN,6600,F17,Kamwangi Coffee Factory,New Ngariama FCS,-0.470819,37.484366,634450,226.6,6,1360,4351,200,7,22.9,30.92,53.0,5566.0,8,10,0.385,Medium,D08,Togonye ACC Office Satellite Depot,estimated: haversine distance * 1.35 road factor; replace with OSMnx shortest_path,"estimated from AFA cherry weight proxy; assumed 2,800 kg cherry per acre; fertilizer rates from Draft National Coffee Policy",https://www.afa.go.ke/download/5226/?tmstv=1750232445,https://kirinyaga.go.ke/waiguru-launches-fertilizer-mashinani-initiative-opens-satellite-farm-inputs-depots/,https://kilimo.go.ke/wp-content/uploads/2025/09/Draft-National-Coffee-Policy-2024.pdf,https://osmnx.readthedocs.io/en/stable/user-reference.html,"Estimated for hackathon modelling; validate coordinates, stock and demand with field/OSMnx data before operational use"
R0219,2026,Kirinyaga,Coffee,D03,Kerugoya CC Office Satellite Depot,county_satellite,-0.4989,37.2803,Lime,5900,F17,Kamwangi Coffee Factory,New Ngariama FCS,-0.470819,37.484366,634450,226.6,5,1133,4351,200,6,22.9,30.92,53.0,5566.0,8,10,0.324,Medium,D08,Togonye ACC Office Satellite Depot,estimated: haversine distance * 1.35 road factor; replace with OSMnx shortest_path,"estimated from AFA cherry weight proxy; assumed 2,800 kg cherry per acre; fertilizer rates from Draft National Coffee Policy",https://www.afa.go.ke/download/5226/?tmstv=1750232445,https://kirinyaga.go.ke/waiguru-launches-fertilizer-mashinani-initiative-opens-satellite-farm-inputs-depots/,https://kilimo.go.ke/wp-content/uploads/2025/09/Draft-National-Coffee-Policy-2024.pdf,https://osmnx.readthedocs.io/en/stable/user-reference.html,"Estimated for hackathon modelling; validate coordinates, stock and demand with field/OSMnx data before operational use"
R0220,2026,Kirinyaga,Coffee,D03,Kerugoya CC Office Satellite Depot,county_satellite,-0.4989,37.2803,NPK,7200,F18,Karumandi Coffee Factory,Baragwi FCS,-0.430607,37.38226,467691,167.0,5,835,3206,200,5,13.65,18.42,31.6,3316.0,8,10,0.241,Medium,D02,Kianyaga DCC Office Satellite Depot,estimated: haversine distance * 1.35 road factor; replace with OSMnx shortest_path,"estimated from AFA cherry weight proxy; assumed 2,800 kg cherry per acre; fertilizer rates from Draft National Coffee Policy",https://www.afa.go.ke/download/5226/?tmstv=1750232445,https://kirinyaga.go.ke/waiguru-launches-fertilizer-mashinani-initiative-opens-satellite-farm-inputs-depots/,https://kilimo.go.ke/wp-content/uploads/2025/09/Draft-National-Coffee-Policy-2024.pdf,https://osmnx.readthedocs.io/en/stable/user-reference.html,"Estimated for hackathon modelling; validate coordinates, stock and demand with field/OSMnx data before operational use"
R0221,2026,Kirinyaga,Coffee,D03,Kerugoya CC Office Satellite Depot,county_satellite,-0.4989,37.2803,CAN,6600,F18,Karumandi Coffee Factory,Baragwi FCS,-0.430607,37.38226,467691,167.0,6,1002,3206,200,6,13.65,18.42,31.6,3316.0,8,10,0.286,Medium,D02,Kianyaga DCC Office Satellite Depot,estimated: haversine distance * 1.35 road factor; replace with OSMnx shortest_path,"estimated from AFA cherry weight proxy; assumed 2,800 kg cherry per acre; fertilizer rates from Draft National Coffee Policy",https://www.afa.go.ke/download/5226/?tmstv=1750232445,https://kirinyaga.go.ke/waiguru-launches-fertilizer-mashinani-initiative-opens-satellite-farm-inputs-depots/,https://kilimo.go.ke/wp-content/uploads/2025/09/Draft-National-Coffee-Policy-2024.pdf,https://osmnx.readthedocs.io/en/stable/user-reference.html,"Estimated for hackathon modelling; validate coordinates, stock and demand with field/OSMnx data before operational use"
R0222,2026,Kirinyaga,Coffee,D03,Kerugoya CC Office Satellite Depot,county_satellite,-0.4989,37.2803,Lime,5900,F18,Karumandi Coffee Factory,Baragwi FCS,-0.430607,37.38226,467691,167.0,5,835,3206,200,5,13.65,18.42,31.6,3316.0,8,10,0.241,Medium,D02,Kianyaga DCC Office Satellite Depot,estimated: haversine distance * 1.35 road factor; replace with OSMnx shortest_path,"estimated from AFA cherry weight proxy; assumed 2,800 kg cherry per acre; fertilizer rates from Draft National Coffee Policy",https://www.afa.go.ke/download/5226/?tmstv=1750232445,https://kirinyaga.go.ke/waiguru-launches-fertilizer-mashinani-initiative-opens-satellite-farm-inputs-depots/,https://kilimo.go.ke/wp-content/uploads/2025/09/Draft-National-Coffee-Policy-2024.pdf,https://osmnx.readthedocs.io/en/stable/user-reference.html,"Estimated for hackathon modelling; validate coordinates, stock and demand with field/OSMnx data before operational use"
R0223,2026,Kirinyaga,Coffee,D03,Kerugoya CC Office Satellite Depot,county_satellite,-0.4989,37.2803,NPK,7200,F19,Kerugoya Coffee Factory,Inoi FCS,-0.497353,37.297593,933821,333.5,5,1668,6404,200,9,1.93,2.61,4.5,469.0,8,10,0.465,High,D03,Kerugoya CC Office Satellite Depot,estimated: haversine distance * 1.35 road factor; replace with OSMnx shortest_path,"estimated from AFA cherry weight proxy; assumed 2,800 kg cherry per acre; fertilizer rates from Draft National Coffee Policy",https://www.afa.go.ke/download/5226/?tmstv=1750232445,https://kirinyaga.go.ke/waiguru-launches-fertilizer-mashinani-initiative-opens-satellite-farm-inputs-depots/,https://kilimo.go.ke/wp-content/uploads/2025/09/Draft-National-Coffee-Policy-2024.pdf,https://osmnx.readthedocs.io/en/stable/user-reference.html,"Estimated for hackathon modelling; validate coordinates, stock and demand with field/OSMnx data before operational use"
R0224,2026,Kirinyaga,Coffee,D03,Kerugoya CC Office Satellite Depot,county_satellite,-0.4989,37.2803,CAN,6600,F19,Kerugoya Coffee Factory,Inoi FCS,-0.497353,37.297593,933821,333.5,6,2001,6404,200,11,1.93,2.61,4.5,469.0,8,10,0.554,High,D03,Kerugoya CC Office Satellite Depot,estimated: haversine distance * 1.35 road factor; replace with OSMnx shortest_path,"estimated from AFA cherry weight proxy; assumed 2,800 kg cherry per acre; fertilizer rates from Draft National Coffee Policy",https://www.afa.go.ke/download/5226/?tmstv=1750232445,https://kirinyaga.go.ke/waiguru-launches-fertilizer-mashinani-initiative-opens-satellite-farm-inputs-depots/,https://kilimo.go.ke/wp-content/uploads/2025/09/Draft-National-Coffee-Policy-2024.pdf,https://osmnx.readthedocs.io/en/stable/user-reference.html,"Estimated for hackathon modelling; validate coordinates, stock and demand with field/OSMnx data before operational use"
R0225,2026,Kirinyaga,Coffee,D03,Kerugoya CC Office Satellite Depot,county_satellite,-0.4989,37.2803,Lime,5900,F19,Kerugoya Coffee Factory,Inoi FCS,-0.497353,37.297593,933821,333.5,5,1668,6404,200,9,1.93,2.61,4.5,469.0,8,10,0.465,High,D03,Kerugoya CC Office Satellite Depot,estimated: haversine distance * 1.35 road factor; replace with OSMnx shortest_path,"estimated from AFA cherry weight proxy; assumed 2,800 kg cherry per acre; fertilizer rates from Draft National Coffee Policy",https://www.afa.go.ke/download/5226/?tmstv=1750232445,https://kirinyaga.go.ke/waiguru-launches-fertilizer-mashinani-initiative-opens-satellite-farm-inputs-depots/,https://kilimo.go.ke/wp-content/uploads/2025/09/Draft-National-Coffee-Policy-2024.pdf,https://osmnx.readthedocs.io/en/stable/user-reference.html,"Estimated for hackathon modelling; validate coordinates, stock and demand with field/OSMnx data before operational use"
R0226,2026,Kirinyaga,Coffee,D03,Kerugoya CC Office Satellite Depot,county_satellite,-0.4989,37.2803,NPK,7200,F20,Kaitheri Coffee Factory,Inoi FCS,-0.491191,37.297387,1205346,430.5,5,2152,8264,200,11,2.08,2.81,4.8,506.0,8,10,0.596,High,D03,Kerugoya CC Office Satellite Depot,estimated: haversine distance * 1.35 road factor; replace with OSMnx shortest_path,"estimated from AFA cherry weight proxy; assumed 2,800 kg cherry per acre; fertilizer rates from Draft National Coffee Policy",https://www.afa.go.ke/download/5226/?tmstv=1750232445,https://kirinyaga.go.ke/waiguru-launches-fertilizer-mashinani-initiative-opens-satellite-farm-inputs-depots/,https://kilimo.go.ke/wp-content/uploads/2025/09/Draft-National-Coffee-Policy-2024.pdf,https://osmnx.readthedocs.io/en/stable/user-reference.html,"Estimated for hackathon modelling; validate coordinates, stock and demand with field/OSMnx data before operational use"
R0227,2026,Kirinyaga,Coffee,D03,Kerugoya CC Office Satellite Depot,county_satellite,-0.4989,37.2803,CAN,6600,F20,Kaitheri Coffee Factory,Inoi FCS,-0.491191,37.297387,1205346,430.5,6,2583,8264,200,13,2.08,2.81,4.8,506.0,8,10,0.712,High,D03,Kerugoya CC Office Satellite Depot,estimated: haversine distance * 1.35 road factor; replace with OSMnx shortest_path,"estimated from AFA cherry weight proxy; assumed 2,800 kg cherry per acre; fertilizer rates from Draft National Coffee Policy",https://www.afa.go.ke/download/5226/?tmstv=1750232445,https://kirinyaga.go.ke/waiguru-launches-fertilizer-mashinani-initiative-opens-satellite-farm-inputs-depots/,https://kilimo.go.ke/wp-content/uploads/2025/09/Draft-National-Coffee-Policy-2024.pdf,https://osmnx.readthedocs.io/en/stable/user-reference.html,"Estimated for hackathon modelling; validate coordinates, stock and demand with field/OSMnx data before operational use"
R0228,2026,Kirinyaga,Coffee,D03,Kerugoya CC Office Satellite Depot,county_satellite,-0.4989,37.2803,Lime,5900,F20,Kaitheri Coffee Factory,Inoi FCS,-0.491191,37.297387,1205346,430.5,5,2152,8264,200,11,2.08,2.81,4.8,506.0,8,10,0.596,High,D03,Kerugoya CC Office Satellite Depot,estimated: haversine distance * 1.35 road factor; replace with OSMnx shortest_path,"estimated from AFA cherry weight proxy; assumed 2,800 kg cherry per acre; fertilizer rates from Draft National Coffee Policy",https://www.afa.go.ke/download/5226/?tmstv=1750232445,https://kirinyaga.go.ke/waiguru-launches-fertilizer-mashinani-initiative-opens-satellite-farm-inputs-depots/,https://kilimo.go.ke/wp-content/uploads/2025/09/Draft-National-Coffee-Policy-2024.pdf,https://osmnx.readthedocs.io/en/stable/user-reference.html,"Estimated for hackathon modelling; validate coordinates, stock and demand with field/OSMnx data before operational use"
R0229,2026,Kirinyaga,Coffee,D03,Kerugoya CC Office Satellite Depot,county_satellite,-0.4989,37.2803,NPK,7200,F21,Kiaragana Coffee Factory,Mwirua FCS,-0.405977,37.401729,1069927,382.1,5,1911,7338,200,10,17.0,22.95,39.3,4131.0,8,10,0.557,High,D02,Kianyaga DCC Office Satellite Depot,estimated: haversine distance * 1.35 road factor; replace with OSMnx shortest_path,"estimated from AFA cherry weight proxy; assumed 2,800 kg cherry per acre; fertilizer rates from Draft National Coffee Policy",https://www.afa.go.ke/download/5226/?tmstv=1750232445,https://kirinyaga.go.ke/waiguru-launches-fertilizer-mashinani-initiative-opens-satellite-farm-inputs-depots/,https://kilimo.go.ke/wp-content/uploads/2025/09/Draft-National-Coffee-Policy-2024.pdf,https://osmnx.readthedocs.io/en/stable/user-reference.html,"Estimated for hackathon modelling; validate coordinates, stock and demand with field/OSMnx data before operational use"
R0230,2026,Kirinyaga,Coffee,D03,Kerugoya CC Office Satellite Depot,county_satellite,-0.4989,37.2803,CAN,6600,F21,Kiaragana Coffee Factory,Mwirua FCS,-0.405977,37.401729,1069927,382.1,6,2293,7338,200,12,17.0,22.95,39.3,4131.0,8,10,0.66,High,D02,Kianyaga DCC Office Satellite Depot,estimated: haversine distance * 1.35 road factor; replace with OSMnx shortest_path,"estimated from AFA cherry weight proxy; assumed 2,800 kg cherry per acre; fertilizer rates from Draft National Coffee Policy",https://www.afa.go.ke/download/5226/?tmstv=1750232445,https://kirinyaga.go.ke/waiguru-launches-fertilizer-mashinani-initiative-opens-satellite-farm-inputs-depots/,https://kilimo.go.ke/wp-content/uploads/2025/09/Draft-National-Coffee-Policy-2024.pdf,https://osmnx.readthedocs.io/en/stable/user-reference.html,"Estimated for hackathon modelling; validate coordinates, stock and demand with field/OSMnx data before operational use"
R0231,2026,Kirinyaga,Coffee,D03,Kerugoya CC Office Satellite Depot,county_satellite,-0.4989,37.2803,Lime,5900,F21,Kiaragana Coffee Factory,Mwirua FCS,-0.405977,37.401729,1069927,382.1,5,1911,7338,200,10,17.0,22.95,39.3,4131.0,8,10,0.557,High,D02,Kianyaga DCC Office Satellite Depot,estimated: haversine distance * 1.35 road factor; replace with OSMnx shortest_path,"estimated from AFA cherry weight proxy; assumed 2,800 kg cherry per acre; fertilizer rates from Draft National Coffee Policy",https://www.afa.go.ke/download/5226/?tmstv=1750232445,https://kirinyaga.go.ke/waiguru-launches-fertilizer-mashinani-initiative-opens-satellite-farm-inputs-depots/,https://kilimo.go.ke/wp-content/uploads/2025/09/Draft-National-Coffee-Policy-2024.pdf,https://osmnx.readthedocs.io/en/stable/user-reference.html,"Estimated for hackathon modelling; validate coordinates, stock and demand with field/OSMnx data before operational use"
R0232,2026,Kirinyaga,Coffee,D03,Kerugoya CC Office Satellite Depot,county_satellite,-0.4989,37.2803,NPK,7200,F22,Kegwa Coffee Factory,Ngiriambu FCS,-0.452361,37.442947,187844,67.1,5,335,1288,200,2,18.81,25.39,43.5,4571.0,8,10,0.148,Low,D07,Ciagini ACC Office Satellite Depot,estimated: haversine distance * 1.35 road factor; replace with OSMnx shortest_path,"estimated from AFA cherry weight proxy; assumed 2,800 kg cherry per acre; fertilizer rates from Draft National Coffee Policy",https://www.afa.go.ke/download/5226/?tmstv=1750232445,https://kirinyaga.go.ke/waiguru-launches-fertilizer-mashinani-initiative-opens-satellite-farm-inputs-depots/,https://kilimo.go.ke/wp-content/uploads/2025/09/Draft-National-Coffee-Policy-2024.pdf,https://osmnx.readthedocs.io/en/stable/user-reference.html,"Estimated for hackathon modelling; validate coordinates, stock and demand with field/OSMnx data before operational use"
R0233,2026,Kirinyaga,Coffee,D03,Kerugoya CC Office Satellite Depot,county_satellite,-0.4989,37.2803,CAN,6600,F22,Kegwa Coffee Factory,Ngiriambu FCS,-0.452361,37.442947,187844,67.1,6,403,1288,200,3,18.81,25.39,43.5,4571.0,8,10,0.166,Low,D07,Ciagini ACC Office Satellite Depot,estimated: haversine distance * 1.35 road factor; replace with OSMnx shortest_path,"estimated from AFA cherry weight proxy; assumed 2,800 kg cherry per acre; fertilizer rates from Draft National Coffee Policy",https://www.afa.go.ke/download/5226/?tmstv=1750232445,https://kirinyaga.go.ke/waiguru-launches-fertilizer-mashinani-initiative-opens-satellite-farm-inputs-depots/,https://kilimo.go.ke/wp-content/uploads/2025/09/Draft-National-Coffee-Policy-2024.pdf,https://osmnx.readthedocs.io/en/stable/user-reference.html,"Estimated for hackathon modelling; validate coordinates, stock and demand with field/OSMnx data before operational use"
R0234,2026,Kirinyaga,Coffee,D03,Kerugoya CC Office Satellite Depot,county_satellite,-0.4989,37.2803,Lime,5900,F22,Kegwa Coffee Factory,Ngiriambu FCS,-0.452361,37.442947,187844,67.1,5,335,1288,200,2,18.81,25.39,43.5,4571.0,8,10,0.148,Low,D07,Ciagini ACC Office Satellite Depot,estimated: haversine distance * 1.35 road factor; replace with OSMnx shortest_path,"estimated from AFA cherry weight proxy; assumed 2,800 kg cherry per acre; fertilizer rates from Draft National Coffee Policy",https://www.afa.go.ke/download/5226/?tmstv=1750232445,https://kirinyaga.go.ke/waiguru-launches-fertilizer-mashinani-initiative-opens-satellite-farm-inputs-depots/,https://kilimo.go.ke/wp-content/uploads/2025/09/Draft-National-Coffee-Policy-2024.pdf,https://osmnx.readthedocs.io/en/stable/user-reference.html,"Estimated for hackathon modelling; validate coordinates, stock and demand with field/OSMnx data before operational use"
R0235,2026,Kirinyaga,Coffee,D03,Kerugoya CC Office Satellite Depot,county_satellite,-0.4989,37.2803,NPK,7200,F23,Karani Coffee Factory,Kabare FCS,-0.537101,37.347664,864121,308.6,5,1543,5926,200,8,8.61,11.62,19.9,2092.0,8,10,0.446,High,D05,Baricho DCC Office Satellite Depot,estimated: haversine distance * 1.35 road factor; replace with OSMnx shortest_path,"estimated from AFA cherry weight proxy; assumed 2,800 kg cherry per acre; fertilizer rates from Draft National Coffee Policy",https://www.afa.go.ke/download/5226/?tmstv=1750232445,https://kirinyaga.go.ke/waiguru-launches-fertilizer-mashinani-initiative-opens-satellite-farm-inputs-depots/,https://kilimo.go.ke/wp-content/uploads/2025/09/Draft-National-Coffee-Policy-2024.pdf,https://osmnx.readthedocs.io/en/stable/user-reference.html,"Estimated for hackathon modelling; validate coordinates, stock and demand with field/OSMnx data before operational use"
R0236,2026,Kirinyaga,Coffee,D03,Kerugoya CC Office Satellite Depot,county_satellite,-0.4989,37.2803,CAN,6600,F23,Karani Coffee Factory,Kabare FCS,-0.537101,37.347664,864121,308.6,6,1852,5926,200,10,8.61,11.62,19.9,2092.0,8,10,0.529,High,D05,Baricho DCC Office Satellite Depot,estimated: haversine distance * 1.35 road factor; replace with OSMnx shortest_path,"estimated from AFA cherry weight proxy; assumed 2,800 kg cherry per acre; fertilizer rates from Draft National Coffee Policy",https://www.afa.go.ke/download/5226/?tmstv=1750232445,https://kirinyaga.go.ke/waiguru-launches-fertilizer-mashinani-initiative-opens-satellite-farm-inputs-depots/,https://kilimo.go.ke/wp-content/uploads/2025/09/Draft-National-Coffee-Policy-2024.pdf,https://osmnx.readthedocs.io/en/stable/user-reference.html,"Estimated for hackathon modelling; validate coordinates, stock and demand with field/OSMnx data before operational use"
R0237,2026,Kirinyaga,Coffee,D03,Kerugoya CC Office Satellite Depot,county_satellite,-0.4989,37.2803,Lime,5900,F23,Karani Coffee Factory,Kabare FCS,-0.537101,37.347664,864121,308.6,5,1543,5926,200,8,8.61,11.62,19.9,2092.0,8,10,0.446,High,D05,Baricho DCC Office Satellite Depot,estimated: haversine distance * 1.35 road factor; replace with OSMnx shortest_path,"estimated from AFA cherry weight proxy; assumed 2,800 kg cherry per acre; fertilizer rates from Draft National Coffee Policy",https://www.afa.go.ke/download/5226/?tmstv=1750232445,https://kirinyaga.go.ke/waiguru-launches-fertilizer-mashinani-initiative-opens-satellite-farm-inputs-depots/,https://kilimo.go.ke/wp-content/uploads/2025/09/Draft-National-Coffee-Policy-2024.pdf,https://osmnx.readthedocs.io/en/stable/user-reference.html,"Estimated for hackathon modelling; validate coordinates, stock and demand with field/OSMnx data before operational use"
R0238,2026,Kirinyaga,Coffee,D03,Kerugoya CC Office Satellite Depot,county_satellite,-0.4989,37.2803,NPK,7200,F24,Kariru Coffee Factory,Baragwi FCS,-0.425995,37.38789,49525,17.7,5,88,338,200,1,14.45,19.51,33.4,3512.0,8,10,0.046,Low,D02,Kianyaga DCC Office Satellite Depot,estimated: haversine distance * 1.35 road factor; replace with OSMnx shortest_path,"estimated from AFA cherry weight proxy; assumed 2,800 kg cherry per acre; fertilizer rates from Draft National Coffee Policy",https://www.afa.go.ke/download/5226/?tmstv=1750232445,https://kirinyaga.go.ke/waiguru-launches-fertilizer-mashinani-initiative-opens-satellite-farm-inputs-depots/,https://kilimo.go.ke/wp-content/uploads/2025/09/Draft-National-Coffee-Policy-2024.pdf,https://osmnx.readthedocs.io/en/stable/user-reference.html,"Estimated for hackathon modelling; validate coordinates, stock and demand with field/OSMnx data before operational use"
R0239,2026,Kirinyaga,Coffee,D03,Kerugoya CC Office Satellite Depot,county_satellite,-0.4989,37.2803,CAN,6600,F24,Kariru Coffee Factory,Baragwi FCS,-0.425995,37.38789,49525,17.7,6,106,338,200,1,14.45,19.51,33.4,3512.0,8,10,0.051,Low,D02,Kianyaga DCC Office Satellite Depot,estimated: haversine distance * 1.35 road factor; replace with OSMnx shortest_path,"estimated from AFA cherry weight proxy; assumed 2,800 kg cherry per acre; fertilizer rates from Draft National Coffee Policy",https://www.afa.go.ke/download/5226/?tmstv=1750232445,https://kirinyaga.go.ke/waiguru-launches-fertilizer-mashinani-initiative-opens-satellite-farm-inputs-depots/,https://kilimo.go.ke/wp-content/uploads/2025/09/Draft-National-Coffee-Policy-2024.pdf,https://osmnx.readthedocs.io/en/stable/user-reference.html,"Estimated for hackathon modelling; validate coordinates, stock and demand with field/OSMnx data before operational use"
R0240,2026,Kirinyaga,Coffee,D03,Kerugoya CC Office Satellite Depot,county_satellite,-0.4989,37.2803,Lime,5900,F24,Kariru Coffee Factory,Baragwi FCS,-0.425995,37.38789,49525,17.7,5,88,338,200,1,14.45,19.51,33.4,3512.0,8,10,0.046,Low,D02,Kianyaga DCC Office Satellite Depot,estimated: haversine distance * 1.35 road factor; replace with OSMnx shortest_path,"estimated from AFA cherry weight proxy; assumed 2,800 kg cherry per acre; fertilizer rates from Draft National Coffee Policy",https://www.afa.go.ke/download/5226/?tmstv=1750232445,https://kirinyaga.go.ke/waiguru-launches-fertilizer-mashinani-initiative-opens-satellite-farm-inputs-depots/,https://kilimo.go.ke/wp-content/uploads/2025/09/Draft-National-Coffee-Policy-2024.pdf,https://osmnx.readthedocs.io/en/stable/user-reference.html,"Estimated for hackathon modelling; validate coordinates, stock and demand with field/OSMnx data before operational use"
R0241,2026,Kirinyaga,Coffee,D03,Kerugoya CC Office Satellite Depot,county_satellite,-0.4989,37.2803,NPK,7200,F25,Thimu Coffee Factory,Baragwi FCS,-0.417322,37.388324,49227,17.6,5,88,337,200,1,15.05,20.32,34.8,3658.0,8,10,0.05,Low,D02,Kianyaga DCC Office Satellite Depot,estimated: haversine distance * 1.35 road factor; replace with OSMnx shortest_path,"estimated from AFA cherry weight proxy; assumed 2,800 kg cherry per acre; fertilizer rates from Draft National Coffee Policy",https://www.afa.go.ke/download/5226/?tmstv=1750232445,https://kirinyaga.go.ke/waiguru-launches-fertilizer-mashinani-initiative-opens-satellite-farm-inputs-depots/,https://kilimo.go.ke/wp-content/uploads/2025/09/Draft-National-Coffee-Policy-2024.pdf,https://osmnx.readthedocs.io/en/stable/user-reference.html,"Estimated for hackathon modelling; validate coordinates, stock and demand with field/OSMnx data before operational use"
R0242,2026,Kirinyaga,Coffee,D03,Kerugoya CC Office Satellite Depot,county_satellite,-0.4989,37.2803,CAN,6600,F25,Thimu Coffee Factory,Baragwi FCS,-0.417322,37.388324,49227,17.6,6,105,337,200,1,15.05,20.32,34.8,3658.0,8,10,0.055,Low,D02,Kianyaga DCC Office Satellite Depot,estimated: haversine distance * 1.35 road factor; replace with OSMnx shortest_path,"estimated from AFA cherry weight proxy; assumed 2,800 kg cherry per acre; fertilizer rates from Draft National Coffee Policy",https://www.afa.go.ke/download/5226/?tmstv=1750232445,https://kirinyaga.go.ke/waiguru-launches-fertilizer-mashinani-initiative-opens-satellite-farm-inputs-depots/,https://kilimo.go.ke/wp-content/uploads/2025/09/Draft-National-Coffee-Policy-2024.pdf,https://osmnx.readthedocs.io/en/stable/user-reference.html,"Estimated for hackathon modelling; validate coordinates, stock and demand with field/OSMnx data before operational use"
R0243,2026,Kirinyaga,Coffee,D03,Kerugoya CC Office Satellite Depot,county_satellite,-0.4989,37.2803,Lime,5900,F25,Thimu Coffee Factory,Baragwi FCS,-0.417322,37.388324,49227,17.6,5,88,337,200,1,15.05,20.32,34.8,3658.0,8,10,0.05,Low,D02,Kianyaga DCC Office Satellite Depot,estimated: haversine distance * 1.35 road factor; replace with OSMnx shortest_path,"estimated from AFA cherry weight proxy; assumed 2,800 kg cherry per acre; fertilizer rates from Draft National Coffee Policy",https://www.afa.go.ke/download/5226/?tmstv=1750232445,https://kirinyaga.go.ke/waiguru-launches-fertilizer-mashinani-initiative-opens-satellite-farm-inputs-depots/,https://kilimo.go.ke/wp-content/uploads/2025/09/Draft-National-Coffee-Policy-2024.pdf,https://osmnx.readthedocs.io/en/stable/user-reference.html,"Estimated for hackathon modelling; validate coordinates, stock and demand with field/OSMnx data before operational use"
R0244,2026,Kirinyaga,Coffee,D03,Kerugoya CC Office Satellite Depot,county_satellite,-0.4989,37.2803,NPK,7200,F26,Gathambi Coffee Factory,Mwirua FCS,-0.407649,37.374548,66705,23.8,5,119,457,200,1,14.59,19.69,33.8,3545.0,8,10,0.06,Low,D02,Kianyaga DCC Office Satellite Depot,estimated: haversine distance * 1.35 road factor; replace with OSMnx shortest_path,"estimated from AFA cherry weight proxy; assumed 2,800 kg cherry per acre; fertilizer rates from Draft National Coffee Policy",https://www.afa.go.ke/download/5226/?tmstv=1750232445,https://kirinyaga.go.ke/waiguru-launches-fertilizer-mashinani-initiative-opens-satellite-farm-inputs-depots/,https://kilimo.go.ke/wp-content/uploads/2025/09/Draft-National-Coffee-Policy-2024.pdf,https://osmnx.readthedocs.io/en/stable/user-reference.html,"Estimated for hackathon modelling; validate coordinates, stock and demand with field/OSMnx data before operational use"
R0245,2026,Kirinyaga,Coffee,D03,Kerugoya CC Office Satellite Depot,county_satellite,-0.4989,37.2803,CAN,6600,F26,Gathambi Coffee Factory,Mwirua FCS,-0.407649,37.374548,66705,23.8,6,143,457,200,1,14.59,19.69,33.8,3545.0,8,10,0.066,Low,D02,Kianyaga DCC Office Satellite Depot,estimated: haversine distance * 1.35 road factor; replace with OSMnx shortest_path,"estimated from AFA cherry weight proxy; assumed 2,800 kg cherry per acre; fertilizer rates from Draft National Coffee Policy",https://www.afa.go.ke/download/5226/?tmstv=1750232445,https://kirinyaga.go.ke/waiguru-launches-fertilizer-mashinani-initiative-opens-satellite-farm-inputs-depots/,https://kilimo.go.ke/wp-content/uploads/2025/09/Draft-National-Coffee-Policy-2024.pdf,https://osmnx.readthedocs.io/en/stable/user-reference.html,"Estimated for hackathon modelling; validate coordinates, stock and demand with field/OSMnx data before operational use"
R0246,2026,Kirinyaga,Coffee,D03,Kerugoya CC Office Satellite Depot,county_satellite,-0.4989,37.2803,Lime,5900,F26,Gathambi Coffee Factory,Mwirua FCS,-0.407649,37.374548,66705,23.8,5,119,457,200,1,14.59,19.69,33.8,3545.0,8,10,0.06,Low,D02,Kianyaga DCC Office Satellite Depot,estimated: haversine distance * 1.35 road factor; replace with OSMnx shortest_path,"estimated from AFA cherry weight proxy; assumed 2,800 kg cherry per acre; fertilizer rates from Draft National Coffee Policy",https://www.afa.go.ke/download/5226/?tmstv=1750232445,https://kirinyaga.go.ke/waiguru-launches-fertilizer-mashinani-initiative-opens-satellite-farm-inputs-depots/,https://kilimo.go.ke/wp-content/uploads/2025/09/Draft-National-Coffee-Policy-2024.pdf,https://osmnx.readthedocs.io/en/stable/user-reference.html,"Estimated for hackathon modelling; validate coordinates, stock and demand with field/OSMnx data before operational use"
R0247,2026,Kirinyaga,Coffee,D03,Kerugoya CC Office Satellite Depot,county_satellite,-0.4989,37.2803,NPK,7200,F27,Kagongo Coffee Factory,Baragwi FCS,-0.437165,37.363183,269086,96.1,5,481,1847,200,3,11.49,15.51,26.6,2792.0,8,10,0.132,Low,D02,Kianyaga DCC Office Satellite Depot,estimated: haversine distance * 1.35 road factor; replace with OSMnx shortest_path,"estimated from AFA cherry weight proxy; assumed 2,800 kg cherry per acre; fertilizer rates from Draft National Coffee Policy",https://www.afa.go.ke/download/5226/?tmstv=1750232445,https://kirinyaga.go.ke/waiguru-launches-fertilizer-mashinani-initiative-opens-satellite-farm-inputs-depots/,https://kilimo.go.ke/wp-content/uploads/2025/09/Draft-National-Coffee-Policy-2024.pdf,https://osmnx.readthedocs.io/en/stable/user-reference.html,"Estimated for hackathon modelling; validate coordinates, stock and demand with field/OSMnx data before operational use"
R0248,2026,Kirinyaga,Coffee,D03,Kerugoya CC Office Satellite Depot,county_satellite,-0.4989,37.2803,CAN,6600,F27,Kagongo Coffee Factory,Baragwi FCS,-0.437165,37.363183,269086,96.1,6,577,1847,200,3,11.49,15.51,26.6,2792.0,8,10,0.158,Low,D02,Kianyaga DCC Office Satellite Depot,estimated: haversine distance * 1.35 road factor; replace with OSMnx shortest_path,"estimated from AFA cherry weight proxy; assumed 2,800 kg cherry per acre; fertilizer rates from Draft National Coffee Policy",https://www.afa.go.ke/download/5226/?tmstv=1750232445,https://kirinyaga.go.ke/waiguru-launches-fertilizer-mashinani-initiative-opens-satellite-farm-inputs-depots/,https://kilimo.go.ke/wp-content/uploads/2025/09/Draft-National-Coffee-Policy-2024.pdf,https://osmnx.readthedocs.io/en/stable/user-reference.html,"Estimated for hackathon modelling; validate coordinates, stock and demand with field/OSMnx data before operational use"
R0249,2026,Kirinyaga,Coffee,D03,Kerugoya CC Office Satellite Depot,county_satellite,-0.4989,37.2803,Lime,5900,F27,Kagongo Coffee Factory,Baragwi FCS,-0.437165,37.363183,269086,96.1,5,481,1847,200,3,11.49,15.51,26.6,2792.0,8,10,0.132,Low,D02,Kianyaga DCC Office Satellite Depot,estimated: haversine distance * 1.35 road factor; replace with OSMnx shortest_path,"estimated from AFA cherry weight proxy; assumed 2,800 kg cherry per acre; fertilizer rates from Draft National Coffee Policy",https://www.afa.go.ke/download/5226/?tmstv=1750232445,https://kirinyaga.go.ke/waiguru-launches-fertilizer-mashinani-initiative-opens-satellite-farm-inputs-depots/,https://kilimo.go.ke/wp-content/uploads/2025/09/Draft-National-Coffee-Policy-2024.pdf,https://osmnx.readthedocs.io/en/stable/user-reference.html,"Estimated for hackathon modelling; validate coordinates, stock and demand with field/OSMnx data before operational use"
R0250,2026,Kirinyaga,Coffee,D03,Kerugoya CC Office Satellite Depot,county_satellite,-0.4989,37.2803,NPK,7200,F28,Thaita Coffee Factory,Inoi FCS,-0.50426,37.276546,981403,350.5,5,1753,6731,200,9,0.73,0.98,1.7,177.0,8,10,0.478,High,D03,Kerugoya CC Office Satellite Depot,estimated: haversine distance * 1.35 road factor; replace with OSMnx shortest_path,"estimated from AFA cherry weight proxy; assumed 2,800 kg cherry per acre; fertilizer rates from Draft National Coffee Policy",https://www.afa.go.ke/download/5226/?tmstv=1750232445,https://kirinyaga.go.ke/waiguru-launches-fertilizer-mashinani-initiative-opens-satellite-farm-inputs-depots/,https://kilimo.go.ke/wp-content/uploads/2025/09/Draft-National-Coffee-Policy-2024.pdf,https://osmnx.readthedocs.io/en/stable/user-reference.html,"Estimated for hackathon modelling; validate coordinates, stock and demand with field/OSMnx data before operational use"
R0251,2026,Kirinyaga,Coffee,D03,Kerugoya CC Office Satellite Depot,county_satellite,-0.4989,37.2803,CAN,6600,F28,Thaita Coffee Factory,Inoi FCS,-0.50426,37.276546,981403,350.5,6,2103,6731,200,11,0.73,0.98,1.7,177.0,8,10,0.572,High,D03,Kerugoya CC Office Satellite Depot,estimated: haversine distance * 1.35 road factor; replace with OSMnx shortest_path,"estimated from AFA cherry weight proxy; assumed 2,800 kg cherry per acre; fertilizer rates from Draft National Coffee Policy",https://www.afa.go.ke/download/5226/?tmstv=1750232445,https://kirinyaga.go.ke/waiguru-launches-fertilizer-mashinani-initiative-opens-satellite-farm-inputs-depots/,https://kilimo.go.ke/wp-content/uploads/2025/09/Draft-National-Coffee-Policy-2024.pdf,https://osmnx.readthedocs.io/en/stable/user-reference.html,"Estimated for hackathon modelling; validate coordinates, stock and demand with field/OSMnx data before operational use"
R0252,2026,Kirinyaga,Coffee,D03,Kerugoya CC Office Satellite Depot,county_satellite,-0.4989,37.2803,Lime,5900,F28,Thaita Coffee Factory,Inoi FCS,-0.50426,37.276546,981403,350.5,5,1753,6731,200,9,0.73,0.98,1.7,177.0,8,10,0.478,High,D03,Kerugoya CC Office Satellite Depot,estimated: haversine distance * 1.35 road factor; replace with OSMnx shortest_path,"estimated from AFA cherry weight proxy; assumed 2,800 kg cherry per acre; fertilizer rates from Draft National Coffee Policy",https://www.afa.go.ke/download/5226/?tmstv=1750232445,https://kirinyaga.go.ke/waiguru-launches-fertilizer-mashinani-initiative-opens-satellite-farm-inputs-depots/,https://kilimo.go.ke/wp-content/uploads/2025/09/Draft-National-Coffee-Policy-2024.pdf,https://osmnx.readthedocs.io/en/stable/user-reference.html,"Estimated for hackathon modelling; validate coordinates, stock and demand with field/OSMnx data before operational use"
R0253,2026,Kirinyaga,Coffee,D04,Kiaga Animal Feeds Factory Satellite Depot,county_satellite,-0.42,37.31,NPK,5000,F01,Kiangoi Coffee Factory,Rung'eto FCS,-0.501303,37.373625,69519,24.8,5,124,476,200,1,11.48,15.5,26.6,2790.0,8,10,0.092,Low,D02,Kianyaga DCC Office Satellite Depot,estimated: haversine distance * 1.35 road factor; replace with OSMnx shortest_path,"estimated from AFA cherry weight proxy; assumed 2,800 kg cherry per acre; fertilizer rates from Draft National Coffee Policy",https://www.afa.go.ke/download/5226/?tmstv=1750232445,https://kirinyaga.go.ke/waiguru-launches-fertilizer-mashinani-initiative-opens-satellite-farm-inputs-depots/,https://kilimo.go.ke/wp-content/uploads/2025/09/Draft-National-Coffee-Policy-2024.pdf,https://osmnx.readthedocs.io/en/stable/user-reference.html,"Estimated for hackathon modelling; validate coordinates, stock and demand with field/OSMnx data before operational use"
R0254,2026,Kirinyaga,Coffee,D04,Kiaga Animal Feeds Factory Satellite Depot,county_satellite,-0.42,37.31,CAN,4600,F01,Kiangoi Coffee Factory,Rung'eto FCS,-0.501303,37.373625,69519,24.8,6,149,476,200,1,11.48,15.5,26.6,2790.0,8,10,0.098,Low,D02,Kianyaga DCC Office Satellite Depot,estimated: haversine distance * 1.35 road factor; replace with OSMnx shortest_path,"estimated from AFA cherry weight proxy; assumed 2,800 kg cherry per acre; fertilizer rates from Draft National Coffee Policy",https://www.afa.go.ke/download/5226/?tmstv=1750232445,https://kirinyaga.go.ke/waiguru-launches-fertilizer-mashinani-initiative-opens-satellite-farm-inputs-depots/,https://kilimo.go.ke/wp-content/uploads/2025/09/Draft-National-Coffee-Policy-2024.pdf,https://osmnx.readthedocs.io/en/stable/user-reference.html,"Estimated for hackathon modelling; validate coordinates, stock and demand with field/OSMnx data before operational use"
R0255,2026,Kirinyaga,Coffee,D04,Kiaga Animal Feeds Factory Satellite Depot,county_satellite,-0.42,37.31,Lime,4300,F01,Kiangoi Coffee Factory,Rung'eto FCS,-0.501303,37.373625,69519,24.8,5,124,476,200,1,11.48,15.5,26.6,2790.0,8,10,0.092,Low,D02,Kianyaga DCC Office Satellite Depot,estimated: haversine distance * 1.35 road factor; replace with OSMnx shortest_path,"estimated from AFA cherry weight proxy; assumed 2,800 kg cherry per acre; fertilizer rates from Draft National Coffee Policy",https://www.afa.go.ke/download/5226/?tmstv=1750232445,https://kirinyaga.go.ke/waiguru-launches-fertilizer-mashinani-initiative-opens-satellite-farm-inputs-depots/,https://kilimo.go.ke/wp-content/uploads/2025/09/Draft-National-Coffee-Policy-2024.pdf,https://osmnx.readthedocs.io/en/stable/user-reference.html,"Estimated for hackathon modelling; validate coordinates, stock and demand with field/OSMnx data before operational use"
R0256,2026,Kirinyaga,Coffee,D04,Kiaga Animal Feeds Factory Satellite Depot,county_satellite,-0.42,37.31,NPK,5000,F02,Kainamui Coffee Factory,New Ngariama FCS,-0.472125,37.459616,386496,138.0,5,690,2650,200,4,17.62,23.78,40.8,4281.0,8,10,0.225,Medium,D07,Ciagini ACC Office Satellite Depot,estimated: haversine distance * 1.35 road factor; replace with OSMnx shortest_path,"estimated from AFA cherry weight proxy; assumed 2,800 kg cherry per acre; fertilizer rates from Draft National Coffee Policy",https://www.afa.go.ke/download/5226/?tmstv=1750232445,https://kirinyaga.go.ke/waiguru-launches-fertilizer-mashinani-initiative-opens-satellite-farm-inputs-depots/,https://kilimo.go.ke/wp-content/uploads/2025/09/Draft-National-Coffee-Policy-2024.pdf,https://osmnx.readthedocs.io/en/stable/user-reference.html,"Estimated for hackathon modelling; validate coordinates, stock and demand with field/OSMnx data before operational use"
R0257,2026,Kirinyaga,Coffee,D04,Kiaga Animal Feeds Factory Satellite Depot,county_satellite,-0.42,37.31,CAN,4600,F02,Kainamui Coffee Factory,New Ngariama FCS,-0.472125,37.459616,386496,138.0,6,828,2650,200,5,17.62,23.78,40.8,4281.0,8,10,0.262,Medium,D07,Ciagini ACC Office Satellite Depot,estimated: haversine distance * 1.35 road factor; replace with OSMnx shortest_path,"estimated from AFA cherry weight proxy; assumed 2,800 kg cherry per acre; fertilizer rates from Draft National Coffee Policy",https://www.afa.go.ke/download/5226/?tmstv=1750232445,https://kirinyaga.go.ke/waiguru-launches-fertilizer-mashinani-initiative-opens-satellite-farm-inputs-depots/,https://kilimo.go.ke/wp-content/uploads/2025/09/Draft-National-Coffee-Policy-2024.pdf,https://osmnx.readthedocs.io/en/stable/user-reference.html,"Estimated for hackathon modelling; validate coordinates, stock and demand with field/OSMnx data before operational use"
R0258,2026,Kirinyaga,Coffee,D04,Kiaga Animal Feeds Factory Satellite Depot,county_satellite,-0.42,37.31,Lime,4300,F02,Kainamui Coffee Factory,New Ngariama FCS,-0.472125,37.459616,386496,138.0,5,690,2650,200,4,17.62,23.78,40.8,4281.0,8,10,0.225,Medium,D07,Ciagini ACC Office Satellite Depot,estimated: haversine distance * 1.35 road factor; replace with OSMnx shortest_path,"estimated from AFA cherry weight proxy; assumed 2,800 kg cherry per acre; fertilizer rates from Draft National Coffee Policy",https://www.afa.go.ke/download/5226/?tmstv=1750232445,https://kirinyaga.go.ke/waiguru-launches-fertilizer-mashinani-initiative-opens-satellite-farm-inputs-depots/,https://kilimo.go.ke/wp-content/uploads/2025/09/Draft-National-Coffee-Policy-2024.pdf,https://osmnx.readthedocs.io/en/stable/user-reference.html,"Estimated for hackathon modelling; validate coordinates, stock and demand with field/OSMnx data before operational use"
R0259,2026,Kirinyaga,Coffee,D04,Kiaga Animal Feeds Factory Satellite Depot,county_satellite,-0.42,37.31,NPK,5000,F03,Kaguyu Coffee Factory,Inoi FCS,-0.503818,37.276883,213771,76.3,5,382,1466,200,2,10.02,13.53,23.2,2435.0,8,10,0.108,Low,D03,Kerugoya CC Office Satellite Depot,estimated: haversine distance * 1.35 road factor; replace with OSMnx shortest_path,"estimated from AFA cherry weight proxy; assumed 2,800 kg cherry per acre; fertilizer rates from Draft National Coffee Policy",https://www.afa.go.ke/download/5226/?tmstv=1750232445,https://kirinyaga.go.ke/waiguru-launches-fertilizer-mashinani-initiative-opens-satellite-farm-inputs-depots/,https://kilimo.go.ke/wp-content/uploads/2025/09/Draft-National-Coffee-Policy-2024.pdf,https://osmnx.readthedocs.io/en/stable/user-reference.html,"Estimated for hackathon modelling; validate coordinates, stock and demand with field/OSMnx data before operational use"
R0260,2026,Kirinyaga,Coffee,D04,Kiaga Animal Feeds Factory Satellite Depot,county_satellite,-0.42,37.31,CAN,4600,F03,Kaguyu Coffee Factory,Inoi FCS,-0.503818,37.276883,213771,76.3,6,458,1466,200,3,10.02,13.53,23.2,2435.0,8,10,0.129,Low,D03,Kerugoya CC Office Satellite Depot,estimated: haversine distance * 1.35 road factor; replace with OSMnx shortest_path,"estimated from AFA cherry weight proxy; assumed 2,800 kg cherry per acre; fertilizer rates from Draft National Coffee Policy",https://www.afa.go.ke/download/5226/?tmstv=1750232445,https://kirinyaga.go.ke/waiguru-launches-fertilizer-mashinani-initiative-opens-satellite-farm-inputs-depots/,https://kilimo.go.ke/wp-content/uploads/2025/09/Draft-National-Coffee-Policy-2024.pdf,https://osmnx.readthedocs.io/en/stable/user-reference.html,"Estimated for hackathon modelling; validate coordinates, stock and demand with field/OSMnx data before operational use"
R0261,2026,Kirinyaga,Coffee,D04,Kiaga Animal Feeds Factory Satellite Depot,county_satellite,-0.42,37.31,Lime,4300,F03,Kaguyu Coffee Factory,Inoi FCS,-0.503818,37.276883,213771,76.3,5,382,1466,200,2,10.02,13.53,23.2,2435.0,8,10,0.108,Low,D03,Kerugoya CC Office Satellite Depot,estimated: haversine distance * 1.35 road factor; replace with OSMnx shortest_path,"estimated from AFA cherry weight proxy; assumed 2,800 kg cherry per acre; fertilizer rates from Draft National Coffee Policy",https://www.afa.go.ke/download/5226/?tmstv=1750232445,https://kirinyaga.go.ke/waiguru-launches-fertilizer-mashinani-initiative-opens-satellite-farm-inputs-depots/,https://kilimo.go.ke/wp-content/uploads/2025/09/Draft-National-Coffee-Policy-2024.pdf,https://osmnx.readthedocs.io/en/stable/user-reference.html,"Estimated for hackathon modelling; validate coordinates, stock and demand with field/OSMnx data before operational use"
R0262,2026,Kirinyaga,Coffee,D04,Kiaga Animal Feeds Factory Satellite Depot,county_satellite,-0.42,37.31,NPK,5000,F04,Kariko Coffee Factory,Inoi FCS,-0.497039,37.273935,800249,285.8,5,1429,5488,200,8,9.46,12.77,21.9,2298.0,8,10,0.391,Medium,D03,Kerugoya CC Office Satellite Depot,estimated: haversine distance * 1.35 road factor; replace with OSMnx shortest_path,"estimated from AFA cherry weight proxy; assumed 2,800 kg cherry per acre; fertilizer rates from Draft National Coffee Policy",https://www.afa.go.ke/download/5226/?tmstv=1750232445,https://kirinyaga.go.ke/waiguru-launches-fertilizer-mashinani-initiative-opens-satellite-farm-inputs-depots/,https://kilimo.go.ke/wp-content/uploads/2025/09/Draft-National-Coffee-Policy-2024.pdf,https://osmnx.readthedocs.io/en/stable/user-reference.html,"Estimated for hackathon modelling; validate coordinates, stock and demand with field/OSMnx data before operational use"
R0263,2026,Kirinyaga,Coffee,D04,Kiaga Animal Feeds Factory Satellite Depot,county_satellite,-0.42,37.31,CAN,4600,F04,Kariko Coffee Factory,Inoi FCS,-0.497039,37.273935,800249,285.8,6,1715,5488,200,9,9.46,12.77,21.9,2298.0,8,10,0.468,High,D03,Kerugoya CC Office Satellite Depot,estimated: haversine distance * 1.35 road factor; replace with OSMnx shortest_path,"estimated from AFA cherry weight proxy; assumed 2,800 kg cherry per acre; fertilizer rates from Draft National Coffee Policy",https://www.afa.go.ke/download/5226/?tmstv=1750232445,https://kirinyaga.go.ke/waiguru-launches-fertilizer-mashinani-initiative-opens-satellite-farm-inputs-depots/,https://kilimo.go.ke/wp-content/uploads/2025/09/Draft-National-Coffee-Policy-2024.pdf,https://osmnx.readthedocs.io/en/stable/user-reference.html,"Estimated for hackathon modelling; validate coordinates, stock and demand with field/OSMnx data before operational use"
R0264,2026,Kirinyaga,Coffee,D04,Kiaga Animal Feeds Factory Satellite Depot,county_satellite,-0.42,37.31,Lime,4300,F04,Kariko Coffee Factory,Inoi FCS,-0.497039,37.273935,800249,285.8,5,1429,5488,200,8,9.46,12.77,21.9,2298.0,8,10,0.391,Medium,D03,Kerugoya CC Office Satellite Depot,estimated: haversine distance * 1.35 road factor; replace with OSMnx shortest_path,"estimated from AFA cherry weight proxy; assumed 2,800 kg cherry per acre; fertilizer rates from Draft National Coffee Policy",https://www.afa.go.ke/download/5226/?tmstv=1750232445,https://kirinyaga.go.ke/waiguru-launches-fertilizer-mashinani-initiative-opens-satellite-farm-inputs-depots/,https://kilimo.go.ke/wp-content/uploads/2025/09/Draft-National-Coffee-Policy-2024.pdf,https://osmnx.readthedocs.io/en/stable/user-reference.html,"Estimated for hackathon modelling; validate coordinates, stock and demand with field/OSMnx data before operational use"
R0265,2026,Kirinyaga,Coffee,D04,Kiaga Animal Feeds Factory Satellite Depot,county_satellite,-0.42,37.31,NPK,5000,F05,Mushagara Coffee Factory,Baragwi FCS,-0.41839,37.358649,657558,234.8,5,1174,4508,200,6,5.41,7.31,12.5,1315.0,8,10,0.334,Medium,D02,Kianyaga DCC Office Satellite Depot,estimated: haversine distance * 1.35 road factor; replace with OSMnx shortest_path,"estimated from AFA cherry weight proxy; assumed 2,800 kg cherry per acre; fertilizer rates from Draft National Coffee Policy",https://www.afa.go.ke/download/5226/?tmstv=1750232445,https://kirinyaga.go.ke/waiguru-launches-fertilizer-mashinani-initiative-opens-satellite-farm-inputs-depots/,https://kilimo.go.ke/wp-content/uploads/2025/09/Draft-National-Coffee-Policy-2024.pdf,https://osmnx.readthedocs.io/en/stable/user-reference.html,"Estimated for hackathon modelling; validate coordinates, stock and demand with field/OSMnx data before operational use"
R0266,2026,Kirinyaga,Coffee,D04,Kiaga Animal Feeds Factory Satellite Depot,county_satellite,-0.42,37.31,CAN,4600,F05,Mushagara Coffee Factory,Baragwi FCS,-0.41839,37.358649,657558,234.8,6,1409,4508,200,8,5.41,7.31,12.5,1315.0,8,10,0.397,Medium,D02,Kianyaga DCC Office Satellite Depot,estimated: haversine distance * 1.35 road factor; replace with OSMnx shortest_path,"estimated from AFA cherry weight proxy; assumed 2,800 kg cherry per acre; fertilizer rates from Draft National Coffee Policy",https://www.afa.go.ke/download/5226/?tmstv=1750232445,https://kirinyaga.go.ke/waiguru-launches-fertilizer-mashinani-initiative-opens-satellite-farm-inputs-depots/,https://kilimo.go.ke/wp-content/uploads/2025/09/Draft-National-Coffee-Policy-2024.pdf,https://osmnx.readthedocs.io/en/stable/user-reference.html,"Estimated for hackathon modelling; validate coordinates, stock and demand with field/OSMnx data before operational use"
R0267,2026,Kirinyaga,Coffee,D04,Kiaga Animal Feeds Factory Satellite Depot,county_satellite,-0.42,37.31,Lime,4300,F05,Mushagara Coffee Factory,Baragwi FCS,-0.41839,37.358649,657558,234.8,5,1174,4508,200,6,5.41,7.31,12.5,1315.0,8,10,0.334,Medium,D02,Kianyaga DCC Office Satellite Depot,estimated: haversine distance * 1.35 road factor; replace with OSMnx shortest_path,"estimated from AFA cherry weight proxy; assumed 2,800 kg cherry per acre; fertilizer rates from Draft National Coffee Policy",https://www.afa.go.ke/download/5226/?tmstv=1750232445,https://kirinyaga.go.ke/waiguru-launches-fertilizer-mashinani-initiative-opens-satellite-farm-inputs-depots/,https://kilimo.go.ke/wp-content/uploads/2025/09/Draft-National-Coffee-Policy-2024.pdf,https://osmnx.readthedocs.io/en/stable/user-reference.html,"Estimated for hackathon modelling; validate coordinates, stock and demand with field/OSMnx data before operational use"
R0268,2026,Kirinyaga,Coffee,D04,Kiaga Animal Feeds Factory Satellite Depot,county_satellite,-0.42,37.31,NPK,5000,F06,Gachami Coffee Factory,Baragwi FCS,-0.443407,37.368027,1318667,471.0,5,2355,9043,200,12,6.96,9.39,16.1,1691.0,8,10,0.64,High,D02,Kianyaga DCC Office Satellite Depot,estimated: haversine distance * 1.35 road factor; replace with OSMnx shortest_path,"estimated from AFA cherry weight proxy; assumed 2,800 kg cherry per acre; fertilizer rates from Draft National Coffee Policy",https://www.afa.go.ke/download/5226/?tmstv=1750232445,https://kirinyaga.go.ke/waiguru-launches-fertilizer-mashinani-initiative-opens-satellite-farm-inputs-depots/,https://kilimo.go.ke/wp-content/uploads/2025/09/Draft-National-Coffee-Policy-2024.pdf,https://osmnx.readthedocs.io/en/stable/user-reference.html,"Estimated for hackathon modelling; validate coordinates, stock and demand with field/OSMnx data before operational use"
R0269,2026,Kirinyaga,Coffee,D04,Kiaga Animal Feeds Factory Satellite Depot,county_satellite,-0.42,37.31,CAN,4600,F06,Gachami Coffee Factory,Baragwi FCS,-0.443407,37.368027,1318667,471.0,6,2826,9043,200,15,6.96,9.39,16.1,1691.0,8,10,0.706,High,D02,Kianyaga DCC Office Satellite Depot,estimated: haversine distance * 1.35 road factor; replace with OSMnx shortest_path,"estimated from AFA cherry weight proxy; assumed 2,800 kg cherry per acre; fertilizer rates from Draft National Coffee Policy",https://www.afa.go.ke/download/5226/?tmstv=1750232445,https://kirinyaga.go.ke/waiguru-launches-fertilizer-mashinani-initiative-opens-satellite-farm-inputs-depots/,https://kilimo.go.ke/wp-content/uploads/2025/09/Draft-National-Coffee-Policy-2024.pdf,https://osmnx.readthedocs.io/en/stable/user-reference.html,"Estimated for hackathon modelling; validate coordinates, stock and demand with field/OSMnx data before operational use"
R0270,2026,Kirinyaga,Coffee,D04,Kiaga Animal Feeds Factory Satellite Depot,county_satellite,-0.42,37.31,Lime,4300,F06,Gachami Coffee Factory,Baragwi FCS,-0.443407,37.368027,1318667,471.0,5,2355,9043,200,12,6.96,9.39,16.1,1691.0,8,10,0.64,High,D02,Kianyaga DCC Office Satellite Depot,estimated: haversine distance * 1.35 road factor; replace with OSMnx shortest_path,"estimated from AFA cherry weight proxy; assumed 2,800 kg cherry per acre; fertilizer rates from Draft National Coffee Policy",https://www.afa.go.ke/download/5226/?tmstv=1750232445,https://kirinyaga.go.ke/waiguru-launches-fertilizer-mashinani-initiative-opens-satellite-farm-inputs-depots/,https://kilimo.go.ke/wp-content/uploads/2025/09/Draft-National-Coffee-Policy-2024.pdf,https://osmnx.readthedocs.io/en/stable/user-reference.html,"Estimated for hackathon modelling; validate coordinates, stock and demand with field/OSMnx data before operational use"
R0271,2026,Kirinyaga,Coffee,D04,Kiaga Animal Feeds Factory Satellite Depot,county_satellite,-0.42,37.31,NPK,5000,F07,Konyu Coffee Factory,Kabare FCS,-0.543367,37.326494,193060,69.0,5,345,1325,200,2,13.84,18.68,32.0,3363.0,8,10,0.12,Low,D05,Baricho DCC Office Satellite Depot,estimated: haversine distance * 1.35 road factor; replace with OSMnx shortest_path,"estimated from AFA cherry weight proxy; assumed 2,800 kg cherry per acre; fertilizer rates from Draft National Coffee Policy",https://www.afa.go.ke/download/5226/?tmstv=1750232445,https://kirinyaga.go.ke/waiguru-launches-fertilizer-mashinani-initiative-opens-satellite-farm-inputs-depots/,https://kilimo.go.ke/wp-content/uploads/2025/09/Draft-National-Coffee-Policy-2024.pdf,https://osmnx.readthedocs.io/en/stable/user-reference.html,"Estimated for hackathon modelling; validate coordinates, stock and demand with field/OSMnx data before operational use"
R0272,2026,Kirinyaga,Coffee,D04,Kiaga Animal Feeds Factory Satellite Depot,county_satellite,-0.42,37.31,CAN,4600,F07,Konyu Coffee Factory,Kabare FCS,-0.543367,37.326494,193060,69.0,6,414,1325,200,3,13.84,18.68,32.0,3363.0,8,10,0.138,Low,D05,Baricho DCC Office Satellite Depot,estimated: haversine distance * 1.35 road factor; replace with OSMnx shortest_path,"estimated from AFA cherry weight proxy; assumed 2,800 kg cherry per acre; fertilizer rates from Draft National Coffee Policy",https://www.afa.go.ke/download/5226/?tmstv=1750232445,https://kirinyaga.go.ke/waiguru-launches-fertilizer-mashinani-initiative-opens-satellite-farm-inputs-depots/,https://kilimo.go.ke/wp-content/uploads/2025/09/Draft-National-Coffee-Policy-2024.pdf,https://osmnx.readthedocs.io/en/stable/user-reference.html,"Estimated for hackathon modelling; validate coordinates, stock and demand with field/OSMnx data before operational use"
R0273,2026,Kirinyaga,Coffee,D04,Kiaga Animal Feeds Factory Satellite Depot,county_satellite,-0.42,37.31,Lime,4300,F07,Konyu Coffee Factory,Kabare FCS,-0.543367,37.326494,193060,69.0,5,345,1325,200,2,13.84,18.68,32.0,3363.0,8,10,0.12,Low,D05,Baricho DCC Office Satellite Depot,estimated: haversine distance * 1.35 road factor; replace with OSMnx shortest_path,"estimated from AFA cherry weight proxy; assumed 2,800 kg cherry per acre; fertilizer rates from Draft National Coffee Policy",https://www.afa.go.ke/download/5226/?tmstv=1750232445,https://kirinyaga.go.ke/waiguru-launches-fertilizer-mashinani-initiative-opens-satellite-farm-inputs-depots/,https://kilimo.go.ke/wp-content/uploads/2025/09/Draft-National-Coffee-Policy-2024.pdf,https://osmnx.readthedocs.io/en/stable/user-reference.html,"Estimated for hackathon modelling; validate coordinates, stock and demand with field/OSMnx data before operational use"
R0274,2026,Kirinyaga,Coffee,D04,Kiaga Animal Feeds Factory Satellite Depot,county_satellite,-0.42,37.31,NPK,5000,F08,Thunguri Coffee Factory,Kibirigwi FCS,-0.559251,37.158225,842805,301.0,5,1505,5779,200,8,22.9,30.92,53.0,5565.0,8,10,0.51,High,D09,Sagana NCPB Depot,estimated: haversine distance * 1.35 road factor; replace with OSMnx shortest_path,"estimated from AFA cherry weight proxy; assumed 2,800 kg cherry per acre; fertilizer rates from Draft National Coffee Policy",https://www.afa.go.ke/download/5226/?tmstv=1750232445,https://kirinyaga.go.ke/waiguru-launches-fertilizer-mashinani-initiative-opens-satellite-farm-inputs-depots/,https://kilimo.go.ke/wp-content/uploads/2025/09/Draft-National-Coffee-Policy-2024.pdf,https://osmnx.readthedocs.io/en/stable/user-reference.html,"Estimated for hackathon modelling; validate coordinates, stock and demand with field/OSMnx data before operational use"
R0275,2026,Kirinyaga,Coffee,D04,Kiaga Animal Feeds Factory Satellite Depot,county_satellite,-0.42,37.31,CAN,4600,F08,Thunguri Coffee Factory,Kibirigwi FCS,-0.559251,37.158225,842805,301.0,6,1806,5779,200,10,22.9,30.92,53.0,5565.0,8,10,0.591,High,D09,Sagana NCPB Depot,estimated: haversine distance * 1.35 road factor; replace with OSMnx shortest_path,"estimated from AFA cherry weight proxy; assumed 2,800 kg cherry per acre; fertilizer rates from Draft National Coffee Policy",https://www.afa.go.ke/download/5226/?tmstv=1750232445,https://kirinyaga.go.ke/waiguru-launches-fertilizer-mashinani-initiative-opens-satellite-farm-inputs-depots/,https://kilimo.go.ke/wp-content/uploads/2025/09/Draft-National-Coffee-Policy-2024.pdf,https://osmnx.readthedocs.io/en/stable/user-reference.html,"Estimated for hackathon modelling; validate coordinates, stock and demand with field/OSMnx data before operational use"
R0276,2026,Kirinyaga,Coffee,D04,Kiaga Animal Feeds Factory Satellite Depot,county_satellite,-0.42,37.31,Lime,4300,F08,Thunguri Coffee Factory,Kibirigwi FCS,-0.559251,37.158225,842805,301.0,5,1505,5779,200,8,22.9,30.92,53.0,5565.0,8,10,0.51,High,D09,Sagana NCPB Depot,estimated: haversine distance * 1.35 road factor; replace with OSMnx shortest_path,"estimated from AFA cherry weight proxy; assumed 2,800 kg cherry per acre; fertilizer rates from Draft National Coffee Policy",https://www.afa.go.ke/download/5226/?tmstv=1750232445,https://kirinyaga.go.ke/waiguru-launches-fertilizer-mashinani-initiative-opens-satellite-farm-inputs-depots/,https://kilimo.go.ke/wp-content/uploads/2025/09/Draft-National-Coffee-Policy-2024.pdf,https://osmnx.readthedocs.io/en/stable/user-reference.html,"Estimated for hackathon modelling; validate coordinates, stock and demand with field/OSMnx data before operational use"
R0277,2026,Kirinyaga,Coffee,D04,Kiaga Animal Feeds Factory Satellite Depot,county_satellite,-0.42,37.31,NPK,5000,F09,Kiandieri Coffee Factory,Inoi FCS,-0.500398,37.283446,98015,35.0,5,175,672,200,1,9.41,12.71,21.8,2288.0,8,10,0.05,Low,D03,Kerugoya CC Office Satellite Depot,estimated: haversine distance * 1.35 road factor; replace with OSMnx shortest_path,"estimated from AFA cherry weight proxy; assumed 2,800 kg cherry per acre; fertilizer rates from Draft National Coffee Policy",https://www.afa.go.ke/download/5226/?tmstv=1750232445,https://kirinyaga.go.ke/waiguru-launches-fertilizer-mashinani-initiative-opens-satellite-farm-inputs-depots/,https://kilimo.go.ke/wp-content/uploads/2025/09/Draft-National-Coffee-Policy-2024.pdf,https://osmnx.readthedocs.io/en/stable/user-reference.html,"Estimated for hackathon modelling; validate coordinates, stock and demand with field/OSMnx data before operational use"
R0278,2026,Kirinyaga,Coffee,D04,Kiaga Animal Feeds Factory Satellite Depot,county_satellite,-0.42,37.31,CAN,4600,F09,Kiandieri Coffee Factory,Inoi FCS,-0.500398,37.283446,98015,35.0,6,210,672,200,2,9.41,12.71,21.8,2288.0,8,10,0.06,Low,D03,Kerugoya CC Office Satellite Depot,estimated: haversine distance * 1.35 road factor; replace with OSMnx shortest_path,"estimated from AFA cherry weight proxy; assumed 2,800 kg cherry per acre; fertilizer rates from Draft National Coffee Policy",https://www.afa.go.ke/download/5226/?tmstv=1750232445,https://kirinyaga.go.ke/waiguru-launches-fertilizer-mashinani-initiative-opens-satellite-farm-inputs-depots/,https://kilimo.go.ke/wp-content/uploads/2025/09/Draft-National-Coffee-Policy-2024.pdf,https://osmnx.readthedocs.io/en/stable/user-reference.html,"Estimated for hackathon modelling; validate coordinates, stock and demand with field/OSMnx data before operational use"
R0279,2026,Kirinyaga,Coffee,D04,Kiaga Animal Feeds Factory Satellite Depot,county_satellite,-0.42,37.31,Lime,4300,F09,Kiandieri Coffee Factory,Inoi FCS,-0.500398,37.283446,98015,35.0,5,175,672,200,1,9.41,12.71,21.8,2288.0,8,10,0.05,Low,D03,Kerugoya CC Office Satellite Depot,estimated: haversine distance * 1.35 road factor; replace with OSMnx shortest_path,"estimated from AFA cherry weight proxy; assumed 2,800 kg cherry per acre; fertilizer rates from Draft National Coffee Policy",https://www.afa.go.ke/download/5226/?tmstv=1750232445,https://kirinyaga.go.ke/waiguru-launches-fertilizer-mashinani-initiative-opens-satellite-farm-inputs-depots/,https://kilimo.go.ke/wp-content/uploads/2025/09/Draft-National-Coffee-Policy-2024.pdf,https://osmnx.readthedocs.io/en/stable/user-reference.html,"Estimated for hackathon modelling; validate coordinates, stock and demand with field/OSMnx data before operational use"
R0280,2026,Kirinyaga,Coffee,D04,Kiaga Animal Feeds Factory Satellite Depot,county_satellite,-0.42,37.31,NPK,5000,F10,Rutui Coffee Factory,Inoi FCS,-0.491453,37.280532,202521,72.3,5,362,1390,200,2,8.59,11.6,19.9,2088.0,8,10,0.104,Low,D03,Kerugoya CC Office Satellite Depot,estimated: haversine distance * 1.35 road factor; replace with OSMnx shortest_path,"estimated from AFA cherry weight proxy; assumed 2,800 kg cherry per acre; fertilizer rates from Draft National Coffee Policy",https://www.afa.go.ke/download/5226/?tmstv=1750232445,https://kirinyaga.go.ke/waiguru-launches-fertilizer-mashinani-initiative-opens-satellite-farm-inputs-depots/,https://kilimo.go.ke/wp-content/uploads/2025/09/Draft-National-Coffee-Policy-2024.pdf,https://osmnx.readthedocs.io/en/stable/user-reference.html,"Estimated for hackathon modelling; validate coordinates, stock and demand with field/OSMnx data before operational use"
R0281,2026,Kirinyaga,Coffee,D04,Kiaga Animal Feeds Factory Satellite Depot,county_satellite,-0.42,37.31,CAN,4600,F10,Rutui Coffee Factory,Inoi FCS,-0.491453,37.280532,202521,72.3,6,434,1390,200,3,8.59,11.6,19.9,2088.0,8,10,0.124,Low,D03,Kerugoya CC Office Satellite Depot,estimated: haversine distance * 1.35 road factor; replace with OSMnx shortest_path,"estimated from AFA cherry weight proxy; assumed 2,800 kg cherry per acre; fertilizer rates from Draft National Coffee Policy",https://www.afa.go.ke/download/5226/?tmstv=1750232445,https://kirinyaga.go.ke/waiguru-launches-fertilizer-mashinani-initiative-opens-satellite-farm-inputs-depots/,https://kilimo.go.ke/wp-content/uploads/2025/09/Draft-National-Coffee-Policy-2024.pdf,https://osmnx.readthedocs.io/en/stable/user-reference.html,"Estimated for hackathon modelling; validate coordinates, stock and demand with field/OSMnx data before operational use"
R0282,2026,Kirinyaga,Coffee,D04,Kiaga Animal Feeds Factory Satellite Depot,county_satellite,-0.42,37.31,Lime,4300,F10,Rutui Coffee Factory,Inoi FCS,-0.491453,37.280532,202521,72.3,5,362,1390,200,2,8.59,11.6,19.9,2088.0,8,10,0.104,Low,D03,Kerugoya CC Office Satellite Depot,estimated: haversine distance * 1.35 road factor; replace with OSMnx shortest_path,"estimated from AFA cherry weight proxy; assumed 2,800 kg cherry per acre; fertilizer rates from Draft National Coffee Policy",https://www.afa.go.ke/download/5226/?tmstv=1750232445,https://kirinyaga.go.ke/waiguru-launches-fertilizer-mashinani-initiative-opens-satellite-farm-inputs-depots/,https://kilimo.go.ke/wp-content/uploads/2025/09/Draft-National-Coffee-Policy-2024.pdf,https://osmnx.readthedocs.io/en/stable/user-reference.html,"Estimated for hackathon modelling; validate coordinates, stock and demand with field/OSMnx data before operational use"
R0283,2026,Kirinyaga,Coffee,D04,Kiaga Animal Feeds Factory Satellite Depot,county_satellite,-0.42,37.31,NPK,5000,F11,Kiang'ombe Coffee Factory,Kabare FCS,-0.545471,37.335991,421153,150.4,5,752,2887,200,4,14.25,19.23,33.0,3462.0,8,10,0.225,Medium,D05,Baricho DCC Office Satellite Depot,estimated: haversine distance * 1.35 road factor; replace with OSMnx shortest_path,"estimated from AFA cherry weight proxy; assumed 2,800 kg cherry per acre; fertilizer rates from Draft National Coffee Policy",https://www.afa.go.ke/download/5226/?tmstv=1750232445,https://kirinyaga.go.ke/waiguru-launches-fertilizer-mashinani-initiative-opens-satellite-farm-inputs-depots/,https://kilimo.go.ke/wp-content/uploads/2025/09/Draft-National-Coffee-Policy-2024.pdf,https://osmnx.readthedocs.io/en/stable/user-reference.html,"Estimated for hackathon modelling; validate coordinates, stock and demand with field/OSMnx data before operational use"
R0284,2026,Kirinyaga,Coffee,D04,Kiaga Animal Feeds Factory Satellite Depot,county_satellite,-0.42,37.31,CAN,4600,F11,Kiang'ombe Coffee Factory,Kabare FCS,-0.545471,37.335991,421153,150.4,6,902,2887,200,5,14.25,19.23,33.0,3462.0,8,10,0.265,Medium,D05,Baricho DCC Office Satellite Depot,estimated: haversine distance * 1.35 road factor; replace with OSMnx shortest_path,"estimated from AFA cherry weight proxy; assumed 2,800 kg cherry per acre; fertilizer rates from Draft National Coffee Policy",https://www.afa.go.ke/download/5226/?tmstv=1750232445,https://kirinyaga.go.ke/waiguru-launches-fertilizer-mashinani-initiative-opens-satellite-farm-inputs-depots/,https://kilimo.go.ke/wp-content/uploads/2025/09/Draft-National-Coffee-Policy-2024.pdf,https://osmnx.readthedocs.io/en/stable/user-reference.html,"Estimated for hackathon modelling; validate coordinates, stock and demand with field/OSMnx data before operational use"
R0285,2026,Kirinyaga,Coffee,D04,Kiaga Animal Feeds Factory Satellite Depot,county_satellite,-0.42,37.31,Lime,4300,F11,Kiang'ombe Coffee Factory,Kabare FCS,-0.545471,37.335991,421153,150.4,5,752,2887,200,4,14.25,19.23,33.0,3462.0,8,10,0.225,Medium,D05,Baricho DCC Office Satellite Depot,estimated: haversine distance * 1.35 road factor; replace with OSMnx shortest_path,"estimated from AFA cherry weight proxy; assumed 2,800 kg cherry per acre; fertilizer rates from Draft National Coffee Policy",https://www.afa.go.ke/download/5226/?tmstv=1750232445,https://kirinyaga.go.ke/waiguru-launches-fertilizer-mashinani-initiative-opens-satellite-farm-inputs-depots/,https://kilimo.go.ke/wp-content/uploads/2025/09/Draft-National-Coffee-Policy-2024.pdf,https://osmnx.readthedocs.io/en/stable/user-reference.html,"Estimated for hackathon modelling; validate coordinates, stock and demand with field/OSMnx data before operational use"
R0286,2026,Kirinyaga,Coffee,D04,Kiaga Animal Feeds Factory Satellite Depot,county_satellite,-0.42,37.31,NPK,5000,F12,Guama Coffee Factory,Baragwi FCS,-0.436799,37.373277,640750,228.8,5,1144,4393,200,6,7.28,9.83,16.8,1769.0,8,10,0.315,Medium,D02,Kianyaga DCC Office Satellite Depot,estimated: haversine distance * 1.35 road factor; replace with OSMnx shortest_path,"estimated from AFA cherry weight proxy; assumed 2,800 kg cherry per acre; fertilizer rates from Draft National Coffee Policy",https://www.afa.go.ke/download/5226/?tmstv=1750232445,https://kirinyaga.go.ke/waiguru-launches-fertilizer-mashinani-initiative-opens-satellite-farm-inputs-depots/,https://kilimo.go.ke/wp-content/uploads/2025/09/Draft-National-Coffee-Policy-2024.pdf,https://osmnx.readthedocs.io/en/stable/user-reference.html,"Estimated for hackathon modelling; validate coordinates, stock and demand with field/OSMnx data before operational use"
R0287,2026,Kirinyaga,Coffee,D04,Kiaga Animal Feeds Factory Satellite Depot,county_satellite,-0.42,37.31,CAN,4600,F12,Guama Coffee Factory,Baragwi FCS,-0.436799,37.373277,640750,228.8,6,1373,4393,200,7,7.28,9.83,16.8,1769.0,8,10,0.376,Medium,D02,Kianyaga DCC Office Satellite Depot,estimated: haversine distance * 1.35 road factor; replace with OSMnx shortest_path,"estimated from AFA cherry weight proxy; assumed 2,800 kg cherry per acre; fertilizer rates from Draft National Coffee Policy",https://www.afa.go.ke/download/5226/?tmstv=1750232445,https://kirinyaga.go.ke/waiguru-launches-fertilizer-mashinani-initiative-opens-satellite-farm-inputs-depots/,https://kilimo.go.ke/wp-content/uploads/2025/09/Draft-National-Coffee-Policy-2024.pdf,https://osmnx.readthedocs.io/en/stable/user-reference.html,"Estimated for hackathon modelling; validate coordinates, stock and demand with field/OSMnx data before operational use"
R0288,2026,Kirinyaga,Coffee,D04,Kiaga Animal Feeds Factory Satellite Depot,county_satellite,-0.42,37.31,Lime,4300,F12,Guama Coffee Factory,Baragwi FCS,-0.436799,37.373277,640750,228.8,5,1144,4393,200,6,7.28,9.83,16.8,1769.0,8,10,0.315,Medium,D02,Kianyaga DCC Office Satellite Depot,estimated: haversine distance * 1.35 road factor; replace with OSMnx shortest_path,"estimated from AFA cherry weight proxy; assumed 2,800 kg cherry per acre; fertilizer rates from Draft National Coffee Policy",https://www.afa.go.ke/download/5226/?tmstv=1750232445,https://kirinyaga.go.ke/waiguru-launches-fertilizer-mashinani-initiative-opens-satellite-farm-inputs-depots/,https://kilimo.go.ke/wp-content/uploads/2025/09/Draft-National-Coffee-Policy-2024.pdf,https://osmnx.readthedocs.io/en/stable/user-reference.html,"Estimated for hackathon modelling; validate coordinates, stock and demand with field/OSMnx data before operational use"
R0289,2026,Kirinyaga,Coffee,D04,Kiaga Animal Feeds Factory Satellite Depot,county_satellite,-0.42,37.31,NPK,5000,F13,Kiri Coffee Factory,Ngiriambu FCS,-0.442714,37.429183,304470,108.7,5,544,2088,200,3,13.49,18.21,31.2,3278.0,8,10,0.204,Low,D02,Kianyaga DCC Office Satellite Depot,estimated: haversine distance * 1.35 road factor; replace with OSMnx shortest_path,"estimated from AFA cherry weight proxy; assumed 2,800 kg cherry per acre; fertilizer rates from Draft National Coffee Policy",https://www.afa.go.ke/download/5226/?tmstv=1750232445,https://kirinyaga.go.ke/waiguru-launches-fertilizer-mashinani-initiative-opens-satellite-farm-inputs-depots/,https://kilimo.go.ke/wp-content/uploads/2025/09/Draft-National-Coffee-Policy-2024.pdf,https://osmnx.readthedocs.io/en/stable/user-reference.html,"Estimated for hackathon modelling; validate coordinates, stock and demand with field/OSMnx data before operational use"
R0290,2026,Kirinyaga,Coffee,D04,Kiaga Animal Feeds Factory Satellite Depot,county_satellite,-0.42,37.31,CAN,4600,F13,Kiri Coffee Factory,Ngiriambu FCS,-0.442714,37.429183,304470,108.7,6,652,2088,200,4,13.49,18.21,31.2,3278.0,8,10,0.233,Medium,D02,Kianyaga DCC Office Satellite Depot,estimated: haversine distance * 1.35 road factor; replace with OSMnx shortest_path,"estimated from AFA cherry weight proxy; assumed 2,800 kg cherry per acre; fertilizer rates from Draft National Coffee Policy",https://www.afa.go.ke/download/5226/?tmstv=1750232445,https://kirinyaga.go.ke/waiguru-launches-fertilizer-mashinani-initiative-opens-satellite-farm-inputs-depots/,https://kilimo.go.ke/wp-content/uploads/2025/09/Draft-National-Coffee-Policy-2024.pdf,https://osmnx.readthedocs.io/en/stable/user-reference.html,"Estimated for hackathon modelling; validate coordinates, stock and demand with field/OSMnx data before operational use"
R0291,2026,Kirinyaga,Coffee,D04,Kiaga Animal Feeds Factory Satellite Depot,county_satellite,-0.42,37.31,Lime,4300,F13,Kiri Coffee Factory,Ngiriambu FCS,-0.442714,37.429183,304470,108.7,5,544,2088,200,3,13.49,18.21,31.2,3278.0,8,10,0.204,Low,D02,Kianyaga DCC Office Satellite Depot,estimated: haversine distance * 1.35 road factor; replace with OSMnx shortest_path,"estimated from AFA cherry weight proxy; assumed 2,800 kg cherry per acre; fertilizer rates from Draft National Coffee Policy",https://www.afa.go.ke/download/5226/?tmstv=1750232445,https://kirinyaga.go.ke/waiguru-launches-fertilizer-mashinani-initiative-opens-satellite-farm-inputs-depots/,https://kilimo.go.ke/wp-content/uploads/2025/09/Draft-National-Coffee-Policy-2024.pdf,https://osmnx.readthedocs.io/en/stable/user-reference.html,"Estimated for hackathon modelling; validate coordinates, stock and demand with field/OSMnx data before operational use"
R0292,2026,Kirinyaga,Coffee,D04,Kiaga Animal Feeds Factory Satellite Depot,county_satellite,-0.42,37.31,NPK,5000,F14,Kiangothe Coffee Factory,Kabare FCS,-0.531036,37.332984,377824,134.9,5,675,2592,200,4,12.61,17.02,29.2,3064.0,8,10,0.217,Medium,D05,Baricho DCC Office Satellite Depot,estimated: haversine distance * 1.35 road factor; replace with OSMnx shortest_path,"estimated from AFA cherry weight proxy; assumed 2,800 kg cherry per acre; fertilizer rates from Draft National Coffee Policy",https://www.afa.go.ke/download/5226/?tmstv=1750232445,https://kirinyaga.go.ke/waiguru-launches-fertilizer-mashinani-initiative-opens-satellite-farm-inputs-depots/,https://kilimo.go.ke/wp-content/uploads/2025/09/Draft-National-Coffee-Policy-2024.pdf,https://osmnx.readthedocs.io/en/stable/user-reference.html,"Estimated for hackathon modelling; validate coordinates, stock and demand with field/OSMnx data before operational use"
R0293,2026,Kirinyaga,Coffee,D04,Kiaga Animal Feeds Factory Satellite Depot,county_satellite,-0.42,37.31,CAN,4600,F14,Kiangothe Coffee Factory,Kabare FCS,-0.531036,37.332984,377824,134.9,6,810,2592,200,5,12.61,17.02,29.2,3064.0,8,10,0.254,Medium,D05,Baricho DCC Office Satellite Depot,estimated: haversine distance * 1.35 road factor; replace with OSMnx shortest_path,"estimated from AFA cherry weight proxy; assumed 2,800 kg cherry per acre; fertilizer rates from Draft National Coffee Policy",https://www.afa.go.ke/download/5226/?tmstv=1750232445,https://kirinyaga.go.ke/waiguru-launches-fertilizer-mashinani-initiative-opens-satellite-farm-inputs-depots/,https://kilimo.go.ke/wp-content/uploads/2025/09/Draft-National-Coffee-Policy-2024.pdf,https://osmnx.readthedocs.io/en/stable/user-reference.html,"Estimated for hackathon modelling; validate coordinates, stock and demand with field/OSMnx data before operational use"
R0294,2026,Kirinyaga,Coffee,D04,Kiaga Animal Feeds Factory Satellite Depot,county_satellite,-0.42,37.31,Lime,4300,F14,Kiangothe Coffee Factory,Kabare FCS,-0.531036,37.332984,377824,134.9,5,675,2592,200,4,12.61,17.02,29.2,3064.0,8,10,0.217,Medium,D05,Baricho DCC Office Satellite Depot,estimated: haversine distance * 1.35 road factor; replace with OSMnx shortest_path,"estimated from AFA cherry weight proxy; assumed 2,800 kg cherry per acre; fertilizer rates from Draft National Coffee Policy",https://www.afa.go.ke/download/5226/?tmstv=1750232445,https://kirinyaga.go.ke/waiguru-launches-fertilizer-mashinani-initiative-opens-satellite-farm-inputs-depots/,https://kilimo.go.ke/wp-content/uploads/2025/09/Draft-National-Coffee-Policy-2024.pdf,https://osmnx.readthedocs.io/en/stable/user-reference.html,"Estimated for hackathon modelling; validate coordinates, stock and demand with field/OSMnx data before operational use"
R0295,2026,Kirinyaga,Coffee,D04,Kiaga Animal Feeds Factory Satellite Depot,county_satellite,-0.42,37.31,NPK,5000,F15,Kimandi Coffee Factory,Kabare FCS,-0.521263,37.335519,750940,268.2,5,1341,5149,200,7,11.61,15.68,26.9,2822.0,8,10,0.405,Medium,D05,Baricho DCC Office Satellite Depot,estimated: haversine distance * 1.35 road factor; replace with OSMnx shortest_path,"estimated from AFA cherry weight proxy; assumed 2,800 kg cherry per acre; fertilizer rates from Draft National Coffee Policy",https://www.afa.go.ke/download/5226/?tmstv=1750232445,https://kirinyaga.go.ke/waiguru-launches-fertilizer-mashinani-initiative-opens-satellite-farm-inputs-depots/,https://kilimo.go.ke/wp-content/uploads/2025/09/Draft-National-Coffee-Policy-2024.pdf,https://osmnx.readthedocs.io/en/stable/user-reference.html,"Estimated for hackathon modelling; validate coordinates, stock and demand with field/OSMnx data before operational use"
R0296,2026,Kirinyaga,Coffee,D04,Kiaga Animal Feeds Factory Satellite Depot,county_satellite,-0.42,37.31,CAN,4600,F15,Kimandi Coffee Factory,Kabare FCS,-0.521263,37.335519,750940,268.2,6,1609,5149,200,9,11.61,15.68,26.9,2822.0,8,10,0.477,High,D05,Baricho DCC Office Satellite Depot,estimated: haversine distance * 1.35 road factor; replace with OSMnx shortest_path,"estimated from AFA cherry weight proxy; assumed 2,800 kg cherry per acre; fertilizer rates from Draft National Coffee Policy",https://www.afa.go.ke/download/5226/?tmstv=1750232445,https://kirinyaga.go.ke/waiguru-launches-fertilizer-mashinani-initiative-opens-satellite-farm-inputs-depots/,https://kilimo.go.ke/wp-content/uploads/2025/09/Draft-National-Coffee-Policy-2024.pdf,https://osmnx.readthedocs.io/en/stable/user-reference.html,"Estimated for hackathon modelling; validate coordinates, stock and demand with field/OSMnx data before operational use"
R0297,2026,Kirinyaga,Coffee,D04,Kiaga Animal Feeds Factory Satellite Depot,county_satellite,-0.42,37.31,Lime,4300,F15,Kimandi Coffee Factory,Kabare FCS,-0.521263,37.335519,750940,268.2,5,1341,5149,200,7,11.61,15.68,26.9,2822.0,8,10,0.405,Medium,D05,Baricho DCC Office Satellite Depot,estimated: haversine distance * 1.35 road factor; replace with OSMnx shortest_path,"estimated from AFA cherry weight proxy; assumed 2,800 kg cherry per acre; fertilizer rates from Draft National Coffee Policy",https://www.afa.go.ke/download/5226/?tmstv=1750232445,https://kirinyaga.go.ke/waiguru-launches-fertilizer-mashinani-initiative-opens-satellite-farm-inputs-depots/,https://kilimo.go.ke/wp-content/uploads/2025/09/Draft-National-Coffee-Policy-2024.pdf,https://osmnx.readthedocs.io/en/stable/user-reference.html,"Estimated for hackathon modelling; validate coordinates, stock and demand with field/OSMnx data before operational use"
R0298,2026,Kirinyaga,Coffee,D04,Kiaga Animal Feeds Factory Satellite Depot,county_satellite,-0.42,37.31,NPK,5000,F16,Kariaini Coffee Factory,Mwirua FCS,-0.405464,37.398149,363274,129.7,5,649,2491,200,4,9.93,13.41,23.0,2414.0,8,10,0.215,Medium,D02,Kianyaga DCC Office Satellite Depot,estimated: haversine distance * 1.35 road factor; replace with OSMnx shortest_path,"estimated from AFA cherry weight proxy; assumed 2,800 kg cherry per acre; fertilizer rates from Draft National Coffee Policy",https://www.afa.go.ke/download/5226/?tmstv=1750232445,https://kirinyaga.go.ke/waiguru-launches-fertilizer-mashinani-initiative-opens-satellite-farm-inputs-depots/,https://kilimo.go.ke/wp-content/uploads/2025/09/Draft-National-Coffee-Policy-2024.pdf,https://osmnx.readthedocs.io/en/stable/user-reference.html,"Estimated for hackathon modelling; validate coordinates, stock and demand with field/OSMnx data before operational use"
R0299,2026,Kirinyaga,Coffee,D04,Kiaga Animal Feeds Factory Satellite Depot,county_satellite,-0.42,37.31,CAN,4600,F16,Kariaini Coffee Factory,Mwirua FCS,-0.405464,37.398149,363274,129.7,6,778,2491,200,4,9.93,13.41,23.0,2414.0,8,10,0.25,Medium,D02,Kianyaga DCC Office Satellite Depot,estimated: haversine distance * 1.35 road factor; replace with OSMnx shortest_path,"estimated from AFA cherry weight proxy; assumed 2,800 kg cherry per acre; fertilizer rates from Draft National Coffee Policy",https://www.afa.go.ke/download/5226/?tmstv=1750232445,https://kirinyaga.go.ke/waiguru-launches-fertilizer-mashinani-initiative-opens-satellite-farm-inputs-depots/,https://kilimo.go.ke/wp-content/uploads/2025/09/Draft-National-Coffee-Policy-2024.pdf,https://osmnx.readthedocs.io/en/stable/user-reference.html,"Estimated for hackathon modelling; validate coordinates, stock and demand with field/OSMnx data before operational use"
R0300,2026,Kirinyaga,Coffee,D04,Kiaga Animal Feeds Factory Satellite Depot,county_satellite,-0.42,37.31,Lime,4300,F16,Kariaini Coffee Factory,Mwirua FCS,-0.405464,37.398149,363274,129.7,5,649,2491,200,4,9.93,13.41,23.0,2414.0,8,10,0.215,Medium,D02,Kianyaga DCC Office Satellite Depot,estimated: haversine distance * 1.35 road factor; replace with OSMnx shortest_path,"estimated from AFA cherry weight proxy; assumed 2,800 kg cherry per acre; fertilizer rates from Draft National Coffee Policy",https://www.afa.go.ke/download/5226/?tmstv=1750232445,https://kirinyaga.go.ke/waiguru-launches-fertilizer-mashinani-initiative-opens-satellite-farm-inputs-depots/,https://kilimo.go.ke/wp-content/uploads/2025/09/Draft-National-Coffee-Policy-2024.pdf,https://osmnx.readthedocs.io/en/stable/user-reference.html,"Estimated for hackathon modelling; validate coordinates, stock and demand with field/OSMnx data before operational use"
R0301,2026,Kirinyaga,Coffee,D04,Kiaga Animal Feeds Factory Satellite Depot,county_satellite,-0.42,37.31,NPK,5000,F17,Kamwangi Coffee Factory,New Ngariama FCS,-0.470819,37.484366,634450,226.6,5,1133,4351,200,6,20.19,27.26,46.7,4907.0,8,10,0.324,Medium,D08,Togonye ACC Office Satellite Depot,estimated: haversine distance * 1.35 road factor; replace with OSMnx shortest_path,"estimated from AFA cherry weight proxy; assumed 2,800 kg cherry per acre; fertilizer rates from Draft National Coffee Policy",https://www.afa.go.ke/download/5226/?tmstv=1750232445,https://kirinyaga.go.ke/waiguru-launches-fertilizer-mashinani-initiative-opens-satellite-farm-inputs-depots/,https://kilimo.go.ke/wp-content/uploads/2025/09/Draft-National-Coffee-Policy-2024.pdf,https://osmnx.readthedocs.io/en/stable/user-reference.html,"Estimated for hackathon modelling; validate coordinates, stock and demand with field/OSMnx data before operational use"
R0302,2026,Kirinyaga,Coffee,D04,Kiaga Animal Feeds Factory Satellite Depot,county_satellite,-0.42,37.31,CAN,4600,F17,Kamwangi Coffee Factory,New Ngariama FCS,-0.470819,37.484366,634450,226.6,6,1360,4351,200,7,20.19,27.26,46.7,4907.0,8,10,0.385,Medium,D08,Togonye ACC Office Satellite Depot,estimated: haversine distance * 1.35 road factor; replace with OSMnx shortest_path,"estimated from AFA cherry weight proxy; assumed 2,800 kg cherry per acre; fertilizer rates from Draft National Coffee Policy",https://www.afa.go.ke/download/5226/?tmstv=1750232445,https://kirinyaga.go.ke/waiguru-launches-fertilizer-mashinani-initiative-opens-satellite-farm-inputs-depots/,https://kilimo.go.ke/wp-content/uploads/2025/09/Draft-National-Coffee-Policy-2024.pdf,https://osmnx.readthedocs.io/en/stable/user-reference.html,"Estimated for hackathon modelling; validate coordinates, stock and demand with field/OSMnx data before operational use"
R0303,2026,Kirinyaga,Coffee,D04,Kiaga Animal Feeds Factory Satellite Depot,county_satellite,-0.42,37.31,Lime,4300,F17,Kamwangi Coffee Factory,New Ngariama FCS,-0.470819,37.484366,634450,226.6,5,1133,4351,200,6,20.19,27.26,46.7,4907.0,8,10,0.324,Medium,D08,Togonye ACC Office Satellite Depot,estimated: haversine distance * 1.35 road factor; replace with OSMnx shortest_path,"estimated from AFA cherry weight proxy; assumed 2,800 kg cherry per acre; fertilizer rates from Draft National Coffee Policy",https://www.afa.go.ke/download/5226/?tmstv=1750232445,https://kirinyaga.go.ke/waiguru-launches-fertilizer-mashinani-initiative-opens-satellite-farm-inputs-depots/,https://kilimo.go.ke/wp-content/uploads/2025/09/Draft-National-Coffee-Policy-2024.pdf,https://osmnx.readthedocs.io/en/stable/user-reference.html,"Estimated for hackathon modelling; validate coordinates, stock and demand with field/OSMnx data before operational use"
R0304,2026,Kirinyaga,Coffee,D04,Kiaga Animal Feeds Factory Satellite Depot,county_satellite,-0.42,37.31,NPK,5000,F18,Karumandi Coffee Factory,Baragwi FCS,-0.430607,37.38226,467691,167.0,5,835,3206,200,5,8.12,10.96,18.8,1973.0,8,10,0.241,Medium,D02,Kianyaga DCC Office Satellite Depot,estimated: haversine distance * 1.35 road factor; replace with OSMnx shortest_path,"estimated from AFA cherry weight proxy; assumed 2,800 kg cherry per acre; fertilizer rates from Draft National Coffee Policy",https://www.afa.go.ke/download/5226/?tmstv=1750232445,https://kirinyaga.go.ke/waiguru-launches-fertilizer-mashinani-initiative-opens-satellite-farm-inputs-depots/,https://kilimo.go.ke/wp-content/uploads/2025/09/Draft-National-Coffee-Policy-2024.pdf,https://osmnx.readthedocs.io/en/stable/user-reference.html,"Estimated for hackathon modelling; validate coordinates, stock and demand with field/OSMnx data before operational use"
R0305,2026,Kirinyaga,Coffee,D04,Kiaga Animal Feeds Factory Satellite Depot,county_satellite,-0.42,37.31,CAN,4600,F18,Karumandi Coffee Factory,Baragwi FCS,-0.430607,37.38226,467691,167.0,6,1002,3206,200,6,8.12,10.96,18.8,1973.0,8,10,0.286,Medium,D02,Kianyaga DCC Office Satellite Depot,estimated: haversine distance * 1.35 road factor; replace with OSMnx shortest_path,"estimated from AFA cherry weight proxy; assumed 2,800 kg cherry per acre; fertilizer rates from Draft National Coffee Policy",https://www.afa.go.ke/download/5226/?tmstv=1750232445,https://kirinyaga.go.ke/waiguru-launches-fertilizer-mashinani-initiative-opens-satellite-farm-inputs-depots/,https://kilimo.go.ke/wp-content/uploads/2025/09/Draft-National-Coffee-Policy-2024.pdf,https://osmnx.readthedocs.io/en/stable/user-reference.html,"Estimated for hackathon modelling; validate coordinates, stock and demand with field/OSMnx data before operational use"
R0306,2026,Kirinyaga,Coffee,D04,Kiaga Animal Feeds Factory Satellite Depot,county_satellite,-0.42,37.31,Lime,4300,F18,Karumandi Coffee Factory,Baragwi FCS,-0.430607,37.38226,467691,167.0,5,835,3206,200,5,8.12,10.96,18.8,1973.0,8,10,0.241,Medium,D02,Kianyaga DCC Office Satellite Depot,estimated: haversine distance * 1.35 road factor; replace with OSMnx shortest_path,"estimated from AFA cherry weight proxy; assumed 2,800 kg cherry per acre; fertilizer rates from Draft National Coffee Policy",https://www.afa.go.ke/download/5226/?tmstv=1750232445,https://kirinyaga.go.ke/waiguru-launches-fertilizer-mashinani-initiative-opens-satellite-farm-inputs-depots/,https://kilimo.go.ke/wp-content/uploads/2025/09/Draft-National-Coffee-Policy-2024.pdf,https://osmnx.readthedocs.io/en/stable/user-reference.html,"Estimated for hackathon modelling; validate coordinates, stock and demand with field/OSMnx data before operational use"
R0307,2026,Kirinyaga,Coffee,D04,Kiaga Animal Feeds Factory Satellite Depot,county_satellite,-0.42,37.31,NPK,5000,F19,Kerugoya Coffee Factory,Inoi FCS,-0.497353,37.297593,933821,333.5,5,1668,6404,200,9,8.71,11.76,20.2,2117.0,8,10,0.465,High,D03,Kerugoya CC Office Satellite Depot,estimated: haversine distance * 1.35 road factor; replace with OSMnx shortest_path,"estimated from AFA cherry weight proxy; assumed 2,800 kg cherry per acre; fertilizer rates from Draft National Coffee Policy",https://www.afa.go.ke/download/5226/?tmstv=1750232445,https://kirinyaga.go.ke/waiguru-launches-fertilizer-mashinani-initiative-opens-satellite-farm-inputs-depots/,https://kilimo.go.ke/wp-content/uploads/2025/09/Draft-National-Coffee-Policy-2024.pdf,https://osmnx.readthedocs.io/en/stable/user-reference.html,"Estimated for hackathon modelling; validate coordinates, stock and demand with field/OSMnx data before operational use"
R0308,2026,Kirinyaga,Coffee,D04,Kiaga Animal Feeds Factory Satellite Depot,county_satellite,-0.42,37.31,CAN,4600,F19,Kerugoya Coffee Factory,Inoi FCS,-0.497353,37.297593,933821,333.5,6,2001,6404,200,11,8.71,11.76,20.2,2117.0,8,10,0.554,High,D03,Kerugoya CC Office Satellite Depot,estimated: haversine distance * 1.35 road factor; replace with OSMnx shortest_path,"estimated from AFA cherry weight proxy; assumed 2,800 kg cherry per acre; fertilizer rates from Draft National Coffee Policy",https://www.afa.go.ke/download/5226/?tmstv=1750232445,https://kirinyaga.go.ke/waiguru-launches-fertilizer-mashinani-initiative-opens-satellite-farm-inputs-depots/,https://kilimo.go.ke/wp-content/uploads/2025/09/Draft-National-Coffee-Policy-2024.pdf,https://osmnx.readthedocs.io/en/stable/user-reference.html,"Estimated for hackathon modelling; validate coordinates, stock and demand with field/OSMnx data before operational use"
R0309,2026,Kirinyaga,Coffee,D04,Kiaga Animal Feeds Factory Satellite Depot,county_satellite,-0.42,37.31,Lime,4300,F19,Kerugoya Coffee Factory,Inoi FCS,-0.497353,37.297593,933821,333.5,5,1668,6404,200,9,8.71,11.76,20.2,2117.0,8,10,0.465,High,D03,Kerugoya CC Office Satellite Depot,estimated: haversine distance * 1.35 road factor; replace with OSMnx shortest_path,"estimated from AFA cherry weight proxy; assumed 2,800 kg cherry per acre; fertilizer rates from Draft National Coffee Policy",https://www.afa.go.ke/download/5226/?tmstv=1750232445,https://kirinyaga.go.ke/waiguru-launches-fertilizer-mashinani-initiative-opens-satellite-farm-inputs-depots/,https://kilimo.go.ke/wp-content/uploads/2025/09/Draft-National-Coffee-Policy-2024.pdf,https://osmnx.readthedocs.io/en/stable/user-reference.html,"Estimated for hackathon modelling; validate coordinates, stock and demand with field/OSMnx data before operational use"
R0310,2026,Kirinyaga,Coffee,D04,Kiaga Animal Feeds Factory Satellite Depot,county_satellite,-0.42,37.31,NPK,5000,F20,Kaitheri Coffee Factory,Inoi FCS,-0.491191,37.297387,1205346,430.5,5,2152,8264,200,11,8.04,10.85,18.6,1954.0,8,10,0.596,High,D03,Kerugoya CC Office Satellite Depot,estimated: haversine distance * 1.35 road factor; replace with OSMnx shortest_path,"estimated from AFA cherry weight proxy; assumed 2,800 kg cherry per acre; fertilizer rates from Draft National Coffee Policy",https://www.afa.go.ke/download/5226/?tmstv=1750232445,https://kirinyaga.go.ke/waiguru-launches-fertilizer-mashinani-initiative-opens-satellite-farm-inputs-depots/,https://kilimo.go.ke/wp-content/uploads/2025/09/Draft-National-Coffee-Policy-2024.pdf,https://osmnx.readthedocs.io/en/stable/user-reference.html,"Estimated for hackathon modelling; validate coordinates, stock and demand with field/OSMnx data before operational use"
R0311,2026,Kirinyaga,Coffee,D04,Kiaga Animal Feeds Factory Satellite Depot,county_satellite,-0.42,37.31,CAN,4600,F20,Kaitheri Coffee Factory,Inoi FCS,-0.491191,37.297387,1205346,430.5,6,2583,8264,200,13,8.04,10.85,18.6,1954.0,8,10,0.712,High,D03,Kerugoya CC Office Satellite Depot,estimated: haversine distance * 1.35 road factor; replace with OSMnx shortest_path,"estimated from AFA cherry weight proxy; assumed 2,800 kg cherry per acre; fertilizer rates from Draft National Coffee Policy",https://www.afa.go.ke/download/5226/?tmstv=1750232445,https://kirinyaga.go.ke/waiguru-launches-fertilizer-mashinani-initiative-opens-satellite-farm-inputs-depots/,https://kilimo.go.ke/wp-content/uploads/2025/09/Draft-National-Coffee-Policy-2024.pdf,https://osmnx.readthedocs.io/en/stable/user-reference.html,"Estimated for hackathon modelling; validate coordinates, stock and demand with field/OSMnx data before operational use"
R0312,2026,Kirinyaga,Coffee,D04,Kiaga Animal Feeds Factory Satellite Depot,county_satellite,-0.42,37.31,Lime,4300,F20,Kaitheri Coffee Factory,Inoi FCS,-0.491191,37.297387,1205346,430.5,5,2152,8264,200,11,8.04,10.85,18.6,1954.0,8,10,0.596,High,D03,Kerugoya CC Office Satellite Depot,estimated: haversine distance * 1.35 road factor; replace with OSMnx shortest_path,"estimated from AFA cherry weight proxy; assumed 2,800 kg cherry per acre; fertilizer rates from Draft National Coffee Policy",https://www.afa.go.ke/download/5226/?tmstv=1750232445,https://kirinyaga.go.ke/waiguru-launches-fertilizer-mashinani-initiative-opens-satellite-farm-inputs-depots/,https://kilimo.go.ke/wp-content/uploads/2025/09/Draft-National-Coffee-Policy-2024.pdf,https://osmnx.readthedocs.io/en/stable/user-reference.html,"Estimated for hackathon modelling; validate coordinates, stock and demand with field/OSMnx data before operational use"
R0313,2026,Kirinyaga,Coffee,D04,Kiaga Animal Feeds Factory Satellite Depot,county_satellite,-0.42,37.31,NPK,5000,F21,Kiaragana Coffee Factory,Mwirua FCS,-0.405977,37.401729,1069927,382.1,5,1911,7338,200,10,10.32,13.93,23.9,2507.0,8,10,0.557,High,D02,Kianyaga DCC Office Satellite Depot,estimated: haversine distance * 1.35 road factor; replace with OSMnx shortest_path,"estimated from AFA cherry weight proxy; assumed 2,800 kg cherry per acre; fertilizer rates from Draft National Coffee Policy",https://www.afa.go.ke/download/5226/?tmstv=1750232445,https://kirinyaga.go.ke/waiguru-launches-fertilizer-mashinani-initiative-opens-satellite-farm-inputs-depots/,https://kilimo.go.ke/wp-content/uploads/2025/09/Draft-National-Coffee-Policy-2024.pdf,https://osmnx.readthedocs.io/en/stable/user-reference.html,"Estimated for hackathon modelling; validate coordinates, stock and demand with field/OSMnx data before operational use"
R0314,2026,Kirinyaga,Coffee,D04,Kiaga Animal Feeds Factory Satellite Depot,county_satellite,-0.42,37.31,CAN,4600,F21,Kiaragana Coffee Factory,Mwirua FCS,-0.405977,37.401729,1069927,382.1,6,2293,7338,200,12,10.32,13.93,23.9,2507.0,8,10,0.66,High,D02,Kianyaga DCC Office Satellite Depot,estimated: haversine distance * 1.35 road factor; replace with OSMnx shortest_path,"estimated from AFA cherry weight proxy; assumed 2,800 kg cherry per acre; fertilizer rates from Draft National Coffee Policy",https://www.afa.go.ke/download/5226/?tmstv=1750232445,https://kirinyaga.go.ke/waiguru-launches-fertilizer-mashinani-initiative-opens-satellite-farm-inputs-depots/,https://kilimo.go.ke/wp-content/uploads/2025/09/Draft-National-Coffee-Policy-2024.pdf,https://osmnx.readthedocs.io/en/stable/user-reference.html,"Estimated for hackathon modelling; validate coordinates, stock and demand with field/OSMnx data before operational use"
R0315,2026,Kirinyaga,Coffee,D04,Kiaga Animal Feeds Factory Satellite Depot,county_satellite,-0.42,37.31,Lime,4300,F21,Kiaragana Coffee Factory,Mwirua FCS,-0.405977,37.401729,1069927,382.1,5,1911,7338,200,10,10.32,13.93,23.9,2507.0,8,10,0.557,High,D02,Kianyaga DCC Office Satellite Depot,estimated: haversine distance * 1.35 road factor; replace with OSMnx shortest_path,"estimated from AFA cherry weight proxy; assumed 2,800 kg cherry per acre; fertilizer rates from Draft National Coffee Policy",https://www.afa.go.ke/download/5226/?tmstv=1750232445,https://kirinyaga.go.ke/waiguru-launches-fertilizer-mashinani-initiative-opens-satellite-farm-inputs-depots/,https://kilimo.go.ke/wp-content/uploads/2025/09/Draft-National-Coffee-Policy-2024.pdf,https://osmnx.readthedocs.io/en/stable/user-reference.html,"Estimated for hackathon modelling; validate coordinates, stock and demand with field/OSMnx data before operational use"
R0316,2026,Kirinyaga,Coffee,D04,Kiaga Animal Feeds Factory Satellite Depot,county_satellite,-0.42,37.31,NPK,5000,F22,Kegwa Coffee Factory,Ngiriambu FCS,-0.452361,37.442947,187844,67.1,5,335,1288,200,2,15.21,20.54,35.2,3697.0,8,10,0.148,Low,D07,Ciagini ACC Office Satellite Depot,estimated: haversine distance * 1.35 road factor; replace with OSMnx shortest_path,"estimated from AFA cherry weight proxy; assumed 2,800 kg cherry per acre; fertilizer rates from Draft National Coffee Policy",https://www.afa.go.ke/download/5226/?tmstv=1750232445,https://kirinyaga.go.ke/waiguru-launches-fertilizer-mashinani-initiative-opens-satellite-farm-inputs-depots/,https://kilimo.go.ke/wp-content/uploads/2025/09/Draft-National-Coffee-Policy-2024.pdf,https://osmnx.readthedocs.io/en/stable/user-reference.html,"Estimated for hackathon modelling; validate coordinates, stock and demand with field/OSMnx data before operational use"
R0317,2026,Kirinyaga,Coffee,D04,Kiaga Animal Feeds Factory Satellite Depot,county_satellite,-0.42,37.31,CAN,4600,F22,Kegwa Coffee Factory,Ngiriambu FCS,-0.452361,37.442947,187844,67.1,6,403,1288,200,3,15.21,20.54,35.2,3697.0,8,10,0.166,Low,D07,Ciagini ACC Office Satellite Depot,estimated: haversine distance * 1.35 road factor; replace with OSMnx shortest_path,"estimated from AFA cherry weight proxy; assumed 2,800 kg cherry per acre; fertilizer rates from Draft National Coffee Policy",https://www.afa.go.ke/download/5226/?tmstv=1750232445,https://kirinyaga.go.ke/waiguru-launches-fertilizer-mashinani-initiative-opens-satellite-farm-inputs-depots/,https://kilimo.go.ke/wp-content/uploads/2025/09/Draft-National-Coffee-Policy-2024.pdf,https://osmnx.readthedocs.io/en/stable/user-reference.html,"Estimated for hackathon modelling; validate coordinates, stock and demand with field/OSMnx data before operational use"
R0318,2026,Kirinyaga,Coffee,D04,Kiaga Animal Feeds Factory Satellite Depot,county_satellite,-0.42,37.31,Lime,4300,F22,Kegwa Coffee Factory,Ngiriambu FCS,-0.452361,37.442947,187844,67.1,5,335,1288,200,2,15.21,20.54,35.2,3697.0,8,10,0.148,Low,D07,Ciagini ACC Office Satellite Depot,estimated: haversine distance * 1.35 road factor; replace with OSMnx shortest_path,"estimated from AFA cherry weight proxy; assumed 2,800 kg cherry per acre; fertilizer rates from Draft National Coffee Policy",https://www.afa.go.ke/download/5226/?tmstv=1750232445,https://kirinyaga.go.ke/waiguru-launches-fertilizer-mashinani-initiative-opens-satellite-farm-inputs-depots/,https://kilimo.go.ke/wp-content/uploads/2025/09/Draft-National-Coffee-Policy-2024.pdf,https://osmnx.readthedocs.io/en/stable/user-reference.html,"Estimated for hackathon modelling; validate coordinates, stock and demand with field/OSMnx data before operational use"
R0319,2026,Kirinyaga,Coffee,D04,Kiaga Animal Feeds Factory Satellite Depot,county_satellite,-0.42,37.31,NPK,5000,F23,Karani Coffee Factory,Kabare FCS,-0.537101,37.347664,864121,308.6,5,1543,5926,200,8,13.68,18.47,31.7,3324.0,8,10,0.446,High,D05,Baricho DCC Office Satellite Depot,estimated: haversine distance * 1.35 road factor; replace with OSMnx shortest_path,"estimated from AFA cherry weight proxy; assumed 2,800 kg cherry per acre; fertilizer rates from Draft National Coffee Policy",https://www.afa.go.ke/download/5226/?tmstv=1750232445,https://kirinyaga.go.ke/waiguru-launches-fertilizer-mashinani-initiative-opens-satellite-farm-inputs-depots/,https://kilimo.go.ke/wp-content/uploads/2025/09/Draft-National-Coffee-Policy-2024.pdf,https://osmnx.readthedocs.io/en/stable/user-reference.html,"Estimated for hackathon modelling; validate coordinates, stock and demand with field/OSMnx data before operational use"
R0320,2026,Kirinyaga,Coffee,D04,Kiaga Animal Feeds Factory Satellite Depot,county_satellite,-0.42,37.31,CAN,4600,F23,Karani Coffee Factory,Kabare FCS,-0.537101,37.347664,864121,308.6,6,1852,5926,200,10,13.68,18.47,31.7,3324.0,8,10,0.529,High,D05,Baricho DCC Office Satellite Depot,estimated: haversine distance * 1.35 road factor; replace with OSMnx shortest_path,"estimated from AFA cherry weight proxy; assumed 2,800 kg cherry per acre; fertilizer rates from Draft National Coffee Policy",https://www.afa.go.ke/download/5226/?tmstv=1750232445,https://kirinyaga.go.ke/waiguru-launches-fertilizer-mashinani-initiative-opens-satellite-farm-inputs-depots/,https://kilimo.go.ke/wp-content/uploads/2025/09/Draft-National-Coffee-Policy-2024.pdf,https://osmnx.readthedocs.io/en/stable/user-reference.html,"Estimated for hackathon modelling; validate coordinates, stock and demand with field/OSMnx data before operational use"
R0321,2026,Kirinyaga,Coffee,D04,Kiaga Animal Feeds Factory Satellite Depot,county_satellite,-0.42,37.31,Lime,4300,F23,Karani Coffee Factory,Kabare FCS,-0.537101,37.347664,864121,308.6,5,1543,5926,200,8,13.68,18.47,31.7,3324.0,8,10,0.446,High,D05,Baricho DCC Office Satellite Depot,estimated: haversine distance * 1.35 road factor; replace with OSMnx shortest_path,"estimated from AFA cherry weight proxy; assumed 2,800 kg cherry per acre; fertilizer rates from Draft National Coffee Policy",https://www.afa.go.ke/download/5226/?tmstv=1750232445,https://kirinyaga.go.ke/waiguru-launches-fertilizer-mashinani-initiative-opens-satellite-farm-inputs-depots/,https://kilimo.go.ke/wp-content/uploads/2025/09/Draft-National-Coffee-Policy-2024.pdf,https://osmnx.readthedocs.io/en/stable/user-reference.html,"Estimated for hackathon modelling; validate coordinates, stock and demand with field/OSMnx data before operational use"
R0322,2026,Kirinyaga,Coffee,D04,Kiaga Animal Feeds Factory Satellite Depot,county_satellite,-0.42,37.31,NPK,5000,F24,Kariru Coffee Factory,Baragwi FCS,-0.425995,37.38789,49525,17.7,5,88,338,200,1,8.69,11.73,20.1,2111.0,8,10,0.046,Low,D02,Kianyaga DCC Office Satellite Depot,estimated: haversine distance * 1.35 road factor; replace with OSMnx shortest_path,"estimated from AFA cherry weight proxy; assumed 2,800 kg cherry per acre; fertilizer rates from Draft National Coffee Policy",https://www.afa.go.ke/download/5226/?tmstv=1750232445,https://kirinyaga.go.ke/waiguru-launches-fertilizer-mashinani-initiative-opens-satellite-farm-inputs-depots/,https://kilimo.go.ke/wp-content/uploads/2025/09/Draft-National-Coffee-Policy-2024.pdf,https://osmnx.readthedocs.io/en/stable/user-reference.html,"Estimated for hackathon modelling; validate coordinates, stock and demand with field/OSMnx data before operational use"
R0323,2026,Kirinyaga,Coffee,D04,Kiaga Animal Feeds Factory Satellite Depot,county_satellite,-0.42,37.31,CAN,4600,F24,Kariru Coffee Factory,Baragwi FCS,-0.425995,37.38789,49525,17.7,6,106,338,200,1,8.69,11.73,20.1,2111.0,8,10,0.051,Low,D02,Kianyaga DCC Office Satellite Depot,estimated: haversine distance * 1.35 road factor; replace with OSMnx shortest_path,"estimated from AFA cherry weight proxy; assumed 2,800 kg cherry per acre; fertilizer rates from Draft National Coffee Policy",https://www.afa.go.ke/download/5226/?tmstv=1750232445,https://kirinyaga.go.ke/waiguru-launches-fertilizer-mashinani-initiative-opens-satellite-farm-inputs-depots/,https://kilimo.go.ke/wp-content/uploads/2025/09/Draft-National-Coffee-Policy-2024.pdf,https://osmnx.readthedocs.io/en/stable/user-reference.html,"Estimated for hackathon modelling; validate coordinates, stock and demand with field/OSMnx data before operational use"
R0324,2026,Kirinyaga,Coffee,D04,Kiaga Animal Feeds Factory Satellite Depot,county_satellite,-0.42,37.31,Lime,4300,F24,Kariru Coffee Factory,Baragwi FCS,-0.425995,37.38789,49525,17.7,5,88,338,200,1,8.69,11.73,20.1,2111.0,8,10,0.046,Low,D02,Kianyaga DCC Office Satellite Depot,estimated: haversine distance * 1.35 road factor; replace with OSMnx shortest_path,"estimated from AFA cherry weight proxy; assumed 2,800 kg cherry per acre; fertilizer rates from Draft National Coffee Policy",https://www.afa.go.ke/download/5226/?tmstv=1750232445,https://kirinyaga.go.ke/waiguru-launches-fertilizer-mashinani-initiative-opens-satellite-farm-inputs-depots/,https://kilimo.go.ke/wp-content/uploads/2025/09/Draft-National-Coffee-Policy-2024.pdf,https://osmnx.readthedocs.io/en/stable/user-reference.html,"Estimated for hackathon modelling; validate coordinates, stock and demand with field/OSMnx data before operational use"
R0325,2026,Kirinyaga,Coffee,D04,Kiaga Animal Feeds Factory Satellite Depot,county_satellite,-0.42,37.31,NPK,5000,F25,Thimu Coffee Factory,Baragwi FCS,-0.417322,37.388324,49227,17.6,5,88,337,200,1,8.71,11.76,20.2,2118.0,8,10,0.05,Low,D02,Kianyaga DCC Office Satellite Depot,estimated: haversine distance * 1.35 road factor; replace with OSMnx shortest_path,"estimated from AFA cherry weight proxy; assumed 2,800 kg cherry per acre; fertilizer rates from Draft National Coffee Policy",https://www.afa.go.ke/download/5226/?tmstv=1750232445,https://kirinyaga.go.ke/waiguru-launches-fertilizer-mashinani-initiative-opens-satellite-farm-inputs-depots/,https://kilimo.go.ke/wp-content/uploads/2025/09/Draft-National-Coffee-Policy-2024.pdf,https://osmnx.readthedocs.io/en/stable/user-reference.html,"Estimated for hackathon modelling; validate coordinates, stock and demand with field/OSMnx data before operational use"
R0326,2026,Kirinyaga,Coffee,D04,Kiaga Animal Feeds Factory Satellite Depot,county_satellite,-0.42,37.31,CAN,4600,F25,Thimu Coffee Factory,Baragwi FCS,-0.417322,37.388324,49227,17.6,6,105,337,200,1,8.71,11.76,20.2,2118.0,8,10,0.055,Low,D02,Kianyaga DCC Office Satellite Depot,estimated: haversine distance * 1.35 road factor; replace with OSMnx shortest_path,"estimated from AFA cherry weight proxy; assumed 2,800 kg cherry per acre; fertilizer rates from Draft National Coffee Policy",https://www.afa.go.ke/download/5226/?tmstv=1750232445,https://kirinyaga.go.ke/waiguru-launches-fertilizer-mashinani-initiative-opens-satellite-farm-inputs-depots/,https://kilimo.go.ke/wp-content/uploads/2025/09/Draft-National-Coffee-Policy-2024.pdf,https://osmnx.readthedocs.io/en/stable/user-reference.html,"Estimated for hackathon modelling; validate coordinates, stock and demand with field/OSMnx data before operational use"
R0327,2026,Kirinyaga,Coffee,D04,Kiaga Animal Feeds Factory Satellite Depot,county_satellite,-0.42,37.31,Lime,4300,F25,Thimu Coffee Factory,Baragwi FCS,-0.417322,37.388324,49227,17.6,5,88,337,200,1,8.71,11.76,20.2,2118.0,8,10,0.05,Low,D02,Kianyaga DCC Office Satellite Depot,estimated: haversine distance * 1.35 road factor; replace with OSMnx shortest_path,"estimated from AFA cherry weight proxy; assumed 2,800 kg cherry per acre; fertilizer rates from Draft National Coffee Policy",https://www.afa.go.ke/download/5226/?tmstv=1750232445,https://kirinyaga.go.ke/waiguru-launches-fertilizer-mashinani-initiative-opens-satellite-farm-inputs-depots/,https://kilimo.go.ke/wp-content/uploads/2025/09/Draft-National-Coffee-Policy-2024.pdf,https://osmnx.readthedocs.io/en/stable/user-reference.html,"Estimated for hackathon modelling; validate coordinates, stock and demand with field/OSMnx data before operational use"
R0328,2026,Kirinyaga,Coffee,D04,Kiaga Animal Feeds Factory Satellite Depot,county_satellite,-0.42,37.31,NPK,5000,F26,Gathambi Coffee Factory,Mwirua FCS,-0.407649,37.374548,66705,23.8,5,119,457,200,1,7.31,9.87,16.9,1776.0,8,10,0.06,Low,D02,Kianyaga DCC Office Satellite Depot,estimated: haversine distance * 1.35 road factor; replace with OSMnx shortest_path,"estimated from AFA cherry weight proxy; assumed 2,800 kg cherry per acre; fertilizer rates from Draft National Coffee Policy",https://www.afa.go.ke/download/5226/?tmstv=1750232445,https://kirinyaga.go.ke/waiguru-launches-fertilizer-mashinani-initiative-opens-satellite-farm-inputs-depots/,https://kilimo.go.ke/wp-content/uploads/2025/09/Draft-National-Coffee-Policy-2024.pdf,https://osmnx.readthedocs.io/en/stable/user-reference.html,"Estimated for hackathon modelling; validate coordinates, stock and demand with field/OSMnx data before operational use"
R0329,2026,Kirinyaga,Coffee,D04,Kiaga Animal Feeds Factory Satellite Depot,county_satellite,-0.42,37.31,CAN,4600,F26,Gathambi Coffee Factory,Mwirua FCS,-0.407649,37.374548,66705,23.8,6,143,457,200,1,7.31,9.87,16.9,1776.0,8,10,0.066,Low,D02,Kianyaga DCC Office Satellite Depot,estimated: haversine distance * 1.35 road factor; replace with OSMnx shortest_path,"estimated from AFA cherry weight proxy; assumed 2,800 kg cherry per acre; fertilizer rates from Draft National Coffee Policy",https://www.afa.go.ke/download/5226/?tmstv=1750232445,https://kirinyaga.go.ke/waiguru-launches-fertilizer-mashinani-initiative-opens-satellite-farm-inputs-depots/,https://kilimo.go.ke/wp-content/uploads/2025/09/Draft-National-Coffee-Policy-2024.pdf,https://osmnx.readthedocs.io/en/stable/user-reference.html,"Estimated for hackathon modelling; validate coordinates, stock and demand with field/OSMnx data before operational use"
R0330,2026,Kirinyaga,Coffee,D04,Kiaga Animal Feeds Factory Satellite Depot,county_satellite,-0.42,37.31,Lime,4300,F26,Gathambi Coffee Factory,Mwirua FCS,-0.407649,37.374548,66705,23.8,5,119,457,200,1,7.31,9.87,16.9,1776.0,8,10,0.06,Low,D02,Kianyaga DCC Office Satellite Depot,estimated: haversine distance * 1.35 road factor; replace with OSMnx shortest_path,"estimated from AFA cherry weight proxy; assumed 2,800 kg cherry per acre; fertilizer rates from Draft National Coffee Policy",https://www.afa.go.ke/download/5226/?tmstv=1750232445,https://kirinyaga.go.ke/waiguru-launches-fertilizer-mashinani-initiative-opens-satellite-farm-inputs-depots/,https://kilimo.go.ke/wp-content/uploads/2025/09/Draft-National-Coffee-Policy-2024.pdf,https://osmnx.readthedocs.io/en/stable/user-reference.html,"Estimated for hackathon modelling; validate coordinates, stock and demand with field/OSMnx data before operational use"
R0331,2026,Kirinyaga,Coffee,D04,Kiaga Animal Feeds Factory Satellite Depot,county_satellite,-0.42,37.31,NPK,5000,F27,Kagongo Coffee Factory,Baragwi FCS,-0.437165,37.363183,269086,96.1,5,481,1847,200,3,6.21,8.39,14.4,1510.0,8,10,0.132,Low,D02,Kianyaga DCC Office Satellite Depot,estimated: haversine distance * 1.35 road factor; replace with OSMnx shortest_path,"estimated from AFA cherry weight proxy; assumed 2,800 kg cherry per acre; fertilizer rates from Draft National Coffee Policy",https://www.afa.go.ke/download/5226/?tmstv=1750232445,https://kirinyaga.go.ke/waiguru-launches-fertilizer-mashinani-initiative-opens-satellite-farm-inputs-depots/,https://kilimo.go.ke/wp-content/uploads/2025/09/Draft-National-Coffee-Policy-2024.pdf,https://osmnx.readthedocs.io/en/stable/user-reference.html,"Estimated for hackathon modelling; validate coordinates, stock and demand with field/OSMnx data before operational use"
R0332,2026,Kirinyaga,Coffee,D04,Kiaga Animal Feeds Factory Satellite Depot,county_satellite,-0.42,37.31,CAN,4600,F27,Kagongo Coffee Factory,Baragwi FCS,-0.437165,37.363183,269086,96.1,6,577,1847,200,3,6.21,8.39,14.4,1510.0,8,10,0.158,Low,D02,Kianyaga DCC Office Satellite Depot,estimated: haversine distance * 1.35 road factor; replace with OSMnx shortest_path,"estimated from AFA cherry weight proxy; assumed 2,800 kg cherry per acre; fertilizer rates from Draft National Coffee Policy",https://www.afa.go.ke/download/5226/?tmstv=1750232445,https://kirinyaga.go.ke/waiguru-launches-fertilizer-mashinani-initiative-opens-satellite-farm-inputs-depots/,https://kilimo.go.ke/wp-content/uploads/2025/09/Draft-National-Coffee-Policy-2024.pdf,https://osmnx.readthedocs.io/en/stable/user-reference.html,"Estimated for hackathon modelling; validate coordinates, stock and demand with field/OSMnx data before operational use"
R0333,2026,Kirinyaga,Coffee,D04,Kiaga Animal Feeds Factory Satellite Depot,county_satellite,-0.42,37.31,Lime,4300,F27,Kagongo Coffee Factory,Baragwi FCS,-0.437165,37.363183,269086,96.1,5,481,1847,200,3,6.21,8.39,14.4,1510.0,8,10,0.132,Low,D02,Kianyaga DCC Office Satellite Depot,estimated: haversine distance * 1.35 road factor; replace with OSMnx shortest_path,"estimated from AFA cherry weight proxy; assumed 2,800 kg cherry per acre; fertilizer rates from Draft National Coffee Policy",https://www.afa.go.ke/download/5226/?tmstv=1750232445,https://kirinyaga.go.ke/waiguru-launches-fertilizer-mashinani-initiative-opens-satellite-farm-inputs-depots/,https://kilimo.go.ke/wp-content/uploads/2025/09/Draft-National-Coffee-Policy-2024.pdf,https://osmnx.readthedocs.io/en/stable/user-reference.html,"Estimated for hackathon modelling; validate coordinates, stock and demand with field/OSMnx data before operational use"
R0334,2026,Kirinyaga,Coffee,D04,Kiaga Animal Feeds Factory Satellite Depot,county_satellite,-0.42,37.31,NPK,5000,F28,Thaita Coffee Factory,Inoi FCS,-0.50426,37.276546,981403,350.5,5,1753,6731,200,9,10.08,13.61,23.3,2450.0,8,10,0.478,High,D03,Kerugoya CC Office Satellite Depot,estimated: haversine distance * 1.35 road factor; replace with OSMnx shortest_path,"estimated from AFA cherry weight proxy; assumed 2,800 kg cherry per acre; fertilizer rates from Draft National Coffee Policy",https://www.afa.go.ke/download/5226/?tmstv=1750232445,https://kirinyaga.go.ke/waiguru-launches-fertilizer-mashinani-initiative-opens-satellite-farm-inputs-depots/,https://kilimo.go.ke/wp-content/uploads/2025/09/Draft-National-Coffee-Policy-2024.pdf,https://osmnx.readthedocs.io/en/stable/user-reference.html,"Estimated for hackathon modelling; validate coordinates, stock and demand with field/OSMnx data before operational use"
R0335,2026,Kirinyaga,Coffee,D04,Kiaga Animal Feeds Factory Satellite Depot,county_satellite,-0.42,37.31,CAN,4600,F28,Thaita Coffee Factory,Inoi FCS,-0.50426,37.276546,981403,350.5,6,2103,6731,200,11,10.08,13.61,23.3,2450.0,8,10,0.572,High,D03,Kerugoya CC Office Satellite Depot,estimated: haversine distance * 1.35 road factor; replace with OSMnx shortest_path,"estimated from AFA cherry weight proxy; assumed 2,800 kg cherry per acre; fertilizer rates from Draft National Coffee Policy",https://www.afa.go.ke/download/5226/?tmstv=1750232445,https://kirinyaga.go.ke/waiguru-launches-fertilizer-mashinani-initiative-opens-satellite-farm-inputs-depots/,https://kilimo.go.ke/wp-content/uploads/2025/09/Draft-National-Coffee-Policy-2024.pdf,https://osmnx.readthedocs.io/en/stable/user-reference.html,"Estimated for hackathon modelling; validate coordinates, stock and demand with field/OSMnx data before operational use"
R0336,2026,Kirinyaga,Coffee,D04,Kiaga Animal Feeds Factory Satellite Depot,county_satellite,-0.42,37.31,Lime,4300,F28,Thaita Coffee Factory,Inoi FCS,-0.50426,37.276546,981403,350.5,5,1753,6731,200,9,10.08,13.61,23.3,2450.0,8,10,0.478,High,D03,Kerugoya CC Office Satellite Depot,estimated: haversine distance * 1.35 road factor; replace with OSMnx shortest_path,"estimated from AFA cherry weight proxy; assumed 2,800 kg cherry per acre; fertilizer rates from Draft National Coffee Policy",https://www.afa.go.ke/download/5226/?tmstv=1750232445,https://kirinyaga.go.ke/waiguru-launches-fertilizer-mashinani-initiative-opens-satellite-farm-inputs-depots/,https://kilimo.go.ke/wp-content/uploads/2025/09/Draft-National-Coffee-Policy-2024.pdf,https://osmnx.readthedocs.io/en/stable/user-reference.html,"Estimated for hackathon modelling; validate coordinates, stock and demand with field/OSMnx data before operational use"
R0337,2026,Kirinyaga,Coffee,D05,Baricho DCC Office Satellite Depot,county_satellite,-0.57,37.34,NPK,5100,F01,Kiangoi Coffee Factory,Rung'eto FCS,-0.501303,37.373625,69519,24.8,5,124,476,200,1,8.5,11.48,19.7,2067.0,8,10,0.092,Low,D02,Kianyaga DCC Office Satellite Depot,estimated: haversine distance * 1.35 road factor; replace with OSMnx shortest_path,"estimated from AFA cherry weight proxy; assumed 2,800 kg cherry per acre; fertilizer rates from Draft National Coffee Policy",https://www.afa.go.ke/download/5226/?tmstv=1750232445,https://kirinyaga.go.ke/waiguru-launches-fertilizer-mashinani-initiative-opens-satellite-farm-inputs-depots/,https://kilimo.go.ke/wp-content/uploads/2025/09/Draft-National-Coffee-Policy-2024.pdf,https://osmnx.readthedocs.io/en/stable/user-reference.html,"Estimated for hackathon modelling; validate coordinates, stock and demand with field/OSMnx data before operational use"
R0338,2026,Kirinyaga,Coffee,D05,Baricho DCC Office Satellite Depot,county_satellite,-0.57,37.34,CAN,4700,F01,Kiangoi Coffee Factory,Rung'eto FCS,-0.501303,37.373625,69519,24.8,6,149,476,200,1,8.5,11.48,19.7,2067.0,8,10,0.098,Low,D02,Kianyaga DCC Office Satellite Depot,estimated: haversine distance * 1.35 road factor; replace with OSMnx shortest_path,"estimated from AFA cherry weight proxy; assumed 2,800 kg cherry per acre; fertilizer rates from Draft National Coffee Policy",https://www.afa.go.ke/download/5226/?tmstv=1750232445,https://kirinyaga.go.ke/waiguru-launches-fertilizer-mashinani-initiative-opens-satellite-farm-inputs-depots/,https://kilimo.go.ke/wp-content/uploads/2025/09/Draft-National-Coffee-Policy-2024.pdf,https://osmnx.readthedocs.io/en/stable/user-reference.html,"Estimated for hackathon modelling; validate coordinates, stock and demand with field/OSMnx data before operational use"
R0339,2026,Kirinyaga,Coffee,D05,Baricho DCC Office Satellite Depot,county_satellite,-0.57,37.34,Lime,4200,F01,Kiangoi Coffee Factory,Rung'eto FCS,-0.501303,37.373625,69519,24.8,5,124,476,200,1,8.5,11.48,19.7,2067.0,8,10,0.092,Low,D02,Kianyaga DCC Office Satellite Depot,estimated: haversine distance * 1.35 road factor; replace with OSMnx shortest_path,"estimated from AFA cherry weight proxy; assumed 2,800 kg cherry per acre; fertilizer rates from Draft National Coffee Policy",https://www.afa.go.ke/download/5226/?tmstv=1750232445,https://kirinyaga.go.ke/waiguru-launches-fertilizer-mashinani-initiative-opens-satellite-farm-inputs-depots/,https://kilimo.go.ke/wp-content/uploads/2025/09/Draft-National-Coffee-Policy-2024.pdf,https://osmnx.readthedocs.io/en/stable/user-reference.html,"Estimated for hackathon modelling; validate coordinates, stock and demand with field/OSMnx data before operational use"
R0340,2026,Kirinyaga,Coffee,D05,Baricho DCC Office Satellite Depot,county_satellite,-0.57,37.34,NPK,5100,F02,Kainamui Coffee Factory,New Ngariama FCS,-0.472125,37.459616,386496,138.0,5,690,2650,200,4,17.19,23.2,39.8,4176.0,8,10,0.225,Medium,D07,Ciagini ACC Office Satellite Depot,estimated: haversine distance * 1.35 road factor; replace with OSMnx shortest_path,"estimated from AFA cherry weight proxy; assumed 2,800 kg cherry per acre; fertilizer rates from Draft National Coffee Policy",https://www.afa.go.ke/download/5226/?tmstv=1750232445,https://kirinyaga.go.ke/waiguru-launches-fertilizer-mashinani-initiative-opens-satellite-farm-inputs-depots/,https://kilimo.go.ke/wp-content/uploads/2025/09/Draft-National-Coffee-Policy-2024.pdf,https://osmnx.readthedocs.io/en/stable/user-reference.html,"Estimated for hackathon modelling; validate coordinates, stock and demand with field/OSMnx data before operational use"
R0341,2026,Kirinyaga,Coffee,D05,Baricho DCC Office Satellite Depot,county_satellite,-0.57,37.34,CAN,4700,F02,Kainamui Coffee Factory,New Ngariama FCS,-0.472125,37.459616,386496,138.0,6,828,2650,200,5,17.19,23.2,39.8,4176.0,8,10,0.262,Medium,D07,Ciagini ACC Office Satellite Depot,estimated: haversine distance * 1.35 road factor; replace with OSMnx shortest_path,"estimated from AFA cherry weight proxy; assumed 2,800 kg cherry per acre; fertilizer rates from Draft National Coffee Policy",https://www.afa.go.ke/download/5226/?tmstv=1750232445,https://kirinyaga.go.ke/waiguru-launches-fertilizer-mashinani-initiative-opens-satellite-farm-inputs-depots/,https://kilimo.go.ke/wp-content/uploads/2025/09/Draft-National-Coffee-Policy-2024.pdf,https://osmnx.readthedocs.io/en/stable/user-reference.html,"Estimated for hackathon modelling; validate coordinates, stock and demand with field/OSMnx data before operational use"
R0342,2026,Kirinyaga,Coffee,D05,Baricho DCC Office Satellite Depot,county_satellite,-0.57,37.34,Lime,4200,F02,Kainamui Coffee Factory,New Ngariama FCS,-0.472125,37.459616,386496,138.0,5,690,2650,200,4,17.19,23.2,39.8,4176.0,8,10,0.225,Medium,D07,Ciagini ACC Office Satellite Depot,estimated: haversine distance * 1.35 road factor; replace with OSMnx shortest_path,"estimated from AFA cherry weight proxy; assumed 2,800 kg cherry per acre; fertilizer rates from Draft National Coffee Policy",https://www.afa.go.ke/download/5226/?tmstv=1750232445,https://kirinyaga.go.ke/waiguru-launches-fertilizer-mashinani-initiative-opens-satellite-farm-inputs-depots/,https://kilimo.go.ke/wp-content/uploads/2025/09/Draft-National-Coffee-Policy-2024.pdf,https://osmnx.readthedocs.io/en/stable/user-reference.html,"Estimated for hackathon modelling; validate coordinates, stock and demand with field/OSMnx data before operational use"
R0343,2026,Kirinyaga,Coffee,D05,Baricho DCC Office Satellite Depot,county_satellite,-0.57,37.34,NPK,5100,F03,Kaguyu Coffee Factory,Inoi FCS,-0.503818,37.276883,213771,76.3,5,382,1466,200,2,10.17,13.73,23.5,2471.0,8,10,0.108,Low,D03,Kerugoya CC Office Satellite Depot,estimated: haversine distance * 1.35 road factor; replace with OSMnx shortest_path,"estimated from AFA cherry weight proxy; assumed 2,800 kg cherry per acre; fertilizer rates from Draft National Coffee Policy",https://www.afa.go.ke/download/5226/?tmstv=1750232445,https://kirinyaga.go.ke/waiguru-launches-fertilizer-mashinani-initiative-opens-satellite-farm-inputs-depots/,https://kilimo.go.ke/wp-content/uploads/2025/09/Draft-National-Coffee-Policy-2024.pdf,https://osmnx.readthedocs.io/en/stable/user-reference.html,"Estimated for hackathon modelling; validate coordinates, stock and demand with field/OSMnx data before operational use"
R0344,2026,Kirinyaga,Coffee,D05,Baricho DCC Office Satellite Depot,county_satellite,-0.57,37.34,CAN,4700,F03,Kaguyu Coffee Factory,Inoi FCS,-0.503818,37.276883,213771,76.3,6,458,1466,200,3,10.17,13.73,23.5,2471.0,8,10,0.129,Low,D03,Kerugoya CC Office Satellite Depot,estimated: haversine distance * 1.35 road factor; replace with OSMnx shortest_path,"estimated from AFA cherry weight proxy; assumed 2,800 kg cherry per acre; fertilizer rates from Draft National Coffee Policy",https://www.afa.go.ke/download/5226/?tmstv=1750232445,https://kirinyaga.go.ke/waiguru-launches-fertilizer-mashinani-initiative-opens-satellite-farm-inputs-depots/,https://kilimo.go.ke/wp-content/uploads/2025/09/Draft-National-Coffee-Policy-2024.pdf,https://osmnx.readthedocs.io/en/stable/user-reference.html,"Estimated for hackathon modelling; validate coordinates, stock and demand with field/OSMnx data before operational use"
R0345,2026,Kirinyaga,Coffee,D05,Baricho DCC Office Satellite Depot,county_satellite,-0.57,37.34,Lime,4200,F03,Kaguyu Coffee Factory,Inoi FCS,-0.503818,37.276883,213771,76.3,5,382,1466,200,2,10.17,13.73,23.5,2471.0,8,10,0.108,Low,D03,Kerugoya CC Office Satellite Depot,estimated: haversine distance * 1.35 road factor; replace with OSMnx shortest_path,"estimated from AFA cherry weight proxy; assumed 2,800 kg cherry per acre; fertilizer rates from Draft National Coffee Policy",https://www.afa.go.ke/download/5226/?tmstv=1750232445,https://kirinyaga.go.ke/waiguru-launches-fertilizer-mashinani-initiative-opens-satellite-farm-inputs-depots/,https://kilimo.go.ke/wp-content/uploads/2025/09/Draft-National-Coffee-Policy-2024.pdf,https://osmnx.readthedocs.io/en/stable/user-reference.html,"Estimated for hackathon modelling; validate coordinates, stock and demand with field/OSMnx data before operational use"
R0346,2026,Kirinyaga,Coffee,D05,Baricho DCC Office Satellite Depot,county_satellite,-0.57,37.34,NPK,5100,F04,Kariko Coffee Factory,Inoi FCS,-0.497039,37.273935,800249,285.8,5,1429,5488,200,8,10.94,14.77,25.3,2659.0,8,10,0.391,Medium,D03,Kerugoya CC Office Satellite Depot,estimated: haversine distance * 1.35 road factor; replace with OSMnx shortest_path,"estimated from AFA cherry weight proxy; assumed 2,800 kg cherry per acre; fertilizer rates from Draft National Coffee Policy",https://www.afa.go.ke/download/5226/?tmstv=1750232445,https://kirinyaga.go.ke/waiguru-launches-fertilizer-mashinani-initiative-opens-satellite-farm-inputs-depots/,https://kilimo.go.ke/wp-content/uploads/2025/09/Draft-National-Coffee-Policy-2024.pdf,https://osmnx.readthedocs.io/en/stable/user-reference.html,"Estimated for hackathon modelling; validate coordinates, stock and demand with field/OSMnx data before operational use"
R0347,2026,Kirinyaga,Coffee,D05,Baricho DCC Office Satellite Depot,county_satellite,-0.57,37.34,CAN,4700,F04,Kariko Coffee Factory,Inoi FCS,-0.497039,37.273935,800249,285.8,6,1715,5488,200,9,10.94,14.77,25.3,2659.0,8,10,0.468,High,D03,Kerugoya CC Office Satellite Depot,estimated: haversine distance * 1.35 road factor; replace with OSMnx shortest_path,"estimated from AFA cherry weight proxy; assumed 2,800 kg cherry per acre; fertilizer rates from Draft National Coffee Policy",https://www.afa.go.ke/download/5226/?tmstv=1750232445,https://kirinyaga.go.ke/waiguru-launches-fertilizer-mashinani-initiative-opens-satellite-farm-inputs-depots/,https://kilimo.go.ke/wp-content/uploads/2025/09/Draft-National-Coffee-Policy-2024.pdf,https://osmnx.readthedocs.io/en/stable/user-reference.html,"Estimated for hackathon modelling; validate coordinates, stock and demand with field/OSMnx data before operational use"
R0348,2026,Kirinyaga,Coffee,D05,Baricho DCC Office Satellite Depot,county_satellite,-0.57,37.34,Lime,4200,F04,Kariko Coffee Factory,Inoi FCS,-0.497039,37.273935,800249,285.8,5,1429,5488,200,8,10.94,14.77,25.3,2659.0,8,10,0.391,Medium,D03,Kerugoya CC Office Satellite Depot,estimated: haversine distance * 1.35 road factor; replace with OSMnx shortest_path,"estimated from AFA cherry weight proxy; assumed 2,800 kg cherry per acre; fertilizer rates from Draft National Coffee Policy",https://www.afa.go.ke/download/5226/?tmstv=1750232445,https://kirinyaga.go.ke/waiguru-launches-fertilizer-mashinani-initiative-opens-satellite-farm-inputs-depots/,https://kilimo.go.ke/wp-content/uploads/2025/09/Draft-National-Coffee-Policy-2024.pdf,https://osmnx.readthedocs.io/en/stable/user-reference.html,"Estimated for hackathon modelling; validate coordinates, stock and demand with field/OSMnx data before operational use"
R0349,2026,Kirinyaga,Coffee,D05,Baricho DCC Office Satellite Depot,county_satellite,-0.57,37.34,NPK,5100,F05,Mushagara Coffee Factory,Baragwi FCS,-0.41839,37.358649,657558,234.8,5,1174,4508,200,6,16.99,22.93,39.3,4127.0,8,10,0.334,Medium,D02,Kianyaga DCC Office Satellite Depot,estimated: haversine distance * 1.35 road factor; replace with OSMnx shortest_path,"estimated from AFA cherry weight proxy; assumed 2,800 kg cherry per acre; fertilizer rates from Draft National Coffee Policy",https://www.afa.go.ke/download/5226/?tmstv=1750232445,https://kirinyaga.go.ke/waiguru-launches-fertilizer-mashinani-initiative-opens-satellite-farm-inputs-depots/,https://kilimo.go.ke/wp-content/uploads/2025/09/Draft-National-Coffee-Policy-2024.pdf,https://osmnx.readthedocs.io/en/stable/user-reference.html,"Estimated for hackathon modelling; validate coordinates, stock and demand with field/OSMnx data before operational use"
R0350,2026,Kirinyaga,Coffee,D05,Baricho DCC Office Satellite Depot,county_satellite,-0.57,37.34,CAN,4700,F05,Mushagara Coffee Factory,Baragwi FCS,-0.41839,37.358649,657558,234.8,6,1409,4508,200,8,16.99,22.93,39.3,4127.0,8,10,0.397,Medium,D02,Kianyaga DCC Office Satellite Depot,estimated: haversine distance * 1.35 road factor; replace with OSMnx shortest_path,"estimated from AFA cherry weight proxy; assumed 2,800 kg cherry per acre; fertilizer rates from Draft National Coffee Policy",https://www.afa.go.ke/download/5226/?tmstv=1750232445,https://kirinyaga.go.ke/waiguru-launches-fertilizer-mashinani-initiative-opens-satellite-farm-inputs-depots/,https://kilimo.go.ke/wp-content/uploads/2025/09/Draft-National-Coffee-Policy-2024.pdf,https://osmnx.readthedocs.io/en/stable/user-reference.html,"Estimated for hackathon modelling; validate coordinates, stock and demand with field/OSMnx data before operational use"
R0351,2026,Kirinyaga,Coffee,D05,Baricho DCC Office Satellite Depot,county_satellite,-0.57,37.34,Lime,4200,F05,Mushagara Coffee Factory,Baragwi FCS,-0.41839,37.358649,657558,234.8,5,1174,4508,200,6,16.99,22.93,39.3,4127.0,8,10,0.334,Medium,D02,Kianyaga DCC Office Satellite Depot,estimated: haversine distance * 1.35 road factor; replace with OSMnx shortest_path,"estimated from AFA cherry weight proxy; assumed 2,800 kg cherry per acre; fertilizer rates from Draft National Coffee Policy",https://www.afa.go.ke/download/5226/?tmstv=1750232445,https://kirinyaga.go.ke/waiguru-launches-fertilizer-mashinani-initiative-opens-satellite-farm-inputs-depots/,https://kilimo.go.ke/wp-content/uploads/2025/09/Draft-National-Coffee-Policy-2024.pdf,https://osmnx.readthedocs.io/en/stable/user-reference.html,"Estimated for hackathon modelling; validate coordinates, stock and demand with field/OSMnx data before operational use"
R0352,2026,Kirinyaga,Coffee,D05,Baricho DCC Office Satellite Depot,county_satellite,-0.57,37.34,NPK,5100,F06,Gachami Coffee Factory,Baragwi FCS,-0.443407,37.368027,1318667,471.0,5,2355,9043,200,12,14.42,19.46,33.4,3503.0,8,10,0.64,High,D02,Kianyaga DCC Office Satellite Depot,estimated: haversine distance * 1.35 road factor; replace with OSMnx shortest_path,"estimated from AFA cherry weight proxy; assumed 2,800 kg cherry per acre; fertilizer rates from Draft National Coffee Policy",https://www.afa.go.ke/download/5226/?tmstv=1750232445,https://kirinyaga.go.ke/waiguru-launches-fertilizer-mashinani-initiative-opens-satellite-farm-inputs-depots/,https://kilimo.go.ke/wp-content/uploads/2025/09/Draft-National-Coffee-Policy-2024.pdf,https://osmnx.readthedocs.io/en/stable/user-reference.html,"Estimated for hackathon modelling; validate coordinates, stock and demand with field/OSMnx data before operational use"
R0353,2026,Kirinyaga,Coffee,D05,Baricho DCC Office Satellite Depot,county_satellite,-0.57,37.34,CAN,4700,F06,Gachami Coffee Factory,Baragwi FCS,-0.443407,37.368027,1318667,471.0,6,2826,9043,200,15,14.42,19.46,33.4,3503.0,8,10,0.706,High,D02,Kianyaga DCC Office Satellite Depot,estimated: haversine distance * 1.35 road factor; replace with OSMnx shortest_path,"estimated from AFA cherry weight proxy; assumed 2,800 kg cherry per acre; fertilizer rates from Draft National Coffee Policy",https://www.afa.go.ke/download/5226/?tmstv=1750232445,https://kirinyaga.go.ke/waiguru-launches-fertilizer-mashinani-initiative-opens-satellite-farm-inputs-depots/,https://kilimo.go.ke/wp-content/uploads/2025/09/Draft-National-Coffee-Policy-2024.pdf,https://osmnx.readthedocs.io/en/stable/user-reference.html,"Estimated for hackathon modelling; validate coordinates, stock and demand with field/OSMnx data before operational use"
R0354,2026,Kirinyaga,Coffee,D05,Baricho DCC Office Satellite Depot,county_satellite,-0.57,37.34,Lime,4200,F06,Gachami Coffee Factory,Baragwi FCS,-0.443407,37.368027,1318667,471.0,5,2355,9043,200,12,14.42,19.46,33.4,3503.0,8,10,0.64,High,D02,Kianyaga DCC Office Satellite Depot,estimated: haversine distance * 1.35 road factor; replace with OSMnx shortest_path,"estimated from AFA cherry weight proxy; assumed 2,800 kg cherry per acre; fertilizer rates from Draft National Coffee Policy",https://www.afa.go.ke/download/5226/?tmstv=1750232445,https://kirinyaga.go.ke/waiguru-launches-fertilizer-mashinani-initiative-opens-satellite-farm-inputs-depots/,https://kilimo.go.ke/wp-content/uploads/2025/09/Draft-National-Coffee-Policy-2024.pdf,https://osmnx.readthedocs.io/en/stable/user-reference.html,"Estimated for hackathon modelling; validate coordinates, stock and demand with field/OSMnx data before operational use"
R0355,2026,Kirinyaga,Coffee,D05,Baricho DCC Office Satellite Depot,county_satellite,-0.57,37.34,NPK,5100,F07,Konyu Coffee Factory,Kabare FCS,-0.543367,37.326494,193060,69.0,5,345,1325,200,2,3.32,4.48,7.7,807.0,8,10,0.12,Low,D05,Baricho DCC Office Satellite Depot,estimated: haversine distance * 1.35 road factor; replace with OSMnx shortest_path,"estimated from AFA cherry weight proxy; assumed 2,800 kg cherry per acre; fertilizer rates from Draft National Coffee Policy",https://www.afa.go.ke/download/5226/?tmstv=1750232445,https://kirinyaga.go.ke/waiguru-launches-fertilizer-mashinani-initiative-opens-satellite-farm-inputs-depots/,https://kilimo.go.ke/wp-content/uploads/2025/09/Draft-National-Coffee-Policy-2024.pdf,https://osmnx.readthedocs.io/en/stable/user-reference.html,"Estimated for hackathon modelling; validate coordinates, stock and demand with field/OSMnx data before operational use"
R0356,2026,Kirinyaga,Coffee,D05,Baricho DCC Office Satellite Depot,county_satellite,-0.57,37.34,CAN,4700,F07,Konyu Coffee Factory,Kabare FCS,-0.543367,37.326494,193060,69.0,6,414,1325,200,3,3.32,4.48,7.7,807.0,8,10,0.138,Low,D05,Baricho DCC Office Satellite Depot,estimated: haversine distance * 1.35 road factor; replace with OSMnx shortest_path,"estimated from AFA cherry weight proxy; assumed 2,800 kg cherry per acre; fertilizer rates from Draft National Coffee Policy",https://www.afa.go.ke/download/5226/?tmstv=1750232445,https://kirinyaga.go.ke/waiguru-launches-fertilizer-mashinani-initiative-opens-satellite-farm-inputs-depots/,https://kilimo.go.ke/wp-content/uploads/2025/09/Draft-National-Coffee-Policy-2024.pdf,https://osmnx.readthedocs.io/en/stable/user-reference.html,"Estimated for hackathon modelling; validate coordinates, stock and demand with field/OSMnx data before operational use"
R0357,2026,Kirinyaga,Coffee,D05,Baricho DCC Office Satellite Depot,county_satellite,-0.57,37.34,Lime,4200,F07,Konyu Coffee Factory,Kabare FCS,-0.543367,37.326494,193060,69.0,5,345,1325,200,2,3.32,4.48,7.7,807.0,8,10,0.12,Low,D05,Baricho DCC Office Satellite Depot,estimated: haversine distance * 1.35 road factor; replace with OSMnx shortest_path,"estimated from AFA cherry weight proxy; assumed 2,800 kg cherry per acre; fertilizer rates from Draft National Coffee Policy",https://www.afa.go.ke/download/5226/?tmstv=1750232445,https://kirinyaga.go.ke/waiguru-launches-fertilizer-mashinani-initiative-opens-satellite-farm-inputs-depots/,https://kilimo.go.ke/wp-content/uploads/2025/09/Draft-National-Coffee-Policy-2024.pdf,https://osmnx.readthedocs.io/en/stable/user-reference.html,"Estimated for hackathon modelling; validate coordinates, stock and demand with field/OSMnx data before operational use"
R0358,2026,Kirinyaga,Coffee,D05,Baricho DCC Office Satellite Depot,county_satellite,-0.57,37.34,NPK,5100,F08,Thunguri Coffee Factory,Kibirigwi FCS,-0.559251,37.158225,842805,301.0,5,1505,5779,200,8,20.25,27.33,46.9,4920.0,8,10,0.51,High,D09,Sagana NCPB Depot,estimated: haversine distance * 1.35 road factor; replace with OSMnx shortest_path,"estimated from AFA cherry weight proxy; assumed 2,800 kg cherry per acre; fertilizer rates from Draft National Coffee Policy",https://www.afa.go.ke/download/5226/?tmstv=1750232445,https://kirinyaga.go.ke/waiguru-launches-fertilizer-mashinani-initiative-opens-satellite-farm-inputs-depots/,https://kilimo.go.ke/wp-content/uploads/2025/09/Draft-National-Coffee-Policy-2024.pdf,https://osmnx.readthedocs.io/en/stable/user-reference.html,"Estimated for hackathon modelling; validate coordinates, stock and demand with field/OSMnx data before operational use"
R0359,2026,Kirinyaga,Coffee,D05,Baricho DCC Office Satellite Depot,county_satellite,-0.57,37.34,CAN,4700,F08,Thunguri Coffee Factory,Kibirigwi FCS,-0.559251,37.158225,842805,301.0,6,1806,5779,200,10,20.25,27.33,46.9,4920.0,8,10,0.591,High,D09,Sagana NCPB Depot,estimated: haversine distance * 1.35 road factor; replace with OSMnx shortest_path,"estimated from AFA cherry weight proxy; assumed 2,800 kg cherry per acre; fertilizer rates from Draft National Coffee Policy",https://www.afa.go.ke/download/5226/?tmstv=1750232445,https://kirinyaga.go.ke/waiguru-launches-fertilizer-mashinani-initiative-opens-satellite-farm-inputs-depots/,https://kilimo.go.ke/wp-content/uploads/2025/09/Draft-National-Coffee-Policy-2024.pdf,https://osmnx.readthedocs.io/en/stable/user-reference.html,"Estimated for hackathon modelling; validate coordinates, stock and demand with field/OSMnx data before operational use"
R0360,2026,Kirinyaga,Coffee,D05,Baricho DCC Office Satellite Depot,county_satellite,-0.57,37.34,Lime,4200,F08,Thunguri Coffee Factory,Kibirigwi FCS,-0.559251,37.158225,842805,301.0,5,1505,5779,200,8,20.25,27.33,46.9,4920.0,8,10,0.51,High,D09,Sagana NCPB Depot,estimated: haversine distance * 1.35 road factor; replace with OSMnx shortest_path,"estimated from AFA cherry weight proxy; assumed 2,800 kg cherry per acre; fertilizer rates from Draft National Coffee Policy",https://www.afa.go.ke/download/5226/?tmstv=1750232445,https://kirinyaga.go.ke/waiguru-launches-fertilizer-mashinani-initiative-opens-satellite-farm-inputs-depots/,https://kilimo.go.ke/wp-content/uploads/2025/09/Draft-National-Coffee-Policy-2024.pdf,https://osmnx.readthedocs.io/en/stable/user-reference.html,"Estimated for hackathon modelling; validate coordinates, stock and demand with field/OSMnx data before operational use"
R0361,2026,Kirinyaga,Coffee,D05,Baricho DCC Office Satellite Depot,county_satellite,-0.57,37.34,NPK,5100,F09,Kiandieri Coffee Factory,Inoi FCS,-0.500398,37.283446,98015,35.0,5,175,672,200,1,9.97,13.46,23.1,2423.0,8,10,0.05,Low,D03,Kerugoya CC Office Satellite Depot,estimated: haversine distance * 1.35 road factor; replace with OSMnx shortest_path,"estimated from AFA cherry weight proxy; assumed 2,800 kg cherry per acre; fertilizer rates from Draft National Coffee Policy",https://www.afa.go.ke/download/5226/?tmstv=1750232445,https://kirinyaga.go.ke/waiguru-launches-fertilizer-mashinani-initiative-opens-satellite-farm-inputs-depots/,https://kilimo.go.ke/wp-content/uploads/2025/09/Draft-National-Coffee-Policy-2024.pdf,https://osmnx.readthedocs.io/en/stable/user-reference.html,"Estimated for hackathon modelling; validate coordinates, stock and demand with field/OSMnx data before operational use"
R0362,2026,Kirinyaga,Coffee,D05,Baricho DCC Office Satellite Depot,county_satellite,-0.57,37.34,CAN,4700,F09,Kiandieri Coffee Factory,Inoi FCS,-0.500398,37.283446,98015,35.0,6,210,672,200,2,9.97,13.46,23.1,2423.0,8,10,0.06,Low,D03,Kerugoya CC Office Satellite Depot,estimated: haversine distance * 1.35 road factor; replace with OSMnx shortest_path,"estimated from AFA cherry weight proxy; assumed 2,800 kg cherry per acre; fertilizer rates from Draft National Coffee Policy",https://www.afa.go.ke/download/5226/?tmstv=1750232445,https://kirinyaga.go.ke/waiguru-launches-fertilizer-mashinani-initiative-opens-satellite-farm-inputs-depots/,https://kilimo.go.ke/wp-content/uploads/2025/09/Draft-National-Coffee-Policy-2024.pdf,https://osmnx.readthedocs.io/en/stable/user-reference.html,"Estimated for hackathon modelling; validate coordinates, stock and demand with field/OSMnx data before operational use"
R0363,2026,Kirinyaga,Coffee,D05,Baricho DCC Office Satellite Depot,county_satellite,-0.57,37.34,Lime,4200,F09,Kiandieri Coffee Factory,Inoi FCS,-0.500398,37.283446,98015,35.0,5,175,672,200,1,9.97,13.46,23.1,2423.0,8,10,0.05,Low,D03,Kerugoya CC Office Satellite Depot,estimated: haversine distance * 1.35 road factor; replace with OSMnx shortest_path,"estimated from AFA cherry weight proxy; assumed 2,800 kg cherry per acre; fertilizer rates from Draft National Coffee Policy",https://www.afa.go.ke/download/5226/?tmstv=1750232445,https://kirinyaga.go.ke/waiguru-launches-fertilizer-mashinani-initiative-opens-satellite-farm-inputs-depots/,https://kilimo.go.ke/wp-content/uploads/2025/09/Draft-National-Coffee-Policy-2024.pdf,https://osmnx.readthedocs.io/en/stable/user-reference.html,"Estimated for hackathon modelling; validate coordinates, stock and demand with field/OSMnx data before operational use"
R0364,2026,Kirinyaga,Coffee,D05,Baricho DCC Office Satellite Depot,county_satellite,-0.57,37.34,NPK,5100,F10,Rutui Coffee Factory,Inoi FCS,-0.491453,37.280532,202521,72.3,5,362,1390,200,2,10.95,14.79,25.4,2662.0,8,10,0.104,Low,D03,Kerugoya CC Office Satellite Depot,estimated: haversine distance * 1.35 road factor; replace with OSMnx shortest_path,"estimated from AFA cherry weight proxy; assumed 2,800 kg cherry per acre; fertilizer rates from Draft National Coffee Policy",https://www.afa.go.ke/download/5226/?tmstv=1750232445,https://kirinyaga.go.ke/waiguru-launches-fertilizer-mashinani-initiative-opens-satellite-farm-inputs-depots/,https://kilimo.go.ke/wp-content/uploads/2025/09/Draft-National-Coffee-Policy-2024.pdf,https://osmnx.readthedocs.io/en/stable/user-reference.html,"Estimated for hackathon modelling; validate coordinates, stock and demand with field/OSMnx data before operational use"
R0365,2026,Kirinyaga,Coffee,D05,Baricho DCC Office Satellite Depot,county_satellite,-0.57,37.34,CAN,4700,F10,Rutui Coffee Factory,Inoi FCS,-0.491453,37.280532,202521,72.3,6,434,1390,200,3,10.95,14.79,25.4,2662.0,8,10,0.124,Low,D03,Kerugoya CC Office Satellite Depot,estimated: haversine distance * 1.35 road factor; replace with OSMnx shortest_path,"estimated from AFA cherry weight proxy; assumed 2,800 kg cherry per acre; fertilizer rates from Draft National Coffee Policy",https://www.afa.go.ke/download/5226/?tmstv=1750232445,https://kirinyaga.go.ke/waiguru-launches-fertilizer-mashinani-initiative-opens-satellite-farm-inputs-depots/,https://kilimo.go.ke/wp-content/uploads/2025/09/Draft-National-Coffee-Policy-2024.pdf,https://osmnx.readthedocs.io/en/stable/user-reference.html,"Estimated for hackathon modelling; validate coordinates, stock and demand with field/OSMnx data before operational use"
R0366,2026,Kirinyaga,Coffee,D05,Baricho DCC Office Satellite Depot,county_satellite,-0.57,37.34,Lime,4200,F10,Rutui Coffee Factory,Inoi FCS,-0.491453,37.280532,202521,72.3,5,362,1390,200,2,10.95,14.79,25.4,2662.0,8,10,0.104,Low,D03,Kerugoya CC Office Satellite Depot,estimated: haversine distance * 1.35 road factor; replace with OSMnx shortest_path,"estimated from AFA cherry weight proxy; assumed 2,800 kg cherry per acre; fertilizer rates from Draft National Coffee Policy",https://www.afa.go.ke/download/5226/?tmstv=1750232445,https://kirinyaga.go.ke/waiguru-launches-fertilizer-mashinani-initiative-opens-satellite-farm-inputs-depots/,https://kilimo.go.ke/wp-content/uploads/2025/09/Draft-National-Coffee-Policy-2024.pdf,https://osmnx.readthedocs.io/en/stable/user-reference.html,"Estimated for hackathon modelling; validate coordinates, stock and demand with field/OSMnx data before operational use"
R0367,2026,Kirinyaga,Coffee,D05,Baricho DCC Office Satellite Depot,county_satellite,-0.57,37.34,NPK,5100,F11,Kiang'ombe Coffee Factory,Kabare FCS,-0.545471,37.335991,421153,150.4,5,752,2887,200,4,2.76,3.73,6.4,672.0,8,10,0.225,Medium,D05,Baricho DCC Office Satellite Depot,estimated: haversine distance * 1.35 road factor; replace with OSMnx shortest_path,"estimated from AFA cherry weight proxy; assumed 2,800 kg cherry per acre; fertilizer rates from Draft National Coffee Policy",https://www.afa.go.ke/download/5226/?tmstv=1750232445,https://kirinyaga.go.ke/waiguru-launches-fertilizer-mashinani-initiative-opens-satellite-farm-inputs-depots/,https://kilimo.go.ke/wp-content/uploads/2025/09/Draft-National-Coffee-Policy-2024.pdf,https://osmnx.readthedocs.io/en/stable/user-reference.html,"Estimated for hackathon modelling; validate coordinates, stock and demand with field/OSMnx data before operational use"
R0368,2026,Kirinyaga,Coffee,D05,Baricho DCC Office Satellite Depot,county_satellite,-0.57,37.34,CAN,4700,F11,Kiang'ombe Coffee Factory,Kabare FCS,-0.545471,37.335991,421153,150.4,6,902,2887,200,5,2.76,3.73,6.4,672.0,8,10,0.265,Medium,D05,Baricho DCC Office Satellite Depot,estimated: haversine distance * 1.35 road factor; replace with OSMnx shortest_path,"estimated from AFA cherry weight proxy; assumed 2,800 kg cherry per acre; fertilizer rates from Draft National Coffee Policy",https://www.afa.go.ke/download/5226/?tmstv=1750232445,https://kirinyaga.go.ke/waiguru-launches-fertilizer-mashinani-initiative-opens-satellite-farm-inputs-depots/,https://kilimo.go.ke/wp-content/uploads/2025/09/Draft-National-Coffee-Policy-2024.pdf,https://osmnx.readthedocs.io/en/stable/user-reference.html,"Estimated for hackathon modelling; validate coordinates, stock and demand with field/OSMnx data before operational use"
R0369,2026,Kirinyaga,Coffee,D05,Baricho DCC Office Satellite Depot,county_satellite,-0.57,37.34,Lime,4200,F11,Kiang'ombe Coffee Factory,Kabare FCS,-0.545471,37.335991,421153,150.4,5,752,2887,200,4,2.76,3.73,6.4,672.0,8,10,0.225,Medium,D05,Baricho DCC Office Satellite Depot,estimated: haversine distance * 1.35 road factor; replace with OSMnx shortest_path,"estimated from AFA cherry weight proxy; assumed 2,800 kg cherry per acre; fertilizer rates from Draft National Coffee Policy",https://www.afa.go.ke/download/5226/?tmstv=1750232445,https://kirinyaga.go.ke/waiguru-launches-fertilizer-mashinani-initiative-opens-satellite-farm-inputs-depots/,https://kilimo.go.ke/wp-content/uploads/2025/09/Draft-National-Coffee-Policy-2024.pdf,https://osmnx.readthedocs.io/en/stable/user-reference.html,"Estimated for hackathon modelling; validate coordinates, stock and demand with field/OSMnx data before operational use"
R0370,2026,Kirinyaga,Coffee,D05,Baricho DCC Office Satellite Depot,county_satellite,-0.57,37.34,NPK,5100,F12,Guama Coffee Factory,Baragwi FCS,-0.436799,37.373277,640750,228.8,5,1144,4393,200,6,15.27,20.61,35.3,3710.0,8,10,0.315,Medium,D02,Kianyaga DCC Office Satellite Depot,estimated: haversine distance * 1.35 road factor; replace with OSMnx shortest_path,"estimated from AFA cherry weight proxy; assumed 2,800 kg cherry per acre; fertilizer rates from Draft National Coffee Policy",https://www.afa.go.ke/download/5226/?tmstv=1750232445,https://kirinyaga.go.ke/waiguru-launches-fertilizer-mashinani-initiative-opens-satellite-farm-inputs-depots/,https://kilimo.go.ke/wp-content/uploads/2025/09/Draft-National-Coffee-Policy-2024.pdf,https://osmnx.readthedocs.io/en/stable/user-reference.html,"Estimated for hackathon modelling; validate coordinates, stock and demand with field/OSMnx data before operational use"
R0371,2026,Kirinyaga,Coffee,D05,Baricho DCC Office Satellite Depot,county_satellite,-0.57,37.34,CAN,4700,F12,Guama Coffee Factory,Baragwi FCS,-0.436799,37.373277,640750,228.8,6,1373,4393,200,7,15.27,20.61,35.3,3710.0,8,10,0.376,Medium,D02,Kianyaga DCC Office Satellite Depot,estimated: haversine distance * 1.35 road factor; replace with OSMnx shortest_path,"estimated from AFA cherry weight proxy; assumed 2,800 kg cherry per acre; fertilizer rates from Draft National Coffee Policy",https://www.afa.go.ke/download/5226/?tmstv=1750232445,https://kirinyaga.go.ke/waiguru-launches-fertilizer-mashinani-initiative-opens-satellite-farm-inputs-depots/,https://kilimo.go.ke/wp-content/uploads/2025/09/Draft-National-Coffee-Policy-2024.pdf,https://osmnx.readthedocs.io/en/stable/user-reference.html,"Estimated for hackathon modelling; validate coordinates, stock and demand with field/OSMnx data before operational use"
R0372,2026,Kirinyaga,Coffee,D05,Baricho DCC Office Satellite Depot,county_satellite,-0.57,37.34,Lime,4200,F12,Guama Coffee Factory,Baragwi FCS,-0.436799,37.373277,640750,228.8,5,1144,4393,200,6,15.27,20.61,35.3,3710.0,8,10,0.315,Medium,D02,Kianyaga DCC Office Satellite Depot,estimated: haversine distance * 1.35 road factor; replace with OSMnx shortest_path,"estimated from AFA cherry weight proxy; assumed 2,800 kg cherry per acre; fertilizer rates from Draft National Coffee Policy",https://www.afa.go.ke/download/5226/?tmstv=1750232445,https://kirinyaga.go.ke/waiguru-launches-fertilizer-mashinani-initiative-opens-satellite-farm-inputs-depots/,https://kilimo.go.ke/wp-content/uploads/2025/09/Draft-National-Coffee-Policy-2024.pdf,https://osmnx.readthedocs.io/en/stable/user-reference.html,"Estimated for hackathon modelling; validate coordinates, stock and demand with field/OSMnx data before operational use"
R0373,2026,Kirinyaga,Coffee,D05,Baricho DCC Office Satellite Depot,county_satellite,-0.57,37.34,NPK,5100,F13,Kiri Coffee Factory,Ngiriambu FCS,-0.442714,37.429183,304470,108.7,5,544,2088,200,3,17.28,23.33,40.0,4199.0,8,10,0.204,Low,D02,Kianyaga DCC Office Satellite Depot,estimated: haversine distance * 1.35 road factor; replace with OSMnx shortest_path,"estimated from AFA cherry weight proxy; assumed 2,800 kg cherry per acre; fertilizer rates from Draft National Coffee Policy",https://www.afa.go.ke/download/5226/?tmstv=1750232445,https://kirinyaga.go.ke/waiguru-launches-fertilizer-mashinani-initiative-opens-satellite-farm-inputs-depots/,https://kilimo.go.ke/wp-content/uploads/2025/09/Draft-National-Coffee-Policy-2024.pdf,https://osmnx.readthedocs.io/en/stable/user-reference.html,"Estimated for hackathon modelling; validate coordinates, stock and demand with field/OSMnx data before operational use"
R0374,2026,Kirinyaga,Coffee,D05,Baricho DCC Office Satellite Depot,county_satellite,-0.57,37.34,CAN,4700,F13,Kiri Coffee Factory,Ngiriambu FCS,-0.442714,37.429183,304470,108.7,6,652,2088,200,4,17.28,23.33,40.0,4199.0,8,10,0.233,Medium,D02,Kianyaga DCC Office Satellite Depot,estimated: haversine distance * 1.35 road factor; replace with OSMnx shortest_path,"estimated from AFA cherry weight proxy; assumed 2,800 kg cherry per acre; fertilizer rates from Draft National Coffee Policy",https://www.afa.go.ke/download/5226/?tmstv=1750232445,https://kirinyaga.go.ke/waiguru-launches-fertilizer-mashinani-initiative-opens-satellite-farm-inputs-depots/,https://kilimo.go.ke/wp-content/uploads/2025/09/Draft-National-Coffee-Policy-2024.pdf,https://osmnx.readthedocs.io/en/stable/user-reference.html,"Estimated for hackathon modelling; validate coordinates, stock and demand with field/OSMnx data before operational use"
R0375,2026,Kirinyaga,Coffee,D05,Baricho DCC Office Satellite Depot,county_satellite,-0.57,37.34,Lime,4200,F13,Kiri Coffee Factory,Ngiriambu FCS,-0.442714,37.429183,304470,108.7,5,544,2088,200,3,17.28,23.33,40.0,4199.0,8,10,0.204,Low,D02,Kianyaga DCC Office Satellite Depot,estimated: haversine distance * 1.35 road factor; replace with OSMnx shortest_path,"estimated from AFA cherry weight proxy; assumed 2,800 kg cherry per acre; fertilizer rates from Draft National Coffee Policy",https://www.afa.go.ke/download/5226/?tmstv=1750232445,https://kirinyaga.go.ke/waiguru-launches-fertilizer-mashinani-initiative-opens-satellite-farm-inputs-depots/,https://kilimo.go.ke/wp-content/uploads/2025/09/Draft-National-Coffee-Policy-2024.pdf,https://osmnx.readthedocs.io/en/stable/user-reference.html,"Estimated for hackathon modelling; validate coordinates, stock and demand with field/OSMnx data before operational use"
R0376,2026,Kirinyaga,Coffee,D05,Baricho DCC Office Satellite Depot,county_satellite,-0.57,37.34,NPK,5100,F14,Kiangothe Coffee Factory,Kabare FCS,-0.531036,37.332984,377824,134.9,5,675,2592,200,4,4.4,5.94,10.2,1070.0,8,10,0.217,Medium,D05,Baricho DCC Office Satellite Depot,estimated: haversine distance * 1.35 road factor; replace with OSMnx shortest_path,"estimated from AFA cherry weight proxy; assumed 2,800 kg cherry per acre; fertilizer rates from Draft National Coffee Policy",https://www.afa.go.ke/download/5226/?tmstv=1750232445,https://kirinyaga.go.ke/waiguru-launches-fertilizer-mashinani-initiative-opens-satellite-farm-inputs-depots/,https://kilimo.go.ke/wp-content/uploads/2025/09/Draft-National-Coffee-Policy-2024.pdf,https://osmnx.readthedocs.io/en/stable/user-reference.html,"Estimated for hackathon modelling; validate coordinates, stock and demand with field/OSMnx data before operational use"
R0377,2026,Kirinyaga,Coffee,D05,Baricho DCC Office Satellite Depot,county_satellite,-0.57,37.34,CAN,4700,F14,Kiangothe Coffee Factory,Kabare FCS,-0.531036,37.332984,377824,134.9,6,810,2592,200,5,4.4,5.94,10.2,1070.0,8,10,0.254,Medium,D05,Baricho DCC Office Satellite Depot,estimated: haversine distance * 1.35 road factor; replace with OSMnx shortest_path,"estimated from AFA cherry weight proxy; assumed 2,800 kg cherry per acre; fertilizer rates from Draft National Coffee Policy",https://www.afa.go.ke/download/5226/?tmstv=1750232445,https://kirinyaga.go.ke/waiguru-launches-fertilizer-mashinani-initiative-opens-satellite-farm-inputs-depots/,https://kilimo.go.ke/wp-content/uploads/2025/09/Draft-National-Coffee-Policy-2024.pdf,https://osmnx.readthedocs.io/en/stable/user-reference.html,"Estimated for hackathon modelling; validate coordinates, stock and demand with field/OSMnx data before operational use"
R0378,2026,Kirinyaga,Coffee,D05,Baricho DCC Office Satellite Depot,county_satellite,-0.57,37.34,Lime,4200,F14,Kiangothe Coffee Factory,Kabare FCS,-0.531036,37.332984,377824,134.9,5,675,2592,200,4,4.4,5.94,10.2,1070.0,8,10,0.217,Medium,D05,Baricho DCC Office Satellite Depot,estimated: haversine distance * 1.35 road factor; replace with OSMnx shortest_path,"estimated from AFA cherry weight proxy; assumed 2,800 kg cherry per acre; fertilizer rates from Draft National Coffee Policy",https://www.afa.go.ke/download/5226/?tmstv=1750232445,https://kirinyaga.go.ke/waiguru-launches-fertilizer-mashinani-initiative-opens-satellite-farm-inputs-depots/,https://kilimo.go.ke/wp-content/uploads/2025/09/Draft-National-Coffee-Policy-2024.pdf,https://osmnx.readthedocs.io/en/stable/user-reference.html,"Estimated for hackathon modelling; validate coordinates, stock and demand with field/OSMnx data before operational use"
R0379,2026,Kirinyaga,Coffee,D05,Baricho DCC Office Satellite Depot,county_satellite,-0.57,37.34,NPK,5100,F15,Kimandi Coffee Factory,Kabare FCS,-0.521263,37.335519,750940,268.2,5,1341,5149,200,7,5.44,7.35,12.6,1322.0,8,10,0.405,Medium,D05,Baricho DCC Office Satellite Depot,estimated: haversine distance * 1.35 road factor; replace with OSMnx shortest_path,"estimated from AFA cherry weight proxy; assumed 2,800 kg cherry per acre; fertilizer rates from Draft National Coffee Policy",https://www.afa.go.ke/download/5226/?tmstv=1750232445,https://kirinyaga.go.ke/waiguru-launches-fertilizer-mashinani-initiative-opens-satellite-farm-inputs-depots/,https://kilimo.go.ke/wp-content/uploads/2025/09/Draft-National-Coffee-Policy-2024.pdf,https://osmnx.readthedocs.io/en/stable/user-reference.html,"Estimated for hackathon modelling; validate coordinates, stock and demand with field/OSMnx data before operational use"
R0380,2026,Kirinyaga,Coffee,D05,Baricho DCC Office Satellite Depot,county_satellite,-0.57,37.34,CAN,4700,F15,Kimandi Coffee Factory,Kabare FCS,-0.521263,37.335519,750940,268.2,6,1609,5149,200,9,5.44,7.35,12.6,1322.0,8,10,0.477,High,D05,Baricho DCC Office Satellite Depot,estimated: haversine distance * 1.35 road factor; replace with OSMnx shortest_path,"estimated from AFA cherry weight proxy; assumed 2,800 kg cherry per acre; fertilizer rates from Draft National Coffee Policy",https://www.afa.go.ke/download/5226/?tmstv=1750232445,https://kirinyaga.go.ke/waiguru-launches-fertilizer-mashinani-initiative-opens-satellite-farm-inputs-depots/,https://kilimo.go.ke/wp-content/uploads/2025/09/Draft-National-Coffee-Policy-2024.pdf,https://osmnx.readthedocs.io/en/stable/user-reference.html,"Estimated for hackathon modelling; validate coordinates, stock and demand with field/OSMnx data before operational use"
R0381,2026,Kirinyaga,Coffee,D05,Baricho DCC Office Satellite Depot,county_satellite,-0.57,37.34,Lime,4200,F15,Kimandi Coffee Factory,Kabare FCS,-0.521263,37.335519,750940,268.2,5,1341,5149,200,7,5.44,7.35,12.6,1322.0,8,10,0.405,Medium,D05,Baricho DCC Office Satellite Depot,estimated: haversine distance * 1.35 road factor; replace with OSMnx shortest_path,"estimated from AFA cherry weight proxy; assumed 2,800 kg cherry per acre; fertilizer rates from Draft National Coffee Policy",https://www.afa.go.ke/download/5226/?tmstv=1750232445,https://kirinyaga.go.ke/waiguru-launches-fertilizer-mashinani-initiative-opens-satellite-farm-inputs-depots/,https://kilimo.go.ke/wp-content/uploads/2025/09/Draft-National-Coffee-Policy-2024.pdf,https://osmnx.readthedocs.io/en/stable/user-reference.html,"Estimated for hackathon modelling; validate coordinates, stock and demand with field/OSMnx data before operational use"
R0382,2026,Kirinyaga,Coffee,D05,Baricho DCC Office Satellite Depot,county_satellite,-0.57,37.34,NPK,5100,F16,Kariaini Coffee Factory,Mwirua FCS,-0.405464,37.398149,363274,129.7,5,649,2491,200,4,19.4,26.2,44.9,4715.0,8,10,0.215,Medium,D02,Kianyaga DCC Office Satellite Depot,estimated: haversine distance * 1.35 road factor; replace with OSMnx shortest_path,"estimated from AFA cherry weight proxy; assumed 2,800 kg cherry per acre; fertilizer rates from Draft National Coffee Policy",https://www.afa.go.ke/download/5226/?tmstv=1750232445,https://kirinyaga.go.ke/waiguru-launches-fertilizer-mashinani-initiative-opens-satellite-farm-inputs-depots/,https://kilimo.go.ke/wp-content/uploads/2025/09/Draft-National-Coffee-Policy-2024.pdf,https://osmnx.readthedocs.io/en/stable/user-reference.html,"Estimated for hackathon modelling; validate coordinates, stock and demand with field/OSMnx data before operational use"
R0383,2026,Kirinyaga,Coffee,D05,Baricho DCC Office Satellite Depot,county_satellite,-0.57,37.34,CAN,4700,F16,Kariaini Coffee Factory,Mwirua FCS,-0.405464,37.398149,363274,129.7,6,778,2491,200,4,19.4,26.2,44.9,4715.0,8,10,0.25,Medium,D02,Kianyaga DCC Office Satellite Depot,estimated: haversine distance * 1.35 road factor; replace with OSMnx shortest_path,"estimated from AFA cherry weight proxy; assumed 2,800 kg cherry per acre; fertilizer rates from Draft National Coffee Policy",https://www.afa.go.ke/download/5226/?tmstv=1750232445,https://kirinyaga.go.ke/waiguru-launches-fertilizer-mashinani-initiative-opens-satellite-farm-inputs-depots/,https://kilimo.go.ke/wp-content/uploads/2025/09/Draft-National-Coffee-Policy-2024.pdf,https://osmnx.readthedocs.io/en/stable/user-reference.html,"Estimated for hackathon modelling; validate coordinates, stock and demand with field/OSMnx data before operational use"
R0384,2026,Kirinyaga,Coffee,D05,Baricho DCC Office Satellite Depot,county_satellite,-0.57,37.34,Lime,4200,F16,Kariaini Coffee Factory,Mwirua FCS,-0.405464,37.398149,363274,129.7,5,649,2491,200,4,19.4,26.2,44.9,4715.0,8,10,0.215,Medium,D02,Kianyaga DCC Office Satellite Depot,estimated: haversine distance * 1.35 road factor; replace with OSMnx shortest_path,"estimated from AFA cherry weight proxy; assumed 2,800 kg cherry per acre; fertilizer rates from Draft National Coffee Policy",https://www.afa.go.ke/download/5226/?tmstv=1750232445,https://kirinyaga.go.ke/waiguru-launches-fertilizer-mashinani-initiative-opens-satellite-farm-inputs-depots/,https://kilimo.go.ke/wp-content/uploads/2025/09/Draft-National-Coffee-Policy-2024.pdf,https://osmnx.readthedocs.io/en/stable/user-reference.html,"Estimated for hackathon modelling; validate coordinates, stock and demand with field/OSMnx data before operational use"
R0385,2026,Kirinyaga,Coffee,D05,Baricho DCC Office Satellite Depot,county_satellite,-0.57,37.34,NPK,5100,F17,Kamwangi Coffee Factory,New Ngariama FCS,-0.470819,37.484366,634450,226.6,5,1133,4351,200,6,19.48,26.29,45.1,4733.0,8,10,0.324,Medium,D08,Togonye ACC Office Satellite Depot,estimated: haversine distance * 1.35 road factor; replace with OSMnx shortest_path,"estimated from AFA cherry weight proxy; assumed 2,800 kg cherry per acre; fertilizer rates from Draft National Coffee Policy",https://www.afa.go.ke/download/5226/?tmstv=1750232445,https://kirinyaga.go.ke/waiguru-launches-fertilizer-mashinani-initiative-opens-satellite-farm-inputs-depots/,https://kilimo.go.ke/wp-content/uploads/2025/09/Draft-National-Coffee-Policy-2024.pdf,https://osmnx.readthedocs.io/en/stable/user-reference.html,"Estimated for hackathon modelling; validate coordinates, stock and demand with field/OSMnx data before operational use"
R0386,2026,Kirinyaga,Coffee,D05,Baricho DCC Office Satellite Depot,county_satellite,-0.57,37.34,CAN,4700,F17,Kamwangi Coffee Factory,New Ngariama FCS,-0.470819,37.484366,634450,226.6,6,1360,4351,200,7,19.48,26.29,45.1,4733.0,8,10,0.385,Medium,D08,Togonye ACC Office Satellite Depot,estimated: haversine distance * 1.35 road factor; replace with OSMnx shortest_path,"estimated from AFA cherry weight proxy; assumed 2,800 kg cherry per acre; fertilizer rates from Draft National Coffee Policy",https://www.afa.go.ke/download/5226/?tmstv=1750232445,https://kirinyaga.go.ke/waiguru-launches-fertilizer-mashinani-initiative-opens-satellite-farm-inputs-depots/,https://kilimo.go.ke/wp-content/uploads/2025/09/Draft-National-Coffee-Policy-2024.pdf,https://osmnx.readthedocs.io/en/stable/user-reference.html,"Estimated for hackathon modelling; validate coordinates, stock and demand with field/OSMnx data before operational use"
R0387,2026,Kirinyaga,Coffee,D05,Baricho DCC Office Satellite Depot,county_satellite,-0.57,37.34,Lime,4200,F17,Kamwangi Coffee Factory,New Ngariama FCS,-0.470819,37.484366,634450,226.6,5,1133,4351,200,6,19.48,26.29,45.1,4733.0,8,10,0.324,Medium,D08,Togonye ACC Office Satellite Depot,estimated: haversine distance * 1.35 road factor; replace with OSMnx shortest_path,"estimated from AFA cherry weight proxy; assumed 2,800 kg cherry per acre; fertilizer rates from Draft National Coffee Policy",https://www.afa.go.ke/download/5226/?tmstv=1750232445,https://kirinyaga.go.ke/waiguru-launches-fertilizer-mashinani-initiative-opens-satellite-farm-inputs-depots/,https://kilimo.go.ke/wp-content/uploads/2025/09/Draft-National-Coffee-Policy-2024.pdf,https://osmnx.readthedocs.io/en/stable/user-reference.html,"Estimated for hackathon modelling; validate coordinates, stock and demand with field/OSMnx data before operational use"
R0388,2026,Kirinyaga,Coffee,D05,Baricho DCC Office Satellite Depot,county_satellite,-0.57,37.34,NPK,5100,F18,Karumandi Coffee Factory,Baragwi FCS,-0.430607,37.38226,467691,167.0,5,835,3206,200,5,16.2,21.87,37.5,3936.0,8,10,0.241,Medium,D02,Kianyaga DCC Office Satellite Depot,estimated: haversine distance * 1.35 road factor; replace with OSMnx shortest_path,"estimated from AFA cherry weight proxy; assumed 2,800 kg cherry per acre; fertilizer rates from Draft National Coffee Policy",https://www.afa.go.ke/download/5226/?tmstv=1750232445,https://kirinyaga.go.ke/waiguru-launches-fertilizer-mashinani-initiative-opens-satellite-farm-inputs-depots/,https://kilimo.go.ke/wp-content/uploads/2025/09/Draft-National-Coffee-Policy-2024.pdf,https://osmnx.readthedocs.io/en/stable/user-reference.html,"Estimated for hackathon modelling; validate coordinates, stock and demand with field/OSMnx data before operational use"
R0389,2026,Kirinyaga,Coffee,D05,Baricho DCC Office Satellite Depot,county_satellite,-0.57,37.34,CAN,4700,F18,Karumandi Coffee Factory,Baragwi FCS,-0.430607,37.38226,467691,167.0,6,1002,3206,200,6,16.2,21.87,37.5,3936.0,8,10,0.286,Medium,D02,Kianyaga DCC Office Satellite Depot,estimated: haversine distance * 1.35 road factor; replace with OSMnx shortest_path,"estimated from AFA cherry weight proxy; assumed 2,800 kg cherry per acre; fertilizer rates from Draft National Coffee Policy",https://www.afa.go.ke/download/5226/?tmstv=1750232445,https://kirinyaga.go.ke/waiguru-launches-fertilizer-mashinani-initiative-opens-satellite-farm-inputs-depots/,https://kilimo.go.ke/wp-content/uploads/2025/09/Draft-National-Coffee-Policy-2024.pdf,https://osmnx.readthedocs.io/en/stable/user-reference.html,"Estimated for hackathon modelling; validate coordinates, stock and demand with field/OSMnx data before operational use"
R0390,2026,Kirinyaga,Coffee,D05,Baricho DCC Office Satellite Depot,county_satellite,-0.57,37.34,Lime,4200,F18,Karumandi Coffee Factory,Baragwi FCS,-0.430607,37.38226,467691,167.0,5,835,3206,200,5,16.2,21.87,37.5,3936.0,8,10,0.241,Medium,D02,Kianyaga DCC Office Satellite Depot,estimated: haversine distance * 1.35 road factor; replace with OSMnx shortest_path,"estimated from AFA cherry weight proxy; assumed 2,800 kg cherry per acre; fertilizer rates from Draft National Coffee Policy",https://www.afa.go.ke/download/5226/?tmstv=1750232445,https://kirinyaga.go.ke/waiguru-launches-fertilizer-mashinani-initiative-opens-satellite-farm-inputs-depots/,https://kilimo.go.ke/wp-content/uploads/2025/09/Draft-National-Coffee-Policy-2024.pdf,https://osmnx.readthedocs.io/en/stable/user-reference.html,"Estimated for hackathon modelling; validate coordinates, stock and demand with field/OSMnx data before operational use"
R0391,2026,Kirinyaga,Coffee,D05,Baricho DCC Office Satellite Depot,county_satellite,-0.57,37.34,NPK,5100,F19,Kerugoya Coffee Factory,Inoi FCS,-0.497353,37.297593,933821,333.5,5,1668,6404,200,9,9.35,12.63,21.6,2273.0,8,10,0.465,High,D03,Kerugoya CC Office Satellite Depot,estimated: haversine distance * 1.35 road factor; replace with OSMnx shortest_path,"estimated from AFA cherry weight proxy; assumed 2,800 kg cherry per acre; fertilizer rates from Draft National Coffee Policy",https://www.afa.go.ke/download/5226/?tmstv=1750232445,https://kirinyaga.go.ke/waiguru-launches-fertilizer-mashinani-initiative-opens-satellite-farm-inputs-depots/,https://kilimo.go.ke/wp-content/uploads/2025/09/Draft-National-Coffee-Policy-2024.pdf,https://osmnx.readthedocs.io/en/stable/user-reference.html,"Estimated for hackathon modelling; validate coordinates, stock and demand with field/OSMnx data before operational use"
R0392,2026,Kirinyaga,Coffee,D05,Baricho DCC Office Satellite Depot,county_satellite,-0.57,37.34,CAN,4700,F19,Kerugoya Coffee Factory,Inoi FCS,-0.497353,37.297593,933821,333.5,6,2001,6404,200,11,9.35,12.63,21.6,2273.0,8,10,0.554,High,D03,Kerugoya CC Office Satellite Depot,estimated: haversine distance * 1.35 road factor; replace with OSMnx shortest_path,"estimated from AFA cherry weight proxy; assumed 2,800 kg cherry per acre; fertilizer rates from Draft National Coffee Policy",https://www.afa.go.ke/download/5226/?tmstv=1750232445,https://kirinyaga.go.ke/waiguru-launches-fertilizer-mashinani-initiative-opens-satellite-farm-inputs-depots/,https://kilimo.go.ke/wp-content/uploads/2025/09/Draft-National-Coffee-Policy-2024.pdf,https://osmnx.readthedocs.io/en/stable/user-reference.html,"Estimated for hackathon modelling; validate coordinates, stock and demand with field/OSMnx data before operational use"
R0393,2026,Kirinyaga,Coffee,D05,Baricho DCC Office Satellite Depot,county_satellite,-0.57,37.34,Lime,4200,F19,Kerugoya Coffee Factory,Inoi FCS,-0.497353,37.297593,933821,333.5,5,1668,6404,200,9,9.35,12.63,21.6,2273.0,8,10,0.465,High,D03,Kerugoya CC Office Satellite Depot,estimated: haversine distance * 1.35 road factor; replace with OSMnx shortest_path,"estimated from AFA cherry weight proxy; assumed 2,800 kg cherry per acre; fertilizer rates from Draft National Coffee Policy",https://www.afa.go.ke/download/5226/?tmstv=1750232445,https://kirinyaga.go.ke/waiguru-launches-fertilizer-mashinani-initiative-opens-satellite-farm-inputs-depots/,https://kilimo.go.ke/wp-content/uploads/2025/09/Draft-National-Coffee-Policy-2024.pdf,https://osmnx.readthedocs.io/en/stable/user-reference.html,"Estimated for hackathon modelling; validate coordinates, stock and demand with field/OSMnx data before operational use"
R0394,2026,Kirinyaga,Coffee,D05,Baricho DCC Office Satellite Depot,county_satellite,-0.57,37.34,NPK,5100,F20,Kaitheri Coffee Factory,Inoi FCS,-0.491191,37.297387,1205346,430.5,5,2152,8264,200,11,9.96,13.45,23.1,2421.0,8,10,0.596,High,D03,Kerugoya CC Office Satellite Depot,estimated: haversine distance * 1.35 road factor; replace with OSMnx shortest_path,"estimated from AFA cherry weight proxy; assumed 2,800 kg cherry per acre; fertilizer rates from Draft National Coffee Policy",https://www.afa.go.ke/download/5226/?tmstv=1750232445,https://kirinyaga.go.ke/waiguru-launches-fertilizer-mashinani-initiative-opens-satellite-farm-inputs-depots/,https://kilimo.go.ke/wp-content/uploads/2025/09/Draft-National-Coffee-Policy-2024.pdf,https://osmnx.readthedocs.io/en/stable/user-reference.html,"Estimated for hackathon modelling; validate coordinates, stock and demand with field/OSMnx data before operational use"
R0395,2026,Kirinyaga,Coffee,D05,Baricho DCC Office Satellite Depot,county_satellite,-0.57,37.34,CAN,4700,F20,Kaitheri Coffee Factory,Inoi FCS,-0.491191,37.297387,1205346,430.5,6,2583,8264,200,13,9.96,13.45,23.1,2421.0,8,10,0.712,High,D03,Kerugoya CC Office Satellite Depot,estimated: haversine distance * 1.35 road factor; replace with OSMnx shortest_path,"estimated from AFA cherry weight proxy; assumed 2,800 kg cherry per acre; fertilizer rates from Draft National Coffee Policy",https://www.afa.go.ke/download/5226/?tmstv=1750232445,https://kirinyaga.go.ke/waiguru-launches-fertilizer-mashinani-initiative-opens-satellite-farm-inputs-depots/,https://kilimo.go.ke/wp-content/uploads/2025/09/Draft-National-Coffee-Policy-2024.pdf,https://osmnx.readthedocs.io/en/stable/user-reference.html,"Estimated for hackathon modelling; validate coordinates, stock and demand with field/OSMnx data before operational use"
R0396,2026,Kirinyaga,Coffee,D05,Baricho DCC Office Satellite Depot,county_satellite,-0.57,37.34,Lime,4200,F20,Kaitheri Coffee Factory,Inoi FCS,-0.491191,37.297387,1205346,430.5,5,2152,8264,200,11,9.96,13.45,23.1,2421.0,8,10,0.596,High,D03,Kerugoya CC Office Satellite Depot,estimated: haversine distance * 1.35 road factor; replace with OSMnx shortest_path,"estimated from AFA cherry weight proxy; assumed 2,800 kg cherry per acre; fertilizer rates from Draft National Coffee Policy",https://www.afa.go.ke/download/5226/?tmstv=1750232445,https://kirinyaga.go.ke/waiguru-launches-fertilizer-mashinani-initiative-opens-satellite-farm-inputs-depots/,https://kilimo.go.ke/wp-content/uploads/2025/09/Draft-National-Coffee-Policy-2024.pdf,https://osmnx.readthedocs.io/en/stable/user-reference.html,"Estimated for hackathon modelling; validate coordinates, stock and demand with field/OSMnx data before operational use"
R0397,2026,Kirinyaga,Coffee,D05,Baricho DCC Office Satellite Depot,county_satellite,-0.57,37.34,NPK,5100,F21,Kiaragana Coffee Factory,Mwirua FCS,-0.405977,37.401729,1069927,382.1,5,1911,7338,200,10,19.49,26.31,45.1,4735.0,8,10,0.557,High,D02,Kianyaga DCC Office Satellite Depot,estimated: haversine distance * 1.35 road factor; replace with OSMnx shortest_path,"estimated from AFA cherry weight proxy; assumed 2,800 kg cherry per acre; fertilizer rates from Draft National Coffee Policy",https://www.afa.go.ke/download/5226/?tmstv=1750232445,https://kirinyaga.go.ke/waiguru-launches-fertilizer-mashinani-initiative-opens-satellite-farm-inputs-depots/,https://kilimo.go.ke/wp-content/uploads/2025/09/Draft-National-Coffee-Policy-2024.pdf,https://osmnx.readthedocs.io/en/stable/user-reference.html,"Estimated for hackathon modelling; validate coordinates, stock and demand with field/OSMnx data before operational use"
R0398,2026,Kirinyaga,Coffee,D05,Baricho DCC Office Satellite Depot,county_satellite,-0.57,37.34,CAN,4700,F21,Kiaragana Coffee Factory,Mwirua FCS,-0.405977,37.401729,1069927,382.1,6,2293,7338,200,12,19.49,26.31,45.1,4735.0,8,10,0.66,High,D02,Kianyaga DCC Office Satellite Depot,estimated: haversine distance * 1.35 road factor; replace with OSMnx shortest_path,"estimated from AFA cherry weight proxy; assumed 2,800 kg cherry per acre; fertilizer rates from Draft National Coffee Policy",https://www.afa.go.ke/download/5226/?tmstv=1750232445,https://kirinyaga.go.ke/waiguru-launches-fertilizer-mashinani-initiative-opens-satellite-farm-inputs-depots/,https://kilimo.go.ke/wp-content/uploads/2025/09/Draft-National-Coffee-Policy-2024.pdf,https://osmnx.readthedocs.io/en/stable/user-reference.html,"Estimated for hackathon modelling; validate coordinates, stock and demand with field/OSMnx data before operational use"
R0399,2026,Kirinyaga,Coffee,D05,Baricho DCC Office Satellite Depot,county_satellite,-0.57,37.34,Lime,4200,F21,Kiaragana Coffee Factory,Mwirua FCS,-0.405977,37.401729,1069927,382.1,5,1911,7338,200,10,19.49,26.31,45.1,4735.0,8,10,0.557,High,D02,Kianyaga DCC Office Satellite Depot,estimated: haversine distance * 1.35 road factor; replace with OSMnx shortest_path,"estimated from AFA cherry weight proxy; assumed 2,800 kg cherry per acre; fertilizer rates from Draft National Coffee Policy",https://www.afa.go.ke/download/5226/?tmstv=1750232445,https://kirinyaga.go.ke/waiguru-launches-fertilizer-mashinani-initiative-opens-satellite-farm-inputs-depots/,https://kilimo.go.ke/wp-content/uploads/2025/09/Draft-National-Coffee-Policy-2024.pdf,https://osmnx.readthedocs.io/en/stable/user-reference.html,"Estimated for hackathon modelling; validate coordinates, stock and demand with field/OSMnx data before operational use"
R0400,2026,Kirinyaga,Coffee,D05,Baricho DCC Office Satellite Depot,county_satellite,-0.57,37.34,NPK,5100,F22,Kegwa Coffee Factory,Ngiriambu FCS,-0.452361,37.442947,187844,67.1,5,335,1288,200,2,17.38,23.47,40.2,4224.0,8,10,0.148,Low,D07,Ciagini ACC Office Satellite Depot,estimated: haversine distance * 1.35 road factor; replace with OSMnx shortest_path,"estimated from AFA cherry weight proxy; assumed 2,800 kg cherry per acre; fertilizer rates from Draft National Coffee Policy",https://www.afa.go.ke/download/5226/?tmstv=1750232445,https://kirinyaga.go.ke/waiguru-launches-fertilizer-mashinani-initiative-opens-satellite-farm-inputs-depots/,https://kilimo.go.ke/wp-content/uploads/2025/09/Draft-National-Coffee-Policy-2024.pdf,https://osmnx.readthedocs.io/en/stable/user-reference.html,"Estimated for hackathon modelling; validate coordinates, stock and demand with field/OSMnx data before operational use"
R0401,2026,Kirinyaga,Coffee,D05,Baricho DCC Office Satellite Depot,county_satellite,-0.57,37.34,CAN,4700,F22,Kegwa Coffee Factory,Ngiriambu FCS,-0.452361,37.442947,187844,67.1,6,403,1288,200,3,17.38,23.47,40.2,4224.0,8,10,0.166,Low,D07,Ciagini ACC Office Satellite Depot,estimated: haversine distance * 1.35 road factor; replace with OSMnx shortest_path,"estimated from AFA cherry weight proxy; assumed 2,800 kg cherry per acre; fertilizer rates from Draft National Coffee Policy",https://www.afa.go.ke/download/5226/?tmstv=1750232445,https://kirinyaga.go.ke/waiguru-launches-fertilizer-mashinani-initiative-opens-satellite-farm-inputs-depots/,https://kilimo.go.ke/wp-content/uploads/2025/09/Draft-National-Coffee-Policy-2024.pdf,https://osmnx.readthedocs.io/en/stable/user-reference.html,"Estimated for hackathon modelling; validate coordinates, stock and demand with field/OSMnx data before operational use"
R0402,2026,Kirinyaga,Coffee,D05,Baricho DCC Office Satellite Depot,county_satellite,-0.57,37.34,Lime,4200,F22,Kegwa Coffee Factory,Ngiriambu FCS,-0.452361,37.442947,187844,67.1,5,335,1288,200,2,17.38,23.47,40.2,4224.0,8,10,0.148,Low,D07,Ciagini ACC Office Satellite Depot,estimated: haversine distance * 1.35 road factor; replace with OSMnx shortest_path,"estimated from AFA cherry weight proxy; assumed 2,800 kg cherry per acre; fertilizer rates from Draft National Coffee Policy",https://www.afa.go.ke/download/5226/?tmstv=1750232445,https://kirinyaga.go.ke/waiguru-launches-fertilizer-mashinani-initiative-opens-satellite-farm-inputs-depots/,https://kilimo.go.ke/wp-content/uploads/2025/09/Draft-National-Coffee-Policy-2024.pdf,https://osmnx.readthedocs.io/en/stable/user-reference.html,"Estimated for hackathon modelling; validate coordinates, stock and demand with field/OSMnx data before operational use"
R0403,2026,Kirinyaga,Coffee,D05,Baricho DCC Office Satellite Depot,county_satellite,-0.57,37.34,NPK,5100,F23,Karani Coffee Factory,Kabare FCS,-0.537101,37.347664,864121,308.6,5,1543,5926,200,8,3.76,5.07,8.7,913.0,8,10,0.446,High,D05,Baricho DCC Office Satellite Depot,estimated: haversine distance * 1.35 road factor; replace with OSMnx shortest_path,"estimated from AFA cherry weight proxy; assumed 2,800 kg cherry per acre; fertilizer rates from Draft National Coffee Policy",https://www.afa.go.ke/download/5226/?tmstv=1750232445,https://kirinyaga.go.ke/waiguru-launches-fertilizer-mashinani-initiative-opens-satellite-farm-inputs-depots/,https://kilimo.go.ke/wp-content/uploads/2025/09/Draft-National-Coffee-Policy-2024.pdf,https://osmnx.readthedocs.io/en/stable/user-reference.html,"Estimated for hackathon modelling; validate coordinates, stock and demand with field/OSMnx data before operational use"
R0404,2026,Kirinyaga,Coffee,D05,Baricho DCC Office Satellite Depot,county_satellite,-0.57,37.34,CAN,4700,F23,Karani Coffee Factory,Kabare FCS,-0.537101,37.347664,864121,308.6,6,1852,5926,200,10,3.76,5.07,8.7,913.0,8,10,0.529,High,D05,Baricho DCC Office Satellite Depot,estimated: haversine distance * 1.35 road factor; replace with OSMnx shortest_path,"estimated from AFA cherry weight proxy; assumed 2,800 kg cherry per acre; fertilizer rates from Draft National Coffee Policy",https://www.afa.go.ke/download/5226/?tmstv=1750232445,https://kirinyaga.go.ke/waiguru-launches-fertilizer-mashinani-initiative-opens-satellite-farm-inputs-depots/,https://kilimo.go.ke/wp-content/uploads/2025/09/Draft-National-Coffee-Policy-2024.pdf,https://osmnx.readthedocs.io/en/stable/user-reference.html,"Estimated for hackathon modelling; validate coordinates, stock and demand with field/OSMnx data before operational use"
R0405,2026,Kirinyaga,Coffee,D05,Baricho DCC Office Satellite Depot,county_satellite,-0.57,37.34,Lime,4200,F23,Karani Coffee Factory,Kabare FCS,-0.537101,37.347664,864121,308.6,5,1543,5926,200,8,3.76,5.07,8.7,913.0,8,10,0.446,High,D05,Baricho DCC Office Satellite Depot,estimated: haversine distance * 1.35 road factor; replace with OSMnx shortest_path,"estimated from AFA cherry weight proxy; assumed 2,800 kg cherry per acre; fertilizer rates from Draft National Coffee Policy",https://www.afa.go.ke/download/5226/?tmstv=1750232445,https://kirinyaga.go.ke/waiguru-launches-fertilizer-mashinani-initiative-opens-satellite-farm-inputs-depots/,https://kilimo.go.ke/wp-content/uploads/2025/09/Draft-National-Coffee-Policy-2024.pdf,https://osmnx.readthedocs.io/en/stable/user-reference.html,"Estimated for hackathon modelling; validate coordinates, stock and demand with field/OSMnx data before operational use"
R0406,2026,Kirinyaga,Coffee,D05,Baricho DCC Office Satellite Depot,county_satellite,-0.57,37.34,NPK,5100,F24,Kariru Coffee Factory,Baragwi FCS,-0.425995,37.38789,49525,17.7,5,88,338,200,1,16.87,22.78,39.1,4101.0,8,10,0.046,Low,D02,Kianyaga DCC Office Satellite Depot,estimated: haversine distance * 1.35 road factor; replace with OSMnx shortest_path,"estimated from AFA cherry weight proxy; assumed 2,800 kg cherry per acre; fertilizer rates from Draft National Coffee Policy",https://www.afa.go.ke/download/5226/?tmstv=1750232445,https://kirinyaga.go.ke/waiguru-launches-fertilizer-mashinani-initiative-opens-satellite-farm-inputs-depots/,https://kilimo.go.ke/wp-content/uploads/2025/09/Draft-National-Coffee-Policy-2024.pdf,https://osmnx.readthedocs.io/en/stable/user-reference.html,"Estimated for hackathon modelling; validate coordinates, stock and demand with field/OSMnx data before operational use"
R0407,2026,Kirinyaga,Coffee,D05,Baricho DCC Office Satellite Depot,county_satellite,-0.57,37.34,CAN,4700,F24,Kariru Coffee Factory,Baragwi FCS,-0.425995,37.38789,49525,17.7,6,106,338,200,1,16.87,22.78,39.1,4101.0,8,10,0.051,Low,D02,Kianyaga DCC Office Satellite Depot,estimated: haversine distance * 1.35 road factor; replace with OSMnx shortest_path,"estimated from AFA cherry weight proxy; assumed 2,800 kg cherry per acre; fertilizer rates from Draft National Coffee Policy",https://www.afa.go.ke/download/5226/?tmstv=1750232445,https://kirinyaga.go.ke/waiguru-launches-fertilizer-mashinani-initiative-opens-satellite-farm-inputs-depots/,https://kilimo.go.ke/wp-content/uploads/2025/09/Draft-National-Coffee-Policy-2024.pdf,https://osmnx.readthedocs.io/en/stable/user-reference.html,"Estimated for hackathon modelling; validate coordinates, stock and demand with field/OSMnx data before operational use"
R0408,2026,Kirinyaga,Coffee,D05,Baricho DCC Office Satellite Depot,county_satellite,-0.57,37.34,Lime,4200,F24,Kariru Coffee Factory,Baragwi FCS,-0.425995,37.38789,49525,17.7,5,88,338,200,1,16.87,22.78,39.1,4101.0,8,10,0.046,Low,D02,Kianyaga DCC Office Satellite Depot,estimated: haversine distance * 1.35 road factor; replace with OSMnx shortest_path,"estimated from AFA cherry weight proxy; assumed 2,800 kg cherry per acre; fertilizer rates from Draft National Coffee Policy",https://www.afa.go.ke/download/5226/?tmstv=1750232445,https://kirinyaga.go.ke/waiguru-launches-fertilizer-mashinani-initiative-opens-satellite-farm-inputs-depots/,https://kilimo.go.ke/wp-content/uploads/2025/09/Draft-National-Coffee-Policy-2024.pdf,https://osmnx.readthedocs.io/en/stable/user-reference.html,"Estimated for hackathon modelling; validate coordinates, stock and demand with field/OSMnx data before operational use"
R0409,2026,Kirinyaga,Coffee,D05,Baricho DCC Office Satellite Depot,county_satellite,-0.57,37.34,NPK,5100,F25,Thimu Coffee Factory,Baragwi FCS,-0.417322,37.388324,49227,17.6,5,88,337,200,1,17.81,24.04,41.2,4327.0,8,10,0.05,Low,D02,Kianyaga DCC Office Satellite Depot,estimated: haversine distance * 1.35 road factor; replace with OSMnx shortest_path,"estimated from AFA cherry weight proxy; assumed 2,800 kg cherry per acre; fertilizer rates from Draft National Coffee Policy",https://www.afa.go.ke/download/5226/?tmstv=1750232445,https://kirinyaga.go.ke/waiguru-launches-fertilizer-mashinani-initiative-opens-satellite-farm-inputs-depots/,https://kilimo.go.ke/wp-content/uploads/2025/09/Draft-National-Coffee-Policy-2024.pdf,https://osmnx.readthedocs.io/en/stable/user-reference.html,"Estimated for hackathon modelling; validate coordinates, stock and demand with field/OSMnx data before operational use"
R0410,2026,Kirinyaga,Coffee,D05,Baricho DCC Office Satellite Depot,county_satellite,-0.57,37.34,CAN,4700,F25,Thimu Coffee Factory,Baragwi FCS,-0.417322,37.388324,49227,17.6,6,105,337,200,1,17.81,24.04,41.2,4327.0,8,10,0.055,Low,D02,Kianyaga DCC Office Satellite Depot,estimated: haversine distance * 1.35 road factor; replace with OSMnx shortest_path,"estimated from AFA cherry weight proxy; assumed 2,800 kg cherry per acre; fertilizer rates from Draft National Coffee Policy",https://www.afa.go.ke/download/5226/?tmstv=1750232445,https://kirinyaga.go.ke/waiguru-launches-fertilizer-mashinani-initiative-opens-satellite-farm-inputs-depots/,https://kilimo.go.ke/wp-content/uploads/2025/09/Draft-National-Coffee-Policy-2024.pdf,https://osmnx.readthedocs.io/en/stable/user-reference.html,"Estimated for hackathon modelling; validate coordinates, stock and demand with field/OSMnx data before operational use"
R0411,2026,Kirinyaga,Coffee,D05,Baricho DCC Office Satellite Depot,county_satellite,-0.57,37.34,Lime,4200,F25,Thimu Coffee Factory,Baragwi FCS,-0.417322,37.388324,49227,17.6,5,88,337,200,1,17.81,24.04,41.2,4327.0,8,10,0.05,Low,D02,Kianyaga DCC Office Satellite Depot,estimated: haversine distance * 1.35 road factor; replace with OSMnx shortest_path,"estimated from AFA cherry weight proxy; assumed 2,800 kg cherry per acre; fertilizer rates from Draft National Coffee Policy",https://www.afa.go.ke/download/5226/?tmstv=1750232445,https://kirinyaga.go.ke/waiguru-launches-fertilizer-mashinani-initiative-opens-satellite-farm-inputs-depots/,https://kilimo.go.ke/wp-content/uploads/2025/09/Draft-National-Coffee-Policy-2024.pdf,https://osmnx.readthedocs.io/en/stable/user-reference.html,"Estimated for hackathon modelling; validate coordinates, stock and demand with field/OSMnx data before operational use"
R0412,2026,Kirinyaga,Coffee,D05,Baricho DCC Office Satellite Depot,county_satellite,-0.57,37.34,NPK,5100,F26,Gathambi Coffee Factory,Mwirua FCS,-0.407649,37.374548,66705,23.8,5,119,457,200,1,18.46,24.92,42.7,4485.0,8,10,0.06,Low,D02,Kianyaga DCC Office Satellite Depot,estimated: haversine distance * 1.35 road factor; replace with OSMnx shortest_path,"estimated from AFA cherry weight proxy; assumed 2,800 kg cherry per acre; fertilizer rates from Draft National Coffee Policy",https://www.afa.go.ke/download/5226/?tmstv=1750232445,https://kirinyaga.go.ke/waiguru-launches-fertilizer-mashinani-initiative-opens-satellite-farm-inputs-depots/,https://kilimo.go.ke/wp-content/uploads/2025/09/Draft-National-Coffee-Policy-2024.pdf,https://osmnx.readthedocs.io/en/stable/user-reference.html,"Estimated for hackathon modelling; validate coordinates, stock and demand with field/OSMnx data before operational use"
R0413,2026,Kirinyaga,Coffee,D05,Baricho DCC Office Satellite Depot,county_satellite,-0.57,37.34,CAN,4700,F26,Gathambi Coffee Factory,Mwirua FCS,-0.407649,37.374548,66705,23.8,6,143,457,200,1,18.46,24.92,42.7,4485.0,8,10,0.066,Low,D02,Kianyaga DCC Office Satellite Depot,estimated: haversine distance * 1.35 road factor; replace with OSMnx shortest_path,"estimated from AFA cherry weight proxy; assumed 2,800 kg cherry per acre; fertilizer rates from Draft National Coffee Policy",https://www.afa.go.ke/download/5226/?tmstv=1750232445,https://kirinyaga.go.ke/waiguru-launches-fertilizer-mashinani-initiative-opens-satellite-farm-inputs-depots/,https://kilimo.go.ke/wp-content/uploads/2025/09/Draft-National-Coffee-Policy-2024.pdf,https://osmnx.readthedocs.io/en/stable/user-reference.html,"Estimated for hackathon modelling; validate coordinates, stock and demand with field/OSMnx data before operational use"
R0414,2026,Kirinyaga,Coffee,D05,Baricho DCC Office Satellite Depot,county_satellite,-0.57,37.34,Lime,4200,F26,Gathambi Coffee Factory,Mwirua FCS,-0.407649,37.374548,66705,23.8,5,119,457,200,1,18.46,24.92,42.7,4485.0,8,10,0.06,Low,D02,Kianyaga DCC Office Satellite Depot,estimated: haversine distance * 1.35 road factor; replace with OSMnx shortest_path,"estimated from AFA cherry weight proxy; assumed 2,800 kg cherry per acre; fertilizer rates from Draft National Coffee Policy",https://www.afa.go.ke/download/5226/?tmstv=1750232445,https://kirinyaga.go.ke/waiguru-launches-fertilizer-mashinani-initiative-opens-satellite-farm-inputs-depots/,https://kilimo.go.ke/wp-content/uploads/2025/09/Draft-National-Coffee-Policy-2024.pdf,https://osmnx.readthedocs.io/en/stable/user-reference.html,"Estimated for hackathon modelling; validate coordinates, stock and demand with field/OSMnx data before operational use"
R0415,2026,Kirinyaga,Coffee,D05,Baricho DCC Office Satellite Depot,county_satellite,-0.57,37.34,NPK,5100,F27,Kagongo Coffee Factory,Baragwi FCS,-0.437165,37.363183,269086,96.1,5,481,1847,200,3,14.99,20.24,34.7,3644.0,8,10,0.132,Low,D02,Kianyaga DCC Office Satellite Depot,estimated: haversine distance * 1.35 road factor; replace with OSMnx shortest_path,"estimated from AFA cherry weight proxy; assumed 2,800 kg cherry per acre; fertilizer rates from Draft National Coffee Policy",https://www.afa.go.ke/download/5226/?tmstv=1750232445,https://kirinyaga.go.ke/waiguru-launches-fertilizer-mashinani-initiative-opens-satellite-farm-inputs-depots/,https://kilimo.go.ke/wp-content/uploads/2025/09/Draft-National-Coffee-Policy-2024.pdf,https://osmnx.readthedocs.io/en/stable/user-reference.html,"Estimated for hackathon modelling; validate coordinates, stock and demand with field/OSMnx data before operational use"
R0416,2026,Kirinyaga,Coffee,D05,Baricho DCC Office Satellite Depot,county_satellite,-0.57,37.34,CAN,4700,F27,Kagongo Coffee Factory,Baragwi FCS,-0.437165,37.363183,269086,96.1,6,577,1847,200,3,14.99,20.24,34.7,3644.0,8,10,0.158,Low,D02,Kianyaga DCC Office Satellite Depot,estimated: haversine distance * 1.35 road factor; replace with OSMnx shortest_path,"estimated from AFA cherry weight proxy; assumed 2,800 kg cherry per acre; fertilizer rates from Draft National Coffee Policy",https://www.afa.go.ke/download/5226/?tmstv=1750232445,https://kirinyaga.go.ke/waiguru-launches-fertilizer-mashinani-initiative-opens-satellite-farm-inputs-depots/,https://kilimo.go.ke/wp-content/uploads/2025/09/Draft-National-Coffee-Policy-2024.pdf,https://osmnx.readthedocs.io/en/stable/user-reference.html,"Estimated for hackathon modelling; validate coordinates, stock and demand with field/OSMnx data before operational use"
R0417,2026,Kirinyaga,Coffee,D05,Baricho DCC Office Satellite Depot,county_satellite,-0.57,37.34,Lime,4200,F27,Kagongo Coffee Factory,Baragwi FCS,-0.437165,37.363183,269086,96.1,5,481,1847,200,3,14.99,20.24,34.7,3644.0,8,10,0.132,Low,D02,Kianyaga DCC Office Satellite Depot,estimated: haversine distance * 1.35 road factor; replace with OSMnx shortest_path,"estimated from AFA cherry weight proxy; assumed 2,800 kg cherry per acre; fertilizer rates from Draft National Coffee Policy",https://www.afa.go.ke/download/5226/?tmstv=1750232445,https://kirinyaga.go.ke/waiguru-launches-fertilizer-mashinani-initiative-opens-satellite-farm-inputs-depots/,https://kilimo.go.ke/wp-content/uploads/2025/09/Draft-National-Coffee-Policy-2024.pdf,https://osmnx.readthedocs.io/en/stable/user-reference.html,"Estimated for hackathon modelling; validate coordinates, stock and demand with field/OSMnx data before operational use"
R0418,2026,Kirinyaga,Coffee,D05,Baricho DCC Office Satellite Depot,county_satellite,-0.57,37.34,NPK,5100,F28,Thaita Coffee Factory,Inoi FCS,-0.50426,37.276546,981403,350.5,5,1753,6731,200,9,10.16,13.72,23.5,2469.0,8,10,0.478,High,D03,Kerugoya CC Office Satellite Depot,estimated: haversine distance * 1.35 road factor; replace with OSMnx shortest_path,"estimated from AFA cherry weight proxy; assumed 2,800 kg cherry per acre; fertilizer rates from Draft National Coffee Policy",https://www.afa.go.ke/download/5226/?tmstv=1750232445,https://kirinyaga.go.ke/waiguru-launches-fertilizer-mashinani-initiative-opens-satellite-farm-inputs-depots/,https://kilimo.go.ke/wp-content/uploads/2025/09/Draft-National-Coffee-Policy-2024.pdf,https://osmnx.readthedocs.io/en/stable/user-reference.html,"Estimated for hackathon modelling; validate coordinates, stock and demand with field/OSMnx data before operational use"
R0419,2026,Kirinyaga,Coffee,D05,Baricho DCC Office Satellite Depot,county_satellite,-0.57,37.34,CAN,4700,F28,Thaita Coffee Factory,Inoi FCS,-0.50426,37.276546,981403,350.5,6,2103,6731,200,11,10.16,13.72,23.5,2469.0,8,10,0.572,High,D03,Kerugoya CC Office Satellite Depot,estimated: haversine distance * 1.35 road factor; replace with OSMnx shortest_path,"estimated from AFA cherry weight proxy; assumed 2,800 kg cherry per acre; fertilizer rates from Draft National Coffee Policy",https://www.afa.go.ke/download/5226/?tmstv=1750232445,https://kirinyaga.go.ke/waiguru-launches-fertilizer-mashinani-initiative-opens-satellite-farm-inputs-depots/,https://kilimo.go.ke/wp-content/uploads/2025/09/Draft-National-Coffee-Policy-2024.pdf,https://osmnx.readthedocs.io/en/stable/user-reference.html,"Estimated for hackathon modelling; validate coordinates, stock and demand with field/OSMnx data before operational use"
R0420,2026,Kirinyaga,Coffee,D05,Baricho DCC Office Satellite Depot,county_satellite,-0.57,37.34,Lime,4200,F28,Thaita Coffee Factory,Inoi FCS,-0.50426,37.276546,981403,350.5,5,1753,6731,200,9,10.16,13.72,23.5,2469.0,8,10,0.478,High,D03,Kerugoya CC Office Satellite Depot,estimated: haversine distance * 1.35 road factor; replace with OSMnx shortest_path,"estimated from AFA cherry weight proxy; assumed 2,800 kg cherry per acre; fertilizer rates from Draft National Coffee Policy",https://www.afa.go.ke/download/5226/?tmstv=1750232445,https://kirinyaga.go.ke/waiguru-launches-fertilizer-mashinani-initiative-opens-satellite-farm-inputs-depots/,https://kilimo.go.ke/wp-content/uploads/2025/09/Draft-National-Coffee-Policy-2024.pdf,https://osmnx.readthedocs.io/en/stable/user-reference.html,"Estimated for hackathon modelling; validate coordinates, stock and demand with field/OSMnx data before operational use"
R0421,2026,Kirinyaga,Coffee,D06,Kandongu DCC Office Satellite Depot,county_satellite,-0.64,37.35,NPK,4600,F01,Kiangoi Coffee Factory,Rung'eto FCS,-0.501303,37.373625,69519,24.8,5,124,476,200,1,15.64,21.12,36.2,3802.0,8,10,0.092,Low,D02,Kianyaga DCC Office Satellite Depot,estimated: haversine distance * 1.35 road factor; replace with OSMnx shortest_path,"estimated from AFA cherry weight proxy; assumed 2,800 kg cherry per acre; fertilizer rates from Draft National Coffee Policy",https://www.afa.go.ke/download/5226/?tmstv=1750232445,https://kirinyaga.go.ke/waiguru-launches-fertilizer-mashinani-initiative-opens-satellite-farm-inputs-depots/,https://kilimo.go.ke/wp-content/uploads/2025/09/Draft-National-Coffee-Policy-2024.pdf,https://osmnx.readthedocs.io/en/stable/user-reference.html,"Estimated for hackathon modelling; validate coordinates, stock and demand with field/OSMnx data before operational use"
R0422,2026,Kirinyaga,Coffee,D06,Kandongu DCC Office Satellite Depot,county_satellite,-0.64,37.35,CAN,4200,F01,Kiangoi Coffee Factory,Rung'eto FCS,-0.501303,37.373625,69519,24.8,6,149,476,200,1,15.64,21.12,36.2,3802.0,8,10,0.098,Low,D02,Kianyaga DCC Office Satellite Depot,estimated: haversine distance * 1.35 road factor; replace with OSMnx shortest_path,"estimated from AFA cherry weight proxy; assumed 2,800 kg cherry per acre; fertilizer rates from Draft National Coffee Policy",https://www.afa.go.ke/download/5226/?tmstv=1750232445,https://kirinyaga.go.ke/waiguru-launches-fertilizer-mashinani-initiative-opens-satellite-farm-inputs-depots/,https://kilimo.go.ke/wp-content/uploads/2025/09/Draft-National-Coffee-Policy-2024.pdf,https://osmnx.readthedocs.io/en/stable/user-reference.html,"Estimated for hackathon modelling; validate coordinates, stock and demand with field/OSMnx data before operational use"
R0423,2026,Kirinyaga,Coffee,D06,Kandongu DCC Office Satellite Depot,county_satellite,-0.64,37.35,Lime,3800,F01,Kiangoi Coffee Factory,Rung'eto FCS,-0.501303,37.373625,69519,24.8,5,124,476,200,1,15.64,21.12,36.2,3802.0,8,10,0.092,Low,D02,Kianyaga DCC Office Satellite Depot,estimated: haversine distance * 1.35 road factor; replace with OSMnx shortest_path,"estimated from AFA cherry weight proxy; assumed 2,800 kg cherry per acre; fertilizer rates from Draft National Coffee Policy",https://www.afa.go.ke/download/5226/?tmstv=1750232445,https://kirinyaga.go.ke/waiguru-launches-fertilizer-mashinani-initiative-opens-satellite-farm-inputs-depots/,https://kilimo.go.ke/wp-content/uploads/2025/09/Draft-National-Coffee-Policy-2024.pdf,https://osmnx.readthedocs.io/en/stable/user-reference.html,"Estimated for hackathon modelling; validate coordinates, stock and demand with field/OSMnx data before operational use"
R0424,2026,Kirinyaga,Coffee,D06,Kandongu DCC Office Satellite Depot,county_satellite,-0.64,37.35,NPK,4600,F02,Kainamui Coffee Factory,New Ngariama FCS,-0.472125,37.459616,386496,138.0,5,690,2650,200,4,22.29,30.1,51.6,5417.0,8,10,0.225,Medium,D07,Ciagini ACC Office Satellite Depot,estimated: haversine distance * 1.35 road factor; replace with OSMnx shortest_path,"estimated from AFA cherry weight proxy; assumed 2,800 kg cherry per acre; fertilizer rates from Draft National Coffee Policy",https://www.afa.go.ke/download/5226/?tmstv=1750232445,https://kirinyaga.go.ke/waiguru-launches-fertilizer-mashinani-initiative-opens-satellite-farm-inputs-depots/,https://kilimo.go.ke/wp-content/uploads/2025/09/Draft-National-Coffee-Policy-2024.pdf,https://osmnx.readthedocs.io/en/stable/user-reference.html,"Estimated for hackathon modelling; validate coordinates, stock and demand with field/OSMnx data before operational use"
R0425,2026,Kirinyaga,Coffee,D06,Kandongu DCC Office Satellite Depot,county_satellite,-0.64,37.35,CAN,4200,F02,Kainamui Coffee Factory,New Ngariama FCS,-0.472125,37.459616,386496,138.0,6,828,2650,200,5,22.29,30.1,51.6,5417.0,8,10,0.262,Medium,D07,Ciagini ACC Office Satellite Depot,estimated: haversine distance * 1.35 road factor; replace with OSMnx shortest_path,"estimated from AFA cherry weight proxy; assumed 2,800 kg cherry per acre; fertilizer rates from Draft National Coffee Policy",https://www.afa.go.ke/download/5226/?tmstv=1750232445,https://kirinyaga.go.ke/waiguru-launches-fertilizer-mashinani-initiative-opens-satellite-farm-inputs-depots/,https://kilimo.go.ke/wp-content/uploads/2025/09/Draft-National-Coffee-Policy-2024.pdf,https://osmnx.readthedocs.io/en/stable/user-reference.html,"Estimated for hackathon modelling; validate coordinates, stock and demand with field/OSMnx data before operational use"
R0426,2026,Kirinyaga,Coffee,D06,Kandongu DCC Office Satellite Depot,county_satellite,-0.64,37.35,Lime,3800,F02,Kainamui Coffee Factory,New Ngariama FCS,-0.472125,37.459616,386496,138.0,5,690,2650,200,4,22.29,30.1,51.6,5417.0,8,10,0.225,Medium,D07,Ciagini ACC Office Satellite Depot,estimated: haversine distance * 1.35 road factor; replace with OSMnx shortest_path,"estimated from AFA cherry weight proxy; assumed 2,800 kg cherry per acre; fertilizer rates from Draft National Coffee Policy",https://www.afa.go.ke/download/5226/?tmstv=1750232445,https://kirinyaga.go.ke/waiguru-launches-fertilizer-mashinani-initiative-opens-satellite-farm-inputs-depots/,https://kilimo.go.ke/wp-content/uploads/2025/09/Draft-National-Coffee-Policy-2024.pdf,https://osmnx.readthedocs.io/en/stable/user-reference.html,"Estimated for hackathon modelling; validate coordinates, stock and demand with field/OSMnx data before operational use"
R0427,2026,Kirinyaga,Coffee,D06,Kandongu DCC Office Satellite Depot,county_satellite,-0.64,37.35,NPK,4600,F03,Kaguyu Coffee Factory,Inoi FCS,-0.503818,37.276883,213771,76.3,5,382,1466,200,2,17.19,23.2,39.8,4176.0,8,10,0.108,Low,D03,Kerugoya CC Office Satellite Depot,estimated: haversine distance * 1.35 road factor; replace with OSMnx shortest_path,"estimated from AFA cherry weight proxy; assumed 2,800 kg cherry per acre; fertilizer rates from Draft National Coffee Policy",https://www.afa.go.ke/download/5226/?tmstv=1750232445,https://kirinyaga.go.ke/waiguru-launches-fertilizer-mashinani-initiative-opens-satellite-farm-inputs-depots/,https://kilimo.go.ke/wp-content/uploads/2025/09/Draft-National-Coffee-Policy-2024.pdf,https://osmnx.readthedocs.io/en/stable/user-reference.html,"Estimated for hackathon modelling; validate coordinates, stock and demand with field/OSMnx data before operational use"
R0428,2026,Kirinyaga,Coffee,D06,Kandongu DCC Office Satellite Depot,county_satellite,-0.64,37.35,CAN,4200,F03,Kaguyu Coffee Factory,Inoi FCS,-0.503818,37.276883,213771,76.3,6,458,1466,200,3,17.19,23.2,39.8,4176.0,8,10,0.129,Low,D03,Kerugoya CC Office Satellite Depot,estimated: haversine distance * 1.35 road factor; replace with OSMnx shortest_path,"estimated from AFA cherry weight proxy; assumed 2,800 kg cherry per acre; fertilizer rates from Draft National Coffee Policy",https://www.afa.go.ke/download/5226/?tmstv=1750232445,https://kirinyaga.go.ke/waiguru-launches-fertilizer-mashinani-initiative-opens-satellite-farm-inputs-depots/,https://kilimo.go.ke/wp-content/uploads/2025/09/Draft-National-Coffee-Policy-2024.pdf,https://osmnx.readthedocs.io/en/stable/user-reference.html,"Estimated for hackathon modelling; validate coordinates, stock and demand with field/OSMnx data before operational use"
R0429,2026,Kirinyaga,Coffee,D06,Kandongu DCC Office Satellite Depot,county_satellite,-0.64,37.35,Lime,3800,F03,Kaguyu Coffee Factory,Inoi FCS,-0.503818,37.276883,213771,76.3,5,382,1466,200,2,17.19,23.2,39.8,4176.0,8,10,0.108,Low,D03,Kerugoya CC Office Satellite Depot,estimated: haversine distance * 1.35 road factor; replace with OSMnx shortest_path,"estimated from AFA cherry weight proxy; assumed 2,800 kg cherry per acre; fertilizer rates from Draft National Coffee Policy",https://www.afa.go.ke/download/5226/?tmstv=1750232445,https://kirinyaga.go.ke/waiguru-launches-fertilizer-mashinani-initiative-opens-satellite-farm-inputs-depots/,https://kilimo.go.ke/wp-content/uploads/2025/09/Draft-National-Coffee-Policy-2024.pdf,https://osmnx.readthedocs.io/en/stable/user-reference.html,"Estimated for hackathon modelling; validate coordinates, stock and demand with field/OSMnx data before operational use"
R0430,2026,Kirinyaga,Coffee,D06,Kandongu DCC Office Satellite Depot,county_satellite,-0.64,37.35,NPK,4600,F04,Kariko Coffee Factory,Inoi FCS,-0.497039,37.273935,800249,285.8,5,1429,5488,200,8,18.01,24.31,41.7,4376.0,8,10,0.391,Medium,D03,Kerugoya CC Office Satellite Depot,estimated: haversine distance * 1.35 road factor; replace with OSMnx shortest_path,"estimated from AFA cherry weight proxy; assumed 2,800 kg cherry per acre; fertilizer rates from Draft National Coffee Policy",https://www.afa.go.ke/download/5226/?tmstv=1750232445,https://kirinyaga.go.ke/waiguru-launches-fertilizer-mashinani-initiative-opens-satellite-farm-inputs-depots/,https://kilimo.go.ke/wp-content/uploads/2025/09/Draft-National-Coffee-Policy-2024.pdf,https://osmnx.readthedocs.io/en/stable/user-reference.html,"Estimated for hackathon modelling; validate coordinates, stock and demand with field/OSMnx data before operational use"
R0431,2026,Kirinyaga,Coffee,D06,Kandongu DCC Office Satellite Depot,county_satellite,-0.64,37.35,CAN,4200,F04,Kariko Coffee Factory,Inoi FCS,-0.497039,37.273935,800249,285.8,6,1715,5488,200,9,18.01,24.31,41.7,4376.0,8,10,0.468,High,D03,Kerugoya CC Office Satellite Depot,estimated: haversine distance * 1.35 road factor; replace with OSMnx shortest_path,"estimated from AFA cherry weight proxy; assumed 2,800 kg cherry per acre; fertilizer rates from Draft National Coffee Policy",https://www.afa.go.ke/download/5226/?tmstv=1750232445,https://kirinyaga.go.ke/waiguru-launches-fertilizer-mashinani-initiative-opens-satellite-farm-inputs-depots/,https://kilimo.go.ke/wp-content/uploads/2025/09/Draft-National-Coffee-Policy-2024.pdf,https://osmnx.readthedocs.io/en/stable/user-reference.html,"Estimated for hackathon modelling; validate coordinates, stock and demand with field/OSMnx data before operational use"
R0432,2026,Kirinyaga,Coffee,D06,Kandongu DCC Office Satellite Depot,county_satellite,-0.64,37.35,Lime,3800,F04,Kariko Coffee Factory,Inoi FCS,-0.497039,37.273935,800249,285.8,5,1429,5488,200,8,18.01,24.31,41.7,4376.0,8,10,0.391,Medium,D03,Kerugoya CC Office Satellite Depot,estimated: haversine distance * 1.35 road factor; replace with OSMnx shortest_path,"estimated from AFA cherry weight proxy; assumed 2,800 kg cherry per acre; fertilizer rates from Draft National Coffee Policy",https://www.afa.go.ke/download/5226/?tmstv=1750232445,https://kirinyaga.go.ke/waiguru-launches-fertilizer-mashinani-initiative-opens-satellite-farm-inputs-depots/,https://kilimo.go.ke/wp-content/uploads/2025/09/Draft-National-Coffee-Policy-2024.pdf,https://osmnx.readthedocs.io/en/stable/user-reference.html,"Estimated for hackathon modelling; validate coordinates, stock and demand with field/OSMnx data before operational use"
R0433,2026,Kirinyaga,Coffee,D06,Kandongu DCC Office Satellite Depot,county_satellite,-0.64,37.35,NPK,4600,F05,Mushagara Coffee Factory,Baragwi FCS,-0.41839,37.358649,657558,234.8,5,1174,4508,200,6,24.66,33.29,57.1,5993.0,8,10,0.334,Medium,D02,Kianyaga DCC Office Satellite Depot,estimated: haversine distance * 1.35 road factor; replace with OSMnx shortest_path,"estimated from AFA cherry weight proxy; assumed 2,800 kg cherry per acre; fertilizer rates from Draft National Coffee Policy",https://www.afa.go.ke/download/5226/?tmstv=1750232445,https://kirinyaga.go.ke/waiguru-launches-fertilizer-mashinani-initiative-opens-satellite-farm-inputs-depots/,https://kilimo.go.ke/wp-content/uploads/2025/09/Draft-National-Coffee-Policy-2024.pdf,https://osmnx.readthedocs.io/en/stable/user-reference.html,"Estimated for hackathon modelling; validate coordinates, stock and demand with field/OSMnx data before operational use"
R0434,2026,Kirinyaga,Coffee,D06,Kandongu DCC Office Satellite Depot,county_satellite,-0.64,37.35,CAN,4200,F05,Mushagara Coffee Factory,Baragwi FCS,-0.41839,37.358649,657558,234.8,6,1409,4508,200,8,24.66,33.29,57.1,5993.0,8,10,0.397,Medium,D02,Kianyaga DCC Office Satellite Depot,estimated: haversine distance * 1.35 road factor; replace with OSMnx shortest_path,"estimated from AFA cherry weight proxy; assumed 2,800 kg cherry per acre; fertilizer rates from Draft National Coffee Policy",https://www.afa.go.ke/download/5226/?tmstv=1750232445,https://kirinyaga.go.ke/waiguru-launches-fertilizer-mashinani-initiative-opens-satellite-farm-inputs-depots/,https://kilimo.go.ke/wp-content/uploads/2025/09/Draft-National-Coffee-Policy-2024.pdf,https://osmnx.readthedocs.io/en/stable/user-reference.html,"Estimated for hackathon modelling; validate coordinates, stock and demand with field/OSMnx data before operational use"
R0435,2026,Kirinyaga,Coffee,D06,Kandongu DCC Office Satellite Depot,county_satellite,-0.64,37.35,Lime,3800,F05,Mushagara Coffee Factory,Baragwi FCS,-0.41839,37.358649,657558,234.8,5,1174,4508,200,6,24.66,33.29,57.1,5993.0,8,10,0.334,Medium,D02,Kianyaga DCC Office Satellite Depot,estimated: haversine distance * 1.35 road factor; replace with OSMnx shortest_path,"estimated from AFA cherry weight proxy; assumed 2,800 kg cherry per acre; fertilizer rates from Draft National Coffee Policy",https://www.afa.go.ke/download/5226/?tmstv=1750232445,https://kirinyaga.go.ke/waiguru-launches-fertilizer-mashinani-initiative-opens-satellite-farm-inputs-depots/,https://kilimo.go.ke/wp-content/uploads/2025/09/Draft-National-Coffee-Policy-2024.pdf,https://osmnx.readthedocs.io/en/stable/user-reference.html,"Estimated for hackathon modelling; validate coordinates, stock and demand with field/OSMnx data before operational use"
R0436,2026,Kirinyaga,Coffee,D06,Kandongu DCC Office Satellite Depot,county_satellite,-0.64,37.35,NPK,4600,F06,Gachami Coffee Factory,Baragwi FCS,-0.443407,37.368027,1318667,471.0,5,2355,9043,200,12,21.95,29.64,50.8,5334.0,8,10,0.64,High,D02,Kianyaga DCC Office Satellite Depot,estimated: haversine distance * 1.35 road factor; replace with OSMnx shortest_path,"estimated from AFA cherry weight proxy; assumed 2,800 kg cherry per acre; fertilizer rates from Draft National Coffee Policy",https://www.afa.go.ke/download/5226/?tmstv=1750232445,https://kirinyaga.go.ke/waiguru-launches-fertilizer-mashinani-initiative-opens-satellite-farm-inputs-depots/,https://kilimo.go.ke/wp-content/uploads/2025/09/Draft-National-Coffee-Policy-2024.pdf,https://osmnx.readthedocs.io/en/stable/user-reference.html,"Estimated for hackathon modelling; validate coordinates, stock and demand with field/OSMnx data before operational use"
R0437,2026,Kirinyaga,Coffee,D06,Kandongu DCC Office Satellite Depot,county_satellite,-0.64,37.35,CAN,4200,F06,Gachami Coffee Factory,Baragwi FCS,-0.443407,37.368027,1318667,471.0,6,2826,9043,200,15,21.95,29.64,50.8,5334.0,8,10,0.706,High,D02,Kianyaga DCC Office Satellite Depot,estimated: haversine distance * 1.35 road factor; replace with OSMnx shortest_path,"estimated from AFA cherry weight proxy; assumed 2,800 kg cherry per acre; fertilizer rates from Draft National Coffee Policy",https://www.afa.go.ke/download/5226/?tmstv=1750232445,https://kirinyaga.go.ke/waiguru-launches-fertilizer-mashinani-initiative-opens-satellite-farm-inputs-depots/,https://kilimo.go.ke/wp-content/uploads/2025/09/Draft-National-Coffee-Policy-2024.pdf,https://osmnx.readthedocs.io/en/stable/user-reference.html,"Estimated for hackathon modelling; validate coordinates, stock and demand with field/OSMnx data before operational use"
R0438,2026,Kirinyaga,Coffee,D06,Kandongu DCC Office Satellite Depot,county_satellite,-0.64,37.35,Lime,3800,F06,Gachami Coffee Factory,Baragwi FCS,-0.443407,37.368027,1318667,471.0,5,2355,9043,200,12,21.95,29.64,50.8,5334.0,8,10,0.64,High,D02,Kianyaga DCC Office Satellite Depot,estimated: haversine distance * 1.35 road factor; replace with OSMnx shortest_path,"estimated from AFA cherry weight proxy; assumed 2,800 kg cherry per acre; fertilizer rates from Draft National Coffee Policy",https://www.afa.go.ke/download/5226/?tmstv=1750232445,https://kirinyaga.go.ke/waiguru-launches-fertilizer-mashinani-initiative-opens-satellite-farm-inputs-depots/,https://kilimo.go.ke/wp-content/uploads/2025/09/Draft-National-Coffee-Policy-2024.pdf,https://osmnx.readthedocs.io/en/stable/user-reference.html,"Estimated for hackathon modelling; validate coordinates, stock and demand with field/OSMnx data before operational use"
R0439,2026,Kirinyaga,Coffee,D06,Kandongu DCC Office Satellite Depot,county_satellite,-0.64,37.35,NPK,4600,F07,Konyu Coffee Factory,Kabare FCS,-0.543367,37.326494,193060,69.0,5,345,1325,200,2,11.06,14.93,25.6,2687.0,8,10,0.12,Low,D05,Baricho DCC Office Satellite Depot,estimated: haversine distance * 1.35 road factor; replace with OSMnx shortest_path,"estimated from AFA cherry weight proxy; assumed 2,800 kg cherry per acre; fertilizer rates from Draft National Coffee Policy",https://www.afa.go.ke/download/5226/?tmstv=1750232445,https://kirinyaga.go.ke/waiguru-launches-fertilizer-mashinani-initiative-opens-satellite-farm-inputs-depots/,https://kilimo.go.ke/wp-content/uploads/2025/09/Draft-National-Coffee-Policy-2024.pdf,https://osmnx.readthedocs.io/en/stable/user-reference.html,"Estimated for hackathon modelling; validate coordinates, stock and demand with field/OSMnx data before operational use"
R0440,2026,Kirinyaga,Coffee,D06,Kandongu DCC Office Satellite Depot,county_satellite,-0.64,37.35,CAN,4200,F07,Konyu Coffee Factory,Kabare FCS,-0.543367,37.326494,193060,69.0,6,414,1325,200,3,11.06,14.93,25.6,2687.0,8,10,0.138,Low,D05,Baricho DCC Office Satellite Depot,estimated: haversine distance * 1.35 road factor; replace with OSMnx shortest_path,"estimated from AFA cherry weight proxy; assumed 2,800 kg cherry per acre; fertilizer rates from Draft National Coffee Policy",https://www.afa.go.ke/download/5226/?tmstv=1750232445,https://kirinyaga.go.ke/waiguru-launches-fertilizer-mashinani-initiative-opens-satellite-farm-inputs-depots/,https://kilimo.go.ke/wp-content/uploads/2025/09/Draft-National-Coffee-Policy-2024.pdf,https://osmnx.readthedocs.io/en/stable/user-reference.html,"Estimated for hackathon modelling; validate coordinates, stock and demand with field/OSMnx data before operational use"
R0441,2026,Kirinyaga,Coffee,D06,Kandongu DCC Office Satellite Depot,county_satellite,-0.64,37.35,Lime,3800,F07,Konyu Coffee Factory,Kabare FCS,-0.543367,37.326494,193060,69.0,5,345,1325,200,2,11.06,14.93,25.6,2687.0,8,10,0.12,Low,D05,Baricho DCC Office Satellite Depot,estimated: haversine distance * 1.35 road factor; replace with OSMnx shortest_path,"estimated from AFA cherry weight proxy; assumed 2,800 kg cherry per acre; fertilizer rates from Draft National Coffee Policy",https://www.afa.go.ke/download/5226/?tmstv=1750232445,https://kirinyaga.go.ke/waiguru-launches-fertilizer-mashinani-initiative-opens-satellite-farm-inputs-depots/,https://kilimo.go.ke/wp-content/uploads/2025/09/Draft-National-Coffee-Policy-2024.pdf,https://osmnx.readthedocs.io/en/stable/user-reference.html,"Estimated for hackathon modelling; validate coordinates, stock and demand with field/OSMnx data before operational use"
R0442,2026,Kirinyaga,Coffee,D06,Kandongu DCC Office Satellite Depot,county_satellite,-0.64,37.35,NPK,4600,F08,Thunguri Coffee Factory,Kibirigwi FCS,-0.559251,37.158225,842805,301.0,5,1505,5779,200,8,23.14,31.23,53.5,5622.0,8,10,0.51,High,D09,Sagana NCPB Depot,estimated: haversine distance * 1.35 road factor; replace with OSMnx shortest_path,"estimated from AFA cherry weight proxy; assumed 2,800 kg cherry per acre; fertilizer rates from Draft National Coffee Policy",https://www.afa.go.ke/download/5226/?tmstv=1750232445,https://kirinyaga.go.ke/waiguru-launches-fertilizer-mashinani-initiative-opens-satellite-farm-inputs-depots/,https://kilimo.go.ke/wp-content/uploads/2025/09/Draft-National-Coffee-Policy-2024.pdf,https://osmnx.readthedocs.io/en/stable/user-reference.html,"Estimated for hackathon modelling; validate coordinates, stock and demand with field/OSMnx data before operational use"
R0443,2026,Kirinyaga,Coffee,D06,Kandongu DCC Office Satellite Depot,county_satellite,-0.64,37.35,CAN,4200,F08,Thunguri Coffee Factory,Kibirigwi FCS,-0.559251,37.158225,842805,301.0,6,1806,5779,200,10,23.14,31.23,53.5,5622.0,8,10,0.591,High,D09,Sagana NCPB Depot,estimated: haversine distance * 1.35 road factor; replace with OSMnx shortest_path,"estimated from AFA cherry weight proxy; assumed 2,800 kg cherry per acre; fertilizer rates from Draft National Coffee Policy",https://www.afa.go.ke/download/5226/?tmstv=1750232445,https://kirinyaga.go.ke/waiguru-launches-fertilizer-mashinani-initiative-opens-satellite-farm-inputs-depots/,https://kilimo.go.ke/wp-content/uploads/2025/09/Draft-National-Coffee-Policy-2024.pdf,https://osmnx.readthedocs.io/en/stable/user-reference.html,"Estimated for hackathon modelling; validate coordinates, stock and demand with field/OSMnx data before operational use"
R0444,2026,Kirinyaga,Coffee,D06,Kandongu DCC Office Satellite Depot,county_satellite,-0.64,37.35,Lime,3800,F08,Thunguri Coffee Factory,Kibirigwi FCS,-0.559251,37.158225,842805,301.0,5,1505,5779,200,8,23.14,31.23,53.5,5622.0,8,10,0.51,High,D09,Sagana NCPB Depot,estimated: haversine distance * 1.35 road factor; replace with OSMnx shortest_path,"estimated from AFA cherry weight proxy; assumed 2,800 kg cherry per acre; fertilizer rates from Draft National Coffee Policy",https://www.afa.go.ke/download/5226/?tmstv=1750232445,https://kirinyaga.go.ke/waiguru-launches-fertilizer-mashinani-initiative-opens-satellite-farm-inputs-depots/,https://kilimo.go.ke/wp-content/uploads/2025/09/Draft-National-Coffee-Policy-2024.pdf,https://osmnx.readthedocs.io/en/stable/user-reference.html,"Estimated for hackathon modelling; validate coordinates, stock and demand with field/OSMnx data before operational use"
R0445,2026,Kirinyaga,Coffee,D06,Kandongu DCC Office Satellite Depot,county_satellite,-0.64,37.35,NPK,4600,F09,Kiandieri Coffee Factory,Inoi FCS,-0.500398,37.283446,98015,35.0,5,175,672,200,1,17.2,23.22,39.8,4179.0,8,10,0.05,Low,D03,Kerugoya CC Office Satellite Depot,estimated: haversine distance * 1.35 road factor; replace with OSMnx shortest_path,"estimated from AFA cherry weight proxy; assumed 2,800 kg cherry per acre; fertilizer rates from Draft National Coffee Policy",https://www.afa.go.ke/download/5226/?tmstv=1750232445,https://kirinyaga.go.ke/waiguru-launches-fertilizer-mashinani-initiative-opens-satellite-farm-inputs-depots/,https://kilimo.go.ke/wp-content/uploads/2025/09/Draft-National-Coffee-Policy-2024.pdf,https://osmnx.readthedocs.io/en/stable/user-reference.html,"Estimated for hackathon modelling; validate coordinates, stock and demand with field/OSMnx data before operational use"
R0446,2026,Kirinyaga,Coffee,D06,Kandongu DCC Office Satellite Depot,county_satellite,-0.64,37.35,CAN,4200,F09,Kiandieri Coffee Factory,Inoi FCS,-0.500398,37.283446,98015,35.0,6,210,672,200,2,17.2,23.22,39.8,4179.0,8,10,0.06,Low,D03,Kerugoya CC Office Satellite Depot,estimated: haversine distance * 1.35 road factor; replace with OSMnx shortest_path,"estimated from AFA cherry weight proxy; assumed 2,800 kg cherry per acre; fertilizer rates from Draft National Coffee Policy",https://www.afa.go.ke/download/5226/?tmstv=1750232445,https://kirinyaga.go.ke/waiguru-launches-fertilizer-mashinani-initiative-opens-satellite-farm-inputs-depots/,https://kilimo.go.ke/wp-content/uploads/2025/09/Draft-National-Coffee-Policy-2024.pdf,https://osmnx.readthedocs.io/en/stable/user-reference.html,"Estimated for hackathon modelling; validate coordinates, stock and demand with field/OSMnx data before operational use"
R0447,2026,Kirinyaga,Coffee,D06,Kandongu DCC Office Satellite Depot,county_satellite,-0.64,37.35,Lime,3800,F09,Kiandieri Coffee Factory,Inoi FCS,-0.500398,37.283446,98015,35.0,5,175,672,200,1,17.2,23.22,39.8,4179.0,8,10,0.05,Low,D03,Kerugoya CC Office Satellite Depot,estimated: haversine distance * 1.35 road factor; replace with OSMnx shortest_path,"estimated from AFA cherry weight proxy; assumed 2,800 kg cherry per acre; fertilizer rates from Draft National Coffee Policy",https://www.afa.go.ke/download/5226/?tmstv=1750232445,https://kirinyaga.go.ke/waiguru-launches-fertilizer-mashinani-initiative-opens-satellite-farm-inputs-depots/,https://kilimo.go.ke/wp-content/uploads/2025/09/Draft-National-Coffee-Policy-2024.pdf,https://osmnx.readthedocs.io/en/stable/user-reference.html,"Estimated for hackathon modelling; validate coordinates, stock and demand with field/OSMnx data before operational use"
R0448,2026,Kirinyaga,Coffee,D06,Kandongu DCC Office Satellite Depot,county_satellite,-0.64,37.35,NPK,4600,F10,Rutui Coffee Factory,Inoi FCS,-0.491453,37.280532,202521,72.3,5,362,1390,200,2,18.23,24.62,42.2,4431.0,8,10,0.104,Low,D03,Kerugoya CC Office Satellite Depot,estimated: haversine distance * 1.35 road factor; replace with OSMnx shortest_path,"estimated from AFA cherry weight proxy; assumed 2,800 kg cherry per acre; fertilizer rates from Draft National Coffee Policy",https://www.afa.go.ke/download/5226/?tmstv=1750232445,https://kirinyaga.go.ke/waiguru-launches-fertilizer-mashinani-initiative-opens-satellite-farm-inputs-depots/,https://kilimo.go.ke/wp-content/uploads/2025/09/Draft-National-Coffee-Policy-2024.pdf,https://osmnx.readthedocs.io/en/stable/user-reference.html,"Estimated for hackathon modelling; validate coordinates, stock and demand with field/OSMnx data before operational use"
R0449,2026,Kirinyaga,Coffee,D06,Kandongu DCC Office Satellite Depot,county_satellite,-0.64,37.35,CAN,4200,F10,Rutui Coffee Factory,Inoi FCS,-0.491453,37.280532,202521,72.3,6,434,1390,200,3,18.23,24.62,42.2,4431.0,8,10,0.124,Low,D03,Kerugoya CC Office Satellite Depot,estimated: haversine distance * 1.35 road factor; replace with OSMnx shortest_path,"estimated from AFA cherry weight proxy; assumed 2,800 kg cherry per acre; fertilizer rates from Draft National Coffee Policy",https://www.afa.go.ke/download/5226/?tmstv=1750232445,https://kirinyaga.go.ke/waiguru-launches-fertilizer-mashinani-initiative-opens-satellite-farm-inputs-depots/,https://kilimo.go.ke/wp-content/uploads/2025/09/Draft-National-Coffee-Policy-2024.pdf,https://osmnx.readthedocs.io/en/stable/user-reference.html,"Estimated for hackathon modelling; validate coordinates, stock and demand with field/OSMnx data before operational use"
R0450,2026,Kirinyaga,Coffee,D06,Kandongu DCC Office Satellite Depot,county_satellite,-0.64,37.35,Lime,3800,F10,Rutui Coffee Factory,Inoi FCS,-0.491453,37.280532,202521,72.3,5,362,1390,200,2,18.23,24.62,42.2,4431.0,8,10,0.104,Low,D03,Kerugoya CC Office Satellite Depot,estimated: haversine distance * 1.35 road factor; replace with OSMnx shortest_path,"estimated from AFA cherry weight proxy; assumed 2,800 kg cherry per acre; fertilizer rates from Draft National Coffee Policy",https://www.afa.go.ke/download/5226/?tmstv=1750232445,https://kirinyaga.go.ke/waiguru-launches-fertilizer-mashinani-initiative-opens-satellite-farm-inputs-depots/,https://kilimo.go.ke/wp-content/uploads/2025/09/Draft-National-Coffee-Policy-2024.pdf,https://osmnx.readthedocs.io/en/stable/user-reference.html,"Estimated for hackathon modelling; validate coordinates, stock and demand with field/OSMnx data before operational use"
R0451,2026,Kirinyaga,Coffee,D06,Kandongu DCC Office Satellite Depot,county_satellite,-0.64,37.35,NPK,4600,F11,Kiang'ombe Coffee Factory,Kabare FCS,-0.545471,37.335991,421153,150.4,5,752,2887,200,4,10.63,14.35,24.6,2582.0,8,10,0.225,Medium,D05,Baricho DCC Office Satellite Depot,estimated: haversine distance * 1.35 road factor; replace with OSMnx shortest_path,"estimated from AFA cherry weight proxy; assumed 2,800 kg cherry per acre; fertilizer rates from Draft National Coffee Policy",https://www.afa.go.ke/download/5226/?tmstv=1750232445,https://kirinyaga.go.ke/waiguru-launches-fertilizer-mashinani-initiative-opens-satellite-farm-inputs-depots/,https://kilimo.go.ke/wp-content/uploads/2025/09/Draft-National-Coffee-Policy-2024.pdf,https://osmnx.readthedocs.io/en/stable/user-reference.html,"Estimated for hackathon modelling; validate coordinates, stock and demand with field/OSMnx data before operational use"
R0452,2026,Kirinyaga,Coffee,D06,Kandongu DCC Office Satellite Depot,county_satellite,-0.64,37.35,CAN,4200,F11,Kiang'ombe Coffee Factory,Kabare FCS,-0.545471,37.335991,421153,150.4,6,902,2887,200,5,10.63,14.35,24.6,2582.0,8,10,0.265,Medium,D05,Baricho DCC Office Satellite Depot,estimated: haversine distance * 1.35 road factor; replace with OSMnx shortest_path,"estimated from AFA cherry weight proxy; assumed 2,800 kg cherry per acre; fertilizer rates from Draft National Coffee Policy",https://www.afa.go.ke/download/5226/?tmstv=1750232445,https://kirinyaga.go.ke/waiguru-launches-fertilizer-mashinani-initiative-opens-satellite-farm-inputs-depots/,https://kilimo.go.ke/wp-content/uploads/2025/09/Draft-National-Coffee-Policy-2024.pdf,https://osmnx.readthedocs.io/en/stable/user-reference.html,"Estimated for hackathon modelling; validate coordinates, stock and demand with field/OSMnx data before operational use"
R0453,2026,Kirinyaga,Coffee,D06,Kandongu DCC Office Satellite Depot,county_satellite,-0.64,37.35,Lime,3800,F11,Kiang'ombe Coffee Factory,Kabare FCS,-0.545471,37.335991,421153,150.4,5,752,2887,200,4,10.63,14.35,24.6,2582.0,8,10,0.225,Medium,D05,Baricho DCC Office Satellite Depot,estimated: haversine distance * 1.35 road factor; replace with OSMnx shortest_path,"estimated from AFA cherry weight proxy; assumed 2,800 kg cherry per acre; fertilizer rates from Draft National Coffee Policy",https://www.afa.go.ke/download/5226/?tmstv=1750232445,https://kirinyaga.go.ke/waiguru-launches-fertilizer-mashinani-initiative-opens-satellite-farm-inputs-depots/,https://kilimo.go.ke/wp-content/uploads/2025/09/Draft-National-Coffee-Policy-2024.pdf,https://osmnx.readthedocs.io/en/stable/user-reference.html,"Estimated for hackathon modelling; validate coordinates, stock and demand with field/OSMnx data before operational use"
R0454,2026,Kirinyaga,Coffee,D06,Kandongu DCC Office Satellite Depot,county_satellite,-0.64,37.35,NPK,4600,F12,Guama Coffee Factory,Baragwi FCS,-0.436799,37.373277,640750,228.8,5,1144,4393,200,6,22.74,30.7,52.6,5526.0,8,10,0.315,Medium,D02,Kianyaga DCC Office Satellite Depot,estimated: haversine distance * 1.35 road factor; replace with OSMnx shortest_path,"estimated from AFA cherry weight proxy; assumed 2,800 kg cherry per acre; fertilizer rates from Draft National Coffee Policy",https://www.afa.go.ke/download/5226/?tmstv=1750232445,https://kirinyaga.go.ke/waiguru-launches-fertilizer-mashinani-initiative-opens-satellite-farm-inputs-depots/,https://kilimo.go.ke/wp-content/uploads/2025/09/Draft-National-Coffee-Policy-2024.pdf,https://osmnx.readthedocs.io/en/stable/user-reference.html,"Estimated for hackathon modelling; validate coordinates, stock and demand with field/OSMnx data before operational use"
R0455,2026,Kirinyaga,Coffee,D06,Kandongu DCC Office Satellite Depot,county_satellite,-0.64,37.35,CAN,4200,F12,Guama Coffee Factory,Baragwi FCS,-0.436799,37.373277,640750,228.8,6,1373,4393,200,7,22.74,30.7,52.6,5526.0,8,10,0.376,Medium,D02,Kianyaga DCC Office Satellite Depot,estimated: haversine distance * 1.35 road factor; replace with OSMnx shortest_path,"estimated from AFA cherry weight proxy; assumed 2,800 kg cherry per acre; fertilizer rates from Draft National Coffee Policy",https://www.afa.go.ke/download/5226/?tmstv=1750232445,https://kirinyaga.go.ke/waiguru-launches-fertilizer-mashinani-initiative-opens-satellite-farm-inputs-depots/,https://kilimo.go.ke/wp-content/uploads/2025/09/Draft-National-Coffee-Policy-2024.pdf,https://osmnx.readthedocs.io/en/stable/user-reference.html,"Estimated for hackathon modelling; validate coordinates, stock and demand with field/OSMnx data before operational use"
R0456,2026,Kirinyaga,Coffee,D06,Kandongu DCC Office Satellite Depot,county_satellite,-0.64,37.35,Lime,3800,F12,Guama Coffee Factory,Baragwi FCS,-0.436799,37.373277,640750,228.8,5,1144,4393,200,6,22.74,30.7,52.6,5526.0,8,10,0.315,Medium,D02,Kianyaga DCC Office Satellite Depot,estimated: haversine distance * 1.35 road factor; replace with OSMnx shortest_path,"estimated from AFA cherry weight proxy; assumed 2,800 kg cherry per acre; fertilizer rates from Draft National Coffee Policy",https://www.afa.go.ke/download/5226/?tmstv=1750232445,https://kirinyaga.go.ke/waiguru-launches-fertilizer-mashinani-initiative-opens-satellite-farm-inputs-depots/,https://kilimo.go.ke/wp-content/uploads/2025/09/Draft-National-Coffee-Policy-2024.pdf,https://osmnx.readthedocs.io/en/stable/user-reference.html,"Estimated for hackathon modelling; validate coordinates, stock and demand with field/OSMnx data before operational use"
R0457,2026,Kirinyaga,Coffee,D06,Kandongu DCC Office Satellite Depot,county_satellite,-0.64,37.35,NPK,4600,F13,Kiri Coffee Factory,Ngiriambu FCS,-0.442714,37.429183,304470,108.7,5,544,2088,200,3,23.64,31.91,54.7,5744.0,8,10,0.204,Low,D02,Kianyaga DCC Office Satellite Depot,estimated: haversine distance * 1.35 road factor; replace with OSMnx shortest_path,"estimated from AFA cherry weight proxy; assumed 2,800 kg cherry per acre; fertilizer rates from Draft National Coffee Policy",https://www.afa.go.ke/download/5226/?tmstv=1750232445,https://kirinyaga.go.ke/waiguru-launches-fertilizer-mashinani-initiative-opens-satellite-farm-inputs-depots/,https://kilimo.go.ke/wp-content/uploads/2025/09/Draft-National-Coffee-Policy-2024.pdf,https://osmnx.readthedocs.io/en/stable/user-reference.html,"Estimated for hackathon modelling; validate coordinates, stock and demand with field/OSMnx data before operational use"
R0458,2026,Kirinyaga,Coffee,D06,Kandongu DCC Office Satellite Depot,county_satellite,-0.64,37.35,CAN,4200,F13,Kiri Coffee Factory,Ngiriambu FCS,-0.442714,37.429183,304470,108.7,6,652,2088,200,4,23.64,31.91,54.7,5744.0,8,10,0.233,Medium,D02,Kianyaga DCC Office Satellite Depot,estimated: haversine distance * 1.35 road factor; replace with OSMnx shortest_path,"estimated from AFA cherry weight proxy; assumed 2,800 kg cherry per acre; fertilizer rates from Draft National Coffee Policy",https://www.afa.go.ke/download/5226/?tmstv=1750232445,https://kirinyaga.go.ke/waiguru-launches-fertilizer-mashinani-initiative-opens-satellite-farm-inputs-depots/,https://kilimo.go.ke/wp-content/uploads/2025/09/Draft-National-Coffee-Policy-2024.pdf,https://osmnx.readthedocs.io/en/stable/user-reference.html,"Estimated for hackathon modelling; validate coordinates, stock and demand with field/OSMnx data before operational use"
R0459,2026,Kirinyaga,Coffee,D06,Kandongu DCC Office Satellite Depot,county_satellite,-0.64,37.35,Lime,3800,F13,Kiri Coffee Factory,Ngiriambu FCS,-0.442714,37.429183,304470,108.7,5,544,2088,200,3,23.64,31.91,54.7,5744.0,8,10,0.204,Low,D02,Kianyaga DCC Office Satellite Depot,estimated: haversine distance * 1.35 road factor; replace with OSMnx shortest_path,"estimated from AFA cherry weight proxy; assumed 2,800 kg cherry per acre; fertilizer rates from Draft National Coffee Policy",https://www.afa.go.ke/download/5226/?tmstv=1750232445,https://kirinyaga.go.ke/waiguru-launches-fertilizer-mashinani-initiative-opens-satellite-farm-inputs-depots/,https://kilimo.go.ke/wp-content/uploads/2025/09/Draft-National-Coffee-Policy-2024.pdf,https://osmnx.readthedocs.io/en/stable/user-reference.html,"Estimated for hackathon modelling; validate coordinates, stock and demand with field/OSMnx data before operational use"
R0460,2026,Kirinyaga,Coffee,D06,Kandongu DCC Office Satellite Depot,county_satellite,-0.64,37.35,NPK,4600,F14,Kiangothe Coffee Factory,Kabare FCS,-0.531036,37.332984,377824,134.9,5,675,2592,200,4,12.26,16.56,28.4,2980.0,8,10,0.217,Medium,D05,Baricho DCC Office Satellite Depot,estimated: haversine distance * 1.35 road factor; replace with OSMnx shortest_path,"estimated from AFA cherry weight proxy; assumed 2,800 kg cherry per acre; fertilizer rates from Draft National Coffee Policy",https://www.afa.go.ke/download/5226/?tmstv=1750232445,https://kirinyaga.go.ke/waiguru-launches-fertilizer-mashinani-initiative-opens-satellite-farm-inputs-depots/,https://kilimo.go.ke/wp-content/uploads/2025/09/Draft-National-Coffee-Policy-2024.pdf,https://osmnx.readthedocs.io/en/stable/user-reference.html,"Estimated for hackathon modelling; validate coordinates, stock and demand with field/OSMnx data before operational use"
R0461,2026,Kirinyaga,Coffee,D06,Kandongu DCC Office Satellite Depot,county_satellite,-0.64,37.35,CAN,4200,F14,Kiangothe Coffee Factory,Kabare FCS,-0.531036,37.332984,377824,134.9,6,810,2592,200,5,12.26,16.56,28.4,2980.0,8,10,0.254,Medium,D05,Baricho DCC Office Satellite Depot,estimated: haversine distance * 1.35 road factor; replace with OSMnx shortest_path,"estimated from AFA cherry weight proxy; assumed 2,800 kg cherry per acre; fertilizer rates from Draft National Coffee Policy",https://www.afa.go.ke/download/5226/?tmstv=1750232445,https://kirinyaga.go.ke/waiguru-launches-fertilizer-mashinani-initiative-opens-satellite-farm-inputs-depots/,https://kilimo.go.ke/wp-content/uploads/2025/09/Draft-National-Coffee-Policy-2024.pdf,https://osmnx.readthedocs.io/en/stable/user-reference.html,"Estimated for hackathon modelling; validate coordinates, stock and demand with field/OSMnx data before operational use"
R0462,2026,Kirinyaga,Coffee,D06,Kandongu DCC Office Satellite Depot,county_satellite,-0.64,37.35,Lime,3800,F14,Kiangothe Coffee Factory,Kabare FCS,-0.531036,37.332984,377824,134.9,5,675,2592,200,4,12.26,16.56,28.4,2980.0,8,10,0.217,Medium,D05,Baricho DCC Office Satellite Depot,estimated: haversine distance * 1.35 road factor; replace with OSMnx shortest_path,"estimated from AFA cherry weight proxy; assumed 2,800 kg cherry per acre; fertilizer rates from Draft National Coffee Policy",https://www.afa.go.ke/download/5226/?tmstv=1750232445,https://kirinyaga.go.ke/waiguru-launches-fertilizer-mashinani-initiative-opens-satellite-farm-inputs-depots/,https://kilimo.go.ke/wp-content/uploads/2025/09/Draft-National-Coffee-Policy-2024.pdf,https://osmnx.readthedocs.io/en/stable/user-reference.html,"Estimated for hackathon modelling; validate coordinates, stock and demand with field/OSMnx data before operational use"
R0463,2026,Kirinyaga,Coffee,D06,Kandongu DCC Office Satellite Depot,county_satellite,-0.64,37.35,NPK,4600,F15,Kimandi Coffee Factory,Kabare FCS,-0.521263,37.335519,750940,268.2,5,1341,5149,200,7,13.3,17.96,30.8,3232.0,8,10,0.405,Medium,D05,Baricho DCC Office Satellite Depot,estimated: haversine distance * 1.35 road factor; replace with OSMnx shortest_path,"estimated from AFA cherry weight proxy; assumed 2,800 kg cherry per acre; fertilizer rates from Draft National Coffee Policy",https://www.afa.go.ke/download/5226/?tmstv=1750232445,https://kirinyaga.go.ke/waiguru-launches-fertilizer-mashinani-initiative-opens-satellite-farm-inputs-depots/,https://kilimo.go.ke/wp-content/uploads/2025/09/Draft-National-Coffee-Policy-2024.pdf,https://osmnx.readthedocs.io/en/stable/user-reference.html,"Estimated for hackathon modelling; validate coordinates, stock and demand with field/OSMnx data before operational use"
R0464,2026,Kirinyaga,Coffee,D06,Kandongu DCC Office Satellite Depot,county_satellite,-0.64,37.35,CAN,4200,F15,Kimandi Coffee Factory,Kabare FCS,-0.521263,37.335519,750940,268.2,6,1609,5149,200,9,13.3,17.96,30.8,3232.0,8,10,0.477,High,D05,Baricho DCC Office Satellite Depot,estimated: haversine distance * 1.35 road factor; replace with OSMnx shortest_path,"estimated from AFA cherry weight proxy; assumed 2,800 kg cherry per acre; fertilizer rates from Draft National Coffee Policy",https://www.afa.go.ke/download/5226/?tmstv=1750232445,https://kirinyaga.go.ke/waiguru-launches-fertilizer-mashinani-initiative-opens-satellite-farm-inputs-depots/,https://kilimo.go.ke/wp-content/uploads/2025/09/Draft-National-Coffee-Policy-2024.pdf,https://osmnx.readthedocs.io/en/stable/user-reference.html,"Estimated for hackathon modelling; validate coordinates, stock and demand with field/OSMnx data before operational use"
R0465,2026,Kirinyaga,Coffee,D06,Kandongu DCC Office Satellite Depot,county_satellite,-0.64,37.35,Lime,3800,F15,Kimandi Coffee Factory,Kabare FCS,-0.521263,37.335519,750940,268.2,5,1341,5149,200,7,13.3,17.96,30.8,3232.0,8,10,0.405,Medium,D05,Baricho DCC Office Satellite Depot,estimated: haversine distance * 1.35 road factor; replace with OSMnx shortest_path,"estimated from AFA cherry weight proxy; assumed 2,800 kg cherry per acre; fertilizer rates from Draft National Coffee Policy",https://www.afa.go.ke/download/5226/?tmstv=1750232445,https://kirinyaga.go.ke/waiguru-launches-fertilizer-mashinani-initiative-opens-satellite-farm-inputs-depots/,https://kilimo.go.ke/wp-content/uploads/2025/09/Draft-National-Coffee-Policy-2024.pdf,https://osmnx.readthedocs.io/en/stable/user-reference.html,"Estimated for hackathon modelling; validate coordinates, stock and demand with field/OSMnx data before operational use"
R0466,2026,Kirinyaga,Coffee,D06,Kandongu DCC Office Satellite Depot,county_satellite,-0.64,37.35,NPK,4600,F16,Kariaini Coffee Factory,Mwirua FCS,-0.405464,37.398149,363274,129.7,5,649,2491,200,4,26.62,35.94,61.6,6469.0,8,10,0.215,Medium,D02,Kianyaga DCC Office Satellite Depot,estimated: haversine distance * 1.35 road factor; replace with OSMnx shortest_path,"estimated from AFA cherry weight proxy; assumed 2,800 kg cherry per acre; fertilizer rates from Draft National Coffee Policy",https://www.afa.go.ke/download/5226/?tmstv=1750232445,https://kirinyaga.go.ke/waiguru-launches-fertilizer-mashinani-initiative-opens-satellite-farm-inputs-depots/,https://kilimo.go.ke/wp-content/uploads/2025/09/Draft-National-Coffee-Policy-2024.pdf,https://osmnx.readthedocs.io/en/stable/user-reference.html,"Estimated for hackathon modelling; validate coordinates, stock and demand with field/OSMnx data before operational use"
R0467,2026,Kirinyaga,Coffee,D06,Kandongu DCC Office Satellite Depot,county_satellite,-0.64,37.35,CAN,4200,F16,Kariaini Coffee Factory,Mwirua FCS,-0.405464,37.398149,363274,129.7,6,778,2491,200,4,26.62,35.94,61.6,6469.0,8,10,0.25,Medium,D02,Kianyaga DCC Office Satellite Depot,estimated: haversine distance * 1.35 road factor; replace with OSMnx shortest_path,"estimated from AFA cherry weight proxy; assumed 2,800 kg cherry per acre; fertilizer rates from Draft National Coffee Policy",https://www.afa.go.ke/download/5226/?tmstv=1750232445,https://kirinyaga.go.ke/waiguru-launches-fertilizer-mashinani-initiative-opens-satellite-farm-inputs-depots/,https://kilimo.go.ke/wp-content/uploads/2025/09/Draft-National-Coffee-Policy-2024.pdf,https://osmnx.readthedocs.io/en/stable/user-reference.html,"Estimated for hackathon modelling; validate coordinates, stock and demand with field/OSMnx data before operational use"
R0468,2026,Kirinyaga,Coffee,D06,Kandongu DCC Office Satellite Depot,county_satellite,-0.64,37.35,Lime,3800,F16,Kariaini Coffee Factory,Mwirua FCS,-0.405464,37.398149,363274,129.7,5,649,2491,200,4,26.62,35.94,61.6,6469.0,8,10,0.215,Medium,D02,Kianyaga DCC Office Satellite Depot,estimated: haversine distance * 1.35 road factor; replace with OSMnx shortest_path,"estimated from AFA cherry weight proxy; assumed 2,800 kg cherry per acre; fertilizer rates from Draft National Coffee Policy",https://www.afa.go.ke/download/5226/?tmstv=1750232445,https://kirinyaga.go.ke/waiguru-launches-fertilizer-mashinani-initiative-opens-satellite-farm-inputs-depots/,https://kilimo.go.ke/wp-content/uploads/2025/09/Draft-National-Coffee-Policy-2024.pdf,https://osmnx.readthedocs.io/en/stable/user-reference.html,"Estimated for hackathon modelling; validate coordinates, stock and demand with field/OSMnx data before operational use"
R0469,2026,Kirinyaga,Coffee,D06,Kandongu DCC Office Satellite Depot,county_satellite,-0.64,37.35,NPK,4600,F17,Kamwangi Coffee Factory,New Ngariama FCS,-0.470819,37.484366,634450,226.6,5,1133,4351,200,6,24.02,32.43,55.6,5838.0,8,10,0.324,Medium,D08,Togonye ACC Office Satellite Depot,estimated: haversine distance * 1.35 road factor; replace with OSMnx shortest_path,"estimated from AFA cherry weight proxy; assumed 2,800 kg cherry per acre; fertilizer rates from Draft National Coffee Policy",https://www.afa.go.ke/download/5226/?tmstv=1750232445,https://kirinyaga.go.ke/waiguru-launches-fertilizer-mashinani-initiative-opens-satellite-farm-inputs-depots/,https://kilimo.go.ke/wp-content/uploads/2025/09/Draft-National-Coffee-Policy-2024.pdf,https://osmnx.readthedocs.io/en/stable/user-reference.html,"Estimated for hackathon modelling; validate coordinates, stock and demand with field/OSMnx data before operational use"
R0470,2026,Kirinyaga,Coffee,D06,Kandongu DCC Office Satellite Depot,county_satellite,-0.64,37.35,CAN,4200,F17,Kamwangi Coffee Factory,New Ngariama FCS,-0.470819,37.484366,634450,226.6,6,1360,4351,200,7,24.02,32.43,55.6,5838.0,8,10,0.385,Medium,D08,Togonye ACC Office Satellite Depot,estimated: haversine distance * 1.35 road factor; replace with OSMnx shortest_path,"estimated from AFA cherry weight proxy; assumed 2,800 kg cherry per acre; fertilizer rates from Draft National Coffee Policy",https://www.afa.go.ke/download/5226/?tmstv=1750232445,https://kirinyaga.go.ke/waiguru-launches-fertilizer-mashinani-initiative-opens-satellite-farm-inputs-depots/,https://kilimo.go.ke/wp-content/uploads/2025/09/Draft-National-Coffee-Policy-2024.pdf,https://osmnx.readthedocs.io/en/stable/user-reference.html,"Estimated for hackathon modelling; validate coordinates, stock and demand with field/OSMnx data before operational use"
R0471,2026,Kirinyaga,Coffee,D06,Kandongu DCC Office Satellite Depot,county_satellite,-0.64,37.35,Lime,3800,F17,Kamwangi Coffee Factory,New Ngariama FCS,-0.470819,37.484366,634450,226.6,5,1133,4351,200,6,24.02,32.43,55.6,5838.0,8,10,0.324,Medium,D08,Togonye ACC Office Satellite Depot,estimated: haversine distance * 1.35 road factor; replace with OSMnx shortest_path,"estimated from AFA cherry weight proxy; assumed 2,800 kg cherry per acre; fertilizer rates from Draft National Coffee Policy",https://www.afa.go.ke/download/5226/?tmstv=1750232445,https://kirinyaga.go.ke/waiguru-launches-fertilizer-mashinani-initiative-opens-satellite-farm-inputs-depots/,https://kilimo.go.ke/wp-content/uploads/2025/09/Draft-National-Coffee-Policy-2024.pdf,https://osmnx.readthedocs.io/en/stable/user-reference.html,"Estimated for hackathon modelling; validate coordinates, stock and demand with field/OSMnx data before operational use"
R0472,2026,Kirinyaga,Coffee,D06,Kandongu DCC Office Satellite Depot,county_satellite,-0.64,37.35,NPK,4600,F18,Karumandi Coffee Factory,Baragwi FCS,-0.430607,37.38226,467691,167.0,5,835,3206,200,5,23.56,31.8,54.5,5725.0,8,10,0.241,Medium,D02,Kianyaga DCC Office Satellite Depot,estimated: haversine distance * 1.35 road factor; replace with OSMnx shortest_path,"estimated from AFA cherry weight proxy; assumed 2,800 kg cherry per acre; fertilizer rates from Draft National Coffee Policy",https://www.afa.go.ke/download/5226/?tmstv=1750232445,https://kirinyaga.go.ke/waiguru-launches-fertilizer-mashinani-initiative-opens-satellite-farm-inputs-depots/,https://kilimo.go.ke/wp-content/uploads/2025/09/Draft-National-Coffee-Policy-2024.pdf,https://osmnx.readthedocs.io/en/stable/user-reference.html,"Estimated for hackathon modelling; validate coordinates, stock and demand with field/OSMnx data before operational use"
R0473,2026,Kirinyaga,Coffee,D06,Kandongu DCC Office Satellite Depot,county_satellite,-0.64,37.35,CAN,4200,F18,Karumandi Coffee Factory,Baragwi FCS,-0.430607,37.38226,467691,167.0,6,1002,3206,200,6,23.56,31.8,54.5,5725.0,8,10,0.286,Medium,D02,Kianyaga DCC Office Satellite Depot,estimated: haversine distance * 1.35 road factor; replace with OSMnx shortest_path,"estimated from AFA cherry weight proxy; assumed 2,800 kg cherry per acre; fertilizer rates from Draft National Coffee Policy",https://www.afa.go.ke/download/5226/?tmstv=1750232445,https://kirinyaga.go.ke/waiguru-launches-fertilizer-mashinani-initiative-opens-satellite-farm-inputs-depots/,https://kilimo.go.ke/wp-content/uploads/2025/09/Draft-National-Coffee-Policy-2024.pdf,https://osmnx.readthedocs.io/en/stable/user-reference.html,"Estimated for hackathon modelling; validate coordinates, stock and demand with field/OSMnx data before operational use"
R0474,2026,Kirinyaga,Coffee,D06,Kandongu DCC Office Satellite Depot,county_satellite,-0.64,37.35,Lime,3800,F18,Karumandi Coffee Factory,Baragwi FCS,-0.430607,37.38226,467691,167.0,5,835,3206,200,5,23.56,31.8,54.5,5725.0,8,10,0.241,Medium,D02,Kianyaga DCC Office Satellite Depot,estimated: haversine distance * 1.35 road factor; replace with OSMnx shortest_path,"estimated from AFA cherry weight proxy; assumed 2,800 kg cherry per acre; fertilizer rates from Draft National Coffee Policy",https://www.afa.go.ke/download/5226/?tmstv=1750232445,https://kirinyaga.go.ke/waiguru-launches-fertilizer-mashinani-initiative-opens-satellite-farm-inputs-depots/,https://kilimo.go.ke/wp-content/uploads/2025/09/Draft-National-Coffee-Policy-2024.pdf,https://osmnx.readthedocs.io/en/stable/user-reference.html,"Estimated for hackathon modelling; validate coordinates, stock and demand with field/OSMnx data before operational use"
R0475,2026,Kirinyaga,Coffee,D06,Kandongu DCC Office Satellite Depot,county_satellite,-0.64,37.35,NPK,4600,F19,Kerugoya Coffee Factory,Inoi FCS,-0.497353,37.297593,933821,333.5,5,1668,6404,200,9,16.9,22.81,39.1,4106.0,8,10,0.465,High,D03,Kerugoya CC Office Satellite Depot,estimated: haversine distance * 1.35 road factor; replace with OSMnx shortest_path,"estimated from AFA cherry weight proxy; assumed 2,800 kg cherry per acre; fertilizer rates from Draft National Coffee Policy",https://www.afa.go.ke/download/5226/?tmstv=1750232445,https://kirinyaga.go.ke/waiguru-launches-fertilizer-mashinani-initiative-opens-satellite-farm-inputs-depots/,https://kilimo.go.ke/wp-content/uploads/2025/09/Draft-National-Coffee-Policy-2024.pdf,https://osmnx.readthedocs.io/en/stable/user-reference.html,"Estimated for hackathon modelling; validate coordinates, stock and demand with field/OSMnx data before operational use"
R0476,2026,Kirinyaga,Coffee,D06,Kandongu DCC Office Satellite Depot,county_satellite,-0.64,37.35,CAN,4200,F19,Kerugoya Coffee Factory,Inoi FCS,-0.497353,37.297593,933821,333.5,6,2001,6404,200,11,16.9,22.81,39.1,4106.0,8,10,0.554,High,D03,Kerugoya CC Office Satellite Depot,estimated: haversine distance * 1.35 road factor; replace with OSMnx shortest_path,"estimated from AFA cherry weight proxy; assumed 2,800 kg cherry per acre; fertilizer rates from Draft National Coffee Policy",https://www.afa.go.ke/download/5226/?tmstv=1750232445,https://kirinyaga.go.ke/waiguru-launches-fertilizer-mashinani-initiative-opens-satellite-farm-inputs-depots/,https://kilimo.go.ke/wp-content/uploads/2025/09/Draft-National-Coffee-Policy-2024.pdf,https://osmnx.readthedocs.io/en/stable/user-reference.html,"Estimated for hackathon modelling; validate coordinates, stock and demand with field/OSMnx data before operational use"
R0477,2026,Kirinyaga,Coffee,D06,Kandongu DCC Office Satellite Depot,county_satellite,-0.64,37.35,Lime,3800,F19,Kerugoya Coffee Factory,Inoi FCS,-0.497353,37.297593,933821,333.5,5,1668,6404,200,9,16.9,22.81,39.1,4106.0,8,10,0.465,High,D03,Kerugoya CC Office Satellite Depot,estimated: haversine distance * 1.35 road factor; replace with OSMnx shortest_path,"estimated from AFA cherry weight proxy; assumed 2,800 kg cherry per acre; fertilizer rates from Draft National Coffee Policy",https://www.afa.go.ke/download/5226/?tmstv=1750232445,https://kirinyaga.go.ke/waiguru-launches-fertilizer-mashinani-initiative-opens-satellite-farm-inputs-depots/,https://kilimo.go.ke/wp-content/uploads/2025/09/Draft-National-Coffee-Policy-2024.pdf,https://osmnx.readthedocs.io/en/stable/user-reference.html,"Estimated for hackathon modelling; validate coordinates, stock and demand with field/OSMnx data before operational use"
R0478,2026,Kirinyaga,Coffee,D06,Kandongu DCC Office Satellite Depot,county_satellite,-0.64,37.35,NPK,4600,F20,Kaitheri Coffee Factory,Inoi FCS,-0.491191,37.297387,1205346,430.5,5,2152,8264,200,11,17.55,23.69,40.6,4265.0,8,10,0.596,High,D03,Kerugoya CC Office Satellite Depot,estimated: haversine distance * 1.35 road factor; replace with OSMnx shortest_path,"estimated from AFA cherry weight proxy; assumed 2,800 kg cherry per acre; fertilizer rates from Draft National Coffee Policy",https://www.afa.go.ke/download/5226/?tmstv=1750232445,https://kirinyaga.go.ke/waiguru-launches-fertilizer-mashinani-initiative-opens-satellite-farm-inputs-depots/,https://kilimo.go.ke/wp-content/uploads/2025/09/Draft-National-Coffee-Policy-2024.pdf,https://osmnx.readthedocs.io/en/stable/user-reference.html,"Estimated for hackathon modelling; validate coordinates, stock and demand with field/OSMnx data before operational use"
R0479,2026,Kirinyaga,Coffee,D06,Kandongu DCC Office Satellite Depot,county_satellite,-0.64,37.35,CAN,4200,F20,Kaitheri Coffee Factory,Inoi FCS,-0.491191,37.297387,1205346,430.5,6,2583,8264,200,13,17.55,23.69,40.6,4265.0,8,10,0.712,High,D03,Kerugoya CC Office Satellite Depot,estimated: haversine distance * 1.35 road factor; replace with OSMnx shortest_path,"estimated from AFA cherry weight proxy; assumed 2,800 kg cherry per acre; fertilizer rates from Draft National Coffee Policy",https://www.afa.go.ke/download/5226/?tmstv=1750232445,https://kirinyaga.go.ke/waiguru-launches-fertilizer-mashinani-initiative-opens-satellite-farm-inputs-depots/,https://kilimo.go.ke/wp-content/uploads/2025/09/Draft-National-Coffee-Policy-2024.pdf,https://osmnx.readthedocs.io/en/stable/user-reference.html,"Estimated for hackathon modelling; validate coordinates, stock and demand with field/OSMnx data before operational use"
R0480,2026,Kirinyaga,Coffee,D06,Kandongu DCC Office Satellite Depot,county_satellite,-0.64,37.35,Lime,3800,F20,Kaitheri Coffee Factory,Inoi FCS,-0.491191,37.297387,1205346,430.5,5,2152,8264,200,11,17.55,23.69,40.6,4265.0,8,10,0.596,High,D03,Kerugoya CC Office Satellite Depot,estimated: haversine distance * 1.35 road factor; replace with OSMnx shortest_path,"estimated from AFA cherry weight proxy; assumed 2,800 kg cherry per acre; fertilizer rates from Draft National Coffee Policy",https://www.afa.go.ke/download/5226/?tmstv=1750232445,https://kirinyaga.go.ke/waiguru-launches-fertilizer-mashinani-initiative-opens-satellite-farm-inputs-depots/,https://kilimo.go.ke/wp-content/uploads/2025/09/Draft-National-Coffee-Policy-2024.pdf,https://osmnx.readthedocs.io/en/stable/user-reference.html,"Estimated for hackathon modelling; validate coordinates, stock and demand with field/OSMnx data before operational use"
R0481,2026,Kirinyaga,Coffee,D06,Kandongu DCC Office Satellite Depot,county_satellite,-0.64,37.35,NPK,4600,F21,Kiaragana Coffee Factory,Mwirua FCS,-0.405977,37.401729,1069927,382.1,5,1911,7338,200,10,26.65,35.98,61.7,6476.0,8,10,0.557,High,D02,Kianyaga DCC Office Satellite Depot,estimated: haversine distance * 1.35 road factor; replace with OSMnx shortest_path,"estimated from AFA cherry weight proxy; assumed 2,800 kg cherry per acre; fertilizer rates from Draft National Coffee Policy",https://www.afa.go.ke/download/5226/?tmstv=1750232445,https://kirinyaga.go.ke/waiguru-launches-fertilizer-mashinani-initiative-opens-satellite-farm-inputs-depots/,https://kilimo.go.ke/wp-content/uploads/2025/09/Draft-National-Coffee-Policy-2024.pdf,https://osmnx.readthedocs.io/en/stable/user-reference.html,"Estimated for hackathon modelling; validate coordinates, stock and demand with field/OSMnx data before operational use"
R0482,2026,Kirinyaga,Coffee,D06,Kandongu DCC Office Satellite Depot,county_satellite,-0.64,37.35,CAN,4200,F21,Kiaragana Coffee Factory,Mwirua FCS,-0.405977,37.401729,1069927,382.1,6,2293,7338,200,12,26.65,35.98,61.7,6476.0,8,10,0.66,High,D02,Kianyaga DCC Office Satellite Depot,estimated: haversine distance * 1.35 road factor; replace with OSMnx shortest_path,"estimated from AFA cherry weight proxy; assumed 2,800 kg cherry per acre; fertilizer rates from Draft National Coffee Policy",https://www.afa.go.ke/download/5226/?tmstv=1750232445,https://kirinyaga.go.ke/waiguru-launches-fertilizer-mashinani-initiative-opens-satellite-farm-inputs-depots/,https://kilimo.go.ke/wp-content/uploads/2025/09/Draft-National-Coffee-Policy-2024.pdf,https://osmnx.readthedocs.io/en/stable/user-reference.html,"Estimated for hackathon modelling; validate coordinates, stock and demand with field/OSMnx data before operational use"
R0483,2026,Kirinyaga,Coffee,D06,Kandongu DCC Office Satellite Depot,county_satellite,-0.64,37.35,Lime,3800,F21,Kiaragana Coffee Factory,Mwirua FCS,-0.405977,37.401729,1069927,382.1,5,1911,7338,200,10,26.65,35.98,61.7,6476.0,8,10,0.557,High,D02,Kianyaga DCC Office Satellite Depot,estimated: haversine distance * 1.35 road factor; replace with OSMnx shortest_path,"estimated from AFA cherry weight proxy; assumed 2,800 kg cherry per acre; fertilizer rates from Draft National Coffee Policy",https://www.afa.go.ke/download/5226/?tmstv=1750232445,https://kirinyaga.go.ke/waiguru-launches-fertilizer-mashinani-initiative-opens-satellite-farm-inputs-depots/,https://kilimo.go.ke/wp-content/uploads/2025/09/Draft-National-Coffee-Policy-2024.pdf,https://osmnx.readthedocs.io/en/stable/user-reference.html,"Estimated for hackathon modelling; validate coordinates, stock and demand with field/OSMnx data before operational use"
R0484,2026,Kirinyaga,Coffee,D06,Kandongu DCC Office Satellite Depot,county_satellite,-0.64,37.35,NPK,4600,F22,Kegwa Coffee Factory,Ngiriambu FCS,-0.452361,37.442947,187844,67.1,5,335,1288,200,2,23.28,31.43,53.9,5658.0,8,10,0.148,Low,D07,Ciagini ACC Office Satellite Depot,estimated: haversine distance * 1.35 road factor; replace with OSMnx shortest_path,"estimated from AFA cherry weight proxy; assumed 2,800 kg cherry per acre; fertilizer rates from Draft National Coffee Policy",https://www.afa.go.ke/download/5226/?tmstv=1750232445,https://kirinyaga.go.ke/waiguru-launches-fertilizer-mashinani-initiative-opens-satellite-farm-inputs-depots/,https://kilimo.go.ke/wp-content/uploads/2025/09/Draft-National-Coffee-Policy-2024.pdf,https://osmnx.readthedocs.io/en/stable/user-reference.html,"Estimated for hackathon modelling; validate coordinates, stock and demand with field/OSMnx data before operational use"
R0485,2026,Kirinyaga,Coffee,D06,Kandongu DCC Office Satellite Depot,county_satellite,-0.64,37.35,CAN,4200,F22,Kegwa Coffee Factory,Ngiriambu FCS,-0.452361,37.442947,187844,67.1,6,403,1288,200,3,23.28,31.43,53.9,5658.0,8,10,0.166,Low,D07,Ciagini ACC Office Satellite Depot,estimated: haversine distance * 1.35 road factor; replace with OSMnx shortest_path,"estimated from AFA cherry weight proxy; assumed 2,800 kg cherry per acre; fertilizer rates from Draft National Coffee Policy",https://www.afa.go.ke/download/5226/?tmstv=1750232445,https://kirinyaga.go.ke/waiguru-launches-fertilizer-mashinani-initiative-opens-satellite-farm-inputs-depots/,https://kilimo.go.ke/wp-content/uploads/2025/09/Draft-National-Coffee-Policy-2024.pdf,https://osmnx.readthedocs.io/en/stable/user-reference.html,"Estimated for hackathon modelling; validate coordinates, stock and demand with field/OSMnx data before operational use"
R0486,2026,Kirinyaga,Coffee,D06,Kandongu DCC Office Satellite Depot,county_satellite,-0.64,37.35,Lime,3800,F22,Kegwa Coffee Factory,Ngiriambu FCS,-0.452361,37.442947,187844,67.1,5,335,1288,200,2,23.28,31.43,53.9,5658.0,8,10,0.148,Low,D07,Ciagini ACC Office Satellite Depot,estimated: haversine distance * 1.35 road factor; replace with OSMnx shortest_path,"estimated from AFA cherry weight proxy; assumed 2,800 kg cherry per acre; fertilizer rates from Draft National Coffee Policy",https://www.afa.go.ke/download/5226/?tmstv=1750232445,https://kirinyaga.go.ke/waiguru-launches-fertilizer-mashinani-initiative-opens-satellite-farm-inputs-depots/,https://kilimo.go.ke/wp-content/uploads/2025/09/Draft-National-Coffee-Policy-2024.pdf,https://osmnx.readthedocs.io/en/stable/user-reference.html,"Estimated for hackathon modelling; validate coordinates, stock and demand with field/OSMnx data before operational use"
R0487,2026,Kirinyaga,Coffee,D06,Kandongu DCC Office Satellite Depot,county_satellite,-0.64,37.35,NPK,4600,F23,Karani Coffee Factory,Kabare FCS,-0.537101,37.347664,864121,308.6,5,1543,5926,200,8,11.44,15.45,26.5,2781.0,8,10,0.446,High,D05,Baricho DCC Office Satellite Depot,estimated: haversine distance * 1.35 road factor; replace with OSMnx shortest_path,"estimated from AFA cherry weight proxy; assumed 2,800 kg cherry per acre; fertilizer rates from Draft National Coffee Policy",https://www.afa.go.ke/download/5226/?tmstv=1750232445,https://kirinyaga.go.ke/waiguru-launches-fertilizer-mashinani-initiative-opens-satellite-farm-inputs-depots/,https://kilimo.go.ke/wp-content/uploads/2025/09/Draft-National-Coffee-Policy-2024.pdf,https://osmnx.readthedocs.io/en/stable/user-reference.html,"Estimated for hackathon modelling; validate coordinates, stock and demand with field/OSMnx data before operational use"
R0488,2026,Kirinyaga,Coffee,D06,Kandongu DCC Office Satellite Depot,county_satellite,-0.64,37.35,CAN,4200,F23,Karani Coffee Factory,Kabare FCS,-0.537101,37.347664,864121,308.6,6,1852,5926,200,10,11.44,15.45,26.5,2781.0,8,10,0.529,High,D05,Baricho DCC Office Satellite Depot,estimated: haversine distance * 1.35 road factor; replace with OSMnx shortest_path,"estimated from AFA cherry weight proxy; assumed 2,800 kg cherry per acre; fertilizer rates from Draft National Coffee Policy",https://www.afa.go.ke/download/5226/?tmstv=1750232445,https://kirinyaga.go.ke/waiguru-launches-fertilizer-mashinani-initiative-opens-satellite-farm-inputs-depots/,https://kilimo.go.ke/wp-content/uploads/2025/09/Draft-National-Coffee-Policy-2024.pdf,https://osmnx.readthedocs.io/en/stable/user-reference.html,"Estimated for hackathon modelling; validate coordinates, stock and demand with field/OSMnx data before operational use"
R0489,2026,Kirinyaga,Coffee,D06,Kandongu DCC Office Satellite Depot,county_satellite,-0.64,37.35,Lime,3800,F23,Karani Coffee Factory,Kabare FCS,-0.537101,37.347664,864121,308.6,5,1543,5926,200,8,11.44,15.45,26.5,2781.0,8,10,0.446,High,D05,Baricho DCC Office Satellite Depot,estimated: haversine distance * 1.35 road factor; replace with OSMnx shortest_path,"estimated from AFA cherry weight proxy; assumed 2,800 kg cherry per acre; fertilizer rates from Draft National Coffee Policy",https://www.afa.go.ke/download/5226/?tmstv=1750232445,https://kirinyaga.go.ke/waiguru-launches-fertilizer-mashinani-initiative-opens-satellite-farm-inputs-depots/,https://kilimo.go.ke/wp-content/uploads/2025/09/Draft-National-Coffee-Policy-2024.pdf,https://osmnx.readthedocs.io/en/stable/user-reference.html,"Estimated for hackathon modelling; validate coordinates, stock and demand with field/OSMnx data before operational use"
R0490,2026,Kirinyaga,Coffee,D06,Kandongu DCC Office Satellite Depot,county_satellite,-0.64,37.35,NPK,4600,F24,Kariru Coffee Factory,Baragwi FCS,-0.425995,37.38789,49525,17.7,5,88,338,200,1,24.17,32.62,55.9,5872.0,8,10,0.046,Low,D02,Kianyaga DCC Office Satellite Depot,estimated: haversine distance * 1.35 road factor; replace with OSMnx shortest_path,"estimated from AFA cherry weight proxy; assumed 2,800 kg cherry per acre; fertilizer rates from Draft National Coffee Policy",https://www.afa.go.ke/download/5226/?tmstv=1750232445,https://kirinyaga.go.ke/waiguru-launches-fertilizer-mashinani-initiative-opens-satellite-farm-inputs-depots/,https://kilimo.go.ke/wp-content/uploads/2025/09/Draft-National-Coffee-Policy-2024.pdf,https://osmnx.readthedocs.io/en/stable/user-reference.html,"Estimated for hackathon modelling; validate coordinates, stock and demand with field/OSMnx data before operational use"
R0491,2026,Kirinyaga,Coffee,D06,Kandongu DCC Office Satellite Depot,county_satellite,-0.64,37.35,CAN,4200,F24,Kariru Coffee Factory,Baragwi FCS,-0.425995,37.38789,49525,17.7,6,106,338,200,1,24.17,32.62,55.9,5872.0,8,10,0.051,Low,D02,Kianyaga DCC Office Satellite Depot,estimated: haversine distance * 1.35 road factor; replace with OSMnx shortest_path,"estimated from AFA cherry weight proxy; assumed 2,800 kg cherry per acre; fertilizer rates from Draft National Coffee Policy",https://www.afa.go.ke/download/5226/?tmstv=1750232445,https://kirinyaga.go.ke/waiguru-launches-fertilizer-mashinani-initiative-opens-satellite-farm-inputs-depots/,https://kilimo.go.ke/wp-content/uploads/2025/09/Draft-National-Coffee-Policy-2024.pdf,https://osmnx.readthedocs.io/en/stable/user-reference.html,"Estimated for hackathon modelling; validate coordinates, stock and demand with field/OSMnx data before operational use"
R0492,2026,Kirinyaga,Coffee,D06,Kandongu DCC Office Satellite Depot,county_satellite,-0.64,37.35,Lime,3800,F24,Kariru Coffee Factory,Baragwi FCS,-0.425995,37.38789,49525,17.7,5,88,338,200,1,24.17,32.62,55.9,5872.0,8,10,0.046,Low,D02,Kianyaga DCC Office Satellite Depot,estimated: haversine distance * 1.35 road factor; replace with OSMnx shortest_path,"estimated from AFA cherry weight proxy; assumed 2,800 kg cherry per acre; fertilizer rates from Draft National Coffee Policy",https://www.afa.go.ke/download/5226/?tmstv=1750232445,https://kirinyaga.go.ke/waiguru-launches-fertilizer-mashinani-initiative-opens-satellite-farm-inputs-depots/,https://kilimo.go.ke/wp-content/uploads/2025/09/Draft-National-Coffee-Policy-2024.pdf,https://osmnx.readthedocs.io/en/stable/user-reference.html,"Estimated for hackathon modelling; validate coordinates, stock and demand with field/OSMnx data before operational use"
R0493,2026,Kirinyaga,Coffee,D06,Kandongu DCC Office Satellite Depot,county_satellite,-0.64,37.35,NPK,4600,F25,Thimu Coffee Factory,Baragwi FCS,-0.417322,37.388324,49227,17.6,5,88,337,200,1,25.12,33.92,58.1,6105.0,8,10,0.05,Low,D02,Kianyaga DCC Office Satellite Depot,estimated: haversine distance * 1.35 road factor; replace with OSMnx shortest_path,"estimated from AFA cherry weight proxy; assumed 2,800 kg cherry per acre; fertilizer rates from Draft National Coffee Policy",https://www.afa.go.ke/download/5226/?tmstv=1750232445,https://kirinyaga.go.ke/waiguru-launches-fertilizer-mashinani-initiative-opens-satellite-farm-inputs-depots/,https://kilimo.go.ke/wp-content/uploads/2025/09/Draft-National-Coffee-Policy-2024.pdf,https://osmnx.readthedocs.io/en/stable/user-reference.html,"Estimated for hackathon modelling; validate coordinates, stock and demand with field/OSMnx data before operational use"
R0494,2026,Kirinyaga,Coffee,D06,Kandongu DCC Office Satellite Depot,county_satellite,-0.64,37.35,CAN,4200,F25,Thimu Coffee Factory,Baragwi FCS,-0.417322,37.388324,49227,17.6,6,105,337,200,1,25.12,33.92,58.1,6105.0,8,10,0.055,Low,D02,Kianyaga DCC Office Satellite Depot,estimated: haversine distance * 1.35 road factor; replace with OSMnx shortest_path,"estimated from AFA cherry weight proxy; assumed 2,800 kg cherry per acre; fertilizer rates from Draft National Coffee Policy",https://www.afa.go.ke/download/5226/?tmstv=1750232445,https://kirinyaga.go.ke/waiguru-launches-fertilizer-mashinani-initiative-opens-satellite-farm-inputs-depots/,https://kilimo.go.ke/wp-content/uploads/2025/09/Draft-National-Coffee-Policy-2024.pdf,https://osmnx.readthedocs.io/en/stable/user-reference.html,"Estimated for hackathon modelling; validate coordinates, stock and demand with field/OSMnx data before operational use"
R0495,2026,Kirinyaga,Coffee,D06,Kandongu DCC Office Satellite Depot,county_satellite,-0.64,37.35,Lime,3800,F25,Thimu Coffee Factory,Baragwi FCS,-0.417322,37.388324,49227,17.6,5,88,337,200,1,25.12,33.92,58.1,6105.0,8,10,0.05,Low,D02,Kianyaga DCC Office Satellite Depot,estimated: haversine distance * 1.35 road factor; replace with OSMnx shortest_path,"estimated from AFA cherry weight proxy; assumed 2,800 kg cherry per acre; fertilizer rates from Draft National Coffee Policy",https://www.afa.go.ke/download/5226/?tmstv=1750232445,https://kirinyaga.go.ke/waiguru-launches-fertilizer-mashinani-initiative-opens-satellite-farm-inputs-depots/,https://kilimo.go.ke/wp-content/uploads/2025/09/Draft-National-Coffee-Policy-2024.pdf,https://osmnx.readthedocs.io/en/stable/user-reference.html,"Estimated for hackathon modelling; validate coordinates, stock and demand with field/OSMnx data before operational use"
R0496,2026,Kirinyaga,Coffee,D06,Kandongu DCC Office Satellite Depot,county_satellite,-0.64,37.35,NPK,4600,F26,Gathambi Coffee Factory,Mwirua FCS,-0.407649,37.374548,66705,23.8,5,119,457,200,1,25.98,35.07,60.1,6313.0,8,10,0.06,Low,D02,Kianyaga DCC Office Satellite Depot,estimated: haversine distance * 1.35 road factor; replace with OSMnx shortest_path,"estimated from AFA cherry weight proxy; assumed 2,800 kg cherry per acre; fertilizer rates from Draft National Coffee Policy",https://www.afa.go.ke/download/5226/?tmstv=1750232445,https://kirinyaga.go.ke/waiguru-launches-fertilizer-mashinani-initiative-opens-satellite-farm-inputs-depots/,https://kilimo.go.ke/wp-content/uploads/2025/09/Draft-National-Coffee-Policy-2024.pdf,https://osmnx.readthedocs.io/en/stable/user-reference.html,"Estimated for hackathon modelling; validate coordinates, stock and demand with field/OSMnx data before operational use"
R0497,2026,Kirinyaga,Coffee,D06,Kandongu DCC Office Satellite Depot,county_satellite,-0.64,37.35,CAN,4200,F26,Gathambi Coffee Factory,Mwirua FCS,-0.407649,37.374548,66705,23.8,6,143,457,200,1,25.98,35.07,60.1,6313.0,8,10,0.066,Low,D02,Kianyaga DCC Office Satellite Depot,estimated: haversine distance * 1.35 road factor; replace with OSMnx shortest_path,"estimated from AFA cherry weight proxy; assumed 2,800 kg cherry per acre; fertilizer rates from Draft National Coffee Policy",https://www.afa.go.ke/download/5226/?tmstv=1750232445,https://kirinyaga.go.ke/waiguru-launches-fertilizer-mashinani-initiative-opens-satellite-farm-inputs-depots/,https://kilimo.go.ke/wp-content/uploads/2025/09/Draft-National-Coffee-Policy-2024.pdf,https://osmnx.readthedocs.io/en/stable/user-reference.html,"Estimated for hackathon modelling; validate coordinates, stock and demand with field/OSMnx data before operational use"
R0498,2026,Kirinyaga,Coffee,D06,Kandongu DCC Office Satellite Depot,county_satellite,-0.64,37.35,Lime,3800,F26,Gathambi Coffee Factory,Mwirua FCS,-0.407649,37.374548,66705,23.8,5,119,457,200,1,25.98,35.07,60.1,6313.0,8,10,0.06,Low,D02,Kianyaga DCC Office Satellite Depot,estimated: haversine distance * 1.35 road factor; replace with OSMnx shortest_path,"estimated from AFA cherry weight proxy; assumed 2,800 kg cherry per acre; fertilizer rates from Draft National Coffee Policy",https://www.afa.go.ke/download/5226/?tmstv=1750232445,https://kirinyaga.go.ke/waiguru-launches-fertilizer-mashinani-initiative-opens-satellite-farm-inputs-depots/,https://kilimo.go.ke/wp-content/uploads/2025/09/Draft-National-Coffee-Policy-2024.pdf,https://osmnx.readthedocs.io/en/stable/user-reference.html,"Estimated for hackathon modelling; validate coordinates, stock and demand with field/OSMnx data before operational use"
R0499,2026,Kirinyaga,Coffee,D06,Kandongu DCC Office Satellite Depot,county_satellite,-0.64,37.35,NPK,4600,F27,Kagongo Coffee Factory,Baragwi FCS,-0.437165,37.363183,269086,96.1,5,481,1847,200,3,22.6,30.51,52.3,5492.0,8,10,0.132,Low,D02,Kianyaga DCC Office Satellite Depot,estimated: haversine distance * 1.35 road factor; replace with OSMnx shortest_path,"estimated from AFA cherry weight proxy; assumed 2,800 kg cherry per acre; fertilizer rates from Draft National Coffee Policy",https://www.afa.go.ke/download/5226/?tmstv=1750232445,https://kirinyaga.go.ke/waiguru-launches-fertilizer-mashinani-initiative-opens-satellite-farm-inputs-depots/,https://kilimo.go.ke/wp-content/uploads/2025/09/Draft-National-Coffee-Policy-2024.pdf,https://osmnx.readthedocs.io/en/stable/user-reference.html,"Estimated for hackathon modelling; validate coordinates, stock and demand with field/OSMnx data before operational use"
R0500,2026,Kirinyaga,Coffee,D06,Kandongu DCC Office Satellite Depot,county_satellite,-0.64,37.35,CAN,4200,F27,Kagongo Coffee Factory,Baragwi FCS,-0.437165,37.363183,269086,96.1,6,577,1847,200,3,22.6,30.51,52.3,5492.0,8,10,0.158,Low,D02,Kianyaga DCC Office Satellite Depot,estimated: haversine distance * 1.35 road factor; replace with OSMnx shortest_path,"estimated from AFA cherry weight proxy; assumed 2,800 kg cherry per acre; fertilizer rates from Draft National Coffee Policy",https://www.afa.go.ke/download/5226/?tmstv=1750232445,https://kirinyaga.go.ke/waiguru-launches-fertilizer-mashinani-initiative-opens-satellite-farm-inputs-depots/,https://kilimo.go.ke/wp-content/uploads/2025/09/Draft-National-Coffee-Policy-2024.pdf,https://osmnx.readthedocs.io/en/stable/user-reference.html,"Estimated for hackathon modelling; validate coordinates, stock and demand with field/OSMnx data before operational use"
R0501,2026,Kirinyaga,Coffee,D06,Kandongu DCC Office Satellite Depot,county_satellite,-0.64,37.35,Lime,3800,F27,Kagongo Coffee Factory,Baragwi FCS,-0.437165,37.363183,269086,96.1,5,481,1847,200,3,22.6,30.51,52.3,5492.0,8,10,0.132,Low,D02,Kianyaga DCC Office Satellite Depot,estimated: haversine distance * 1.35 road factor; replace with OSMnx shortest_path,"estimated from AFA cherry weight proxy; assumed 2,800 kg cherry per acre; fertilizer rates from Draft National Coffee Policy",https://www.afa.go.ke/download/5226/?tmstv=1750232445,https://kirinyaga.go.ke/waiguru-launches-fertilizer-mashinani-initiative-opens-satellite-farm-inputs-depots/,https://kilimo.go.ke/wp-content/uploads/2025/09/Draft-National-Coffee-Policy-2024.pdf,https://osmnx.readthedocs.io/en/stable/user-reference.html,"Estimated for hackathon modelling; validate coordinates, stock and demand with field/OSMnx data before operational use"
R0502,2026,Kirinyaga,Coffee,D06,Kandongu DCC Office Satellite Depot,county_satellite,-0.64,37.35,NPK,4600,F28,Thaita Coffee Factory,Inoi FCS,-0.50426,37.276546,981403,350.5,5,1753,6731,200,9,17.16,23.17,39.7,4170.0,8,10,0.478,High,D03,Kerugoya CC Office Satellite Depot,estimated: haversine distance * 1.35 road factor; replace with OSMnx shortest_path,"estimated from AFA cherry weight proxy; assumed 2,800 kg cherry per acre; fertilizer rates from Draft National Coffee Policy",https://www.afa.go.ke/download/5226/?tmstv=1750232445,https://kirinyaga.go.ke/waiguru-launches-fertilizer-mashinani-initiative-opens-satellite-farm-inputs-depots/,https://kilimo.go.ke/wp-content/uploads/2025/09/Draft-National-Coffee-Policy-2024.pdf,https://osmnx.readthedocs.io/en/stable/user-reference.html,"Estimated for hackathon modelling; validate coordinates, stock and demand with field/OSMnx data before operational use"
R0503,2026,Kirinyaga,Coffee,D06,Kandongu DCC Office Satellite Depot,county_satellite,-0.64,37.35,CAN,4200,F28,Thaita Coffee Factory,Inoi FCS,-0.50426,37.276546,981403,350.5,6,2103,6731,200,11,17.16,23.17,39.7,4170.0,8,10,0.572,High,D03,Kerugoya CC Office Satellite Depot,estimated: haversine distance * 1.35 road factor; replace with OSMnx shortest_path,"estimated from AFA cherry weight proxy; assumed 2,800 kg cherry per acre; fertilizer rates from Draft National Coffee Policy",https://www.afa.go.ke/download/5226/?tmstv=1750232445,https://kirinyaga.go.ke/waiguru-launches-fertilizer-mashinani-initiative-opens-satellite-farm-inputs-depots/,https://kilimo.go.ke/wp-content/uploads/2025/09/Draft-National-Coffee-Policy-2024.pdf,https://osmnx.readthedocs.io/en/stable/user-reference.html,"Estimated for hackathon modelling; validate coordinates, stock and demand with field/OSMnx data before operational use"
R0504,2026,Kirinyaga,Coffee,D06,Kandongu DCC Office Satellite Depot,county_satellite,-0.64,37.35,Lime,3800,F28,Thaita Coffee Factory,Inoi FCS,-0.50426,37.276546,981403,350.5,5,1753,6731,200,9,17.16,23.17,39.7,4170.0,8,10,0.478,High,D03,Kerugoya CC Office Satellite Depot,estimated: haversine distance * 1.35 road factor; replace with OSMnx shortest_path,"estimated from AFA cherry weight proxy; assumed 2,800 kg cherry per acre; fertilizer rates from Draft National Coffee Policy",https://www.afa.go.ke/download/5226/?tmstv=1750232445,https://kirinyaga.go.ke/waiguru-launches-fertilizer-mashinani-initiative-opens-satellite-farm-inputs-depots/,https://kilimo.go.ke/wp-content/uploads/2025/09/Draft-National-Coffee-Policy-2024.pdf,https://osmnx.readthedocs.io/en/stable/user-reference.html,"Estimated for hackathon modelling; validate coordinates, stock and demand with field/OSMnx data before operational use"
R0505,2026,Kirinyaga,Coffee,D07,Ciagini ACC Office Satellite Depot,county_satellite,-0.515,37.455,NPK,4900,F01,Kiangoi Coffee Factory,Rung'eto FCS,-0.501303,37.373625,69519,24.8,5,124,476,200,1,9.18,12.39,21.2,2230.0,8,10,0.092,Low,D02,Kianyaga DCC Office Satellite Depot,estimated: haversine distance * 1.35 road factor; replace with OSMnx shortest_path,"estimated from AFA cherry weight proxy; assumed 2,800 kg cherry per acre; fertilizer rates from Draft National Coffee Policy",https://www.afa.go.ke/download/5226/?tmstv=1750232445,https://kirinyaga.go.ke/waiguru-launches-fertilizer-mashinani-initiative-opens-satellite-farm-inputs-depots/,https://kilimo.go.ke/wp-content/uploads/2025/09/Draft-National-Coffee-Policy-2024.pdf,https://osmnx.readthedocs.io/en/stable/user-reference.html,"Estimated for hackathon modelling; validate coordinates, stock and demand with field/OSMnx data before operational use"
R0506,2026,Kirinyaga,Coffee,D07,Ciagini ACC Office Satellite Depot,county_satellite,-0.515,37.455,CAN,4550,F01,Kiangoi Coffee Factory,Rung'eto FCS,-0.501303,37.373625,69519,24.8,6,149,476,200,1,9.18,12.39,21.2,2230.0,8,10,0.098,Low,D02,Kianyaga DCC Office Satellite Depot,estimated: haversine distance * 1.35 road factor; replace with OSMnx shortest_path,"estimated from AFA cherry weight proxy; assumed 2,800 kg cherry per acre; fertilizer rates from Draft National Coffee Policy",https://www.afa.go.ke/download/5226/?tmstv=1750232445,https://kirinyaga.go.ke/waiguru-launches-fertilizer-mashinani-initiative-opens-satellite-farm-inputs-depots/,https://kilimo.go.ke/wp-content/uploads/2025/09/Draft-National-Coffee-Policy-2024.pdf,https://osmnx.readthedocs.io/en/stable/user-reference.html,"Estimated for hackathon modelling; validate coordinates, stock and demand with field/OSMnx data before operational use"
R0507,2026,Kirinyaga,Coffee,D07,Ciagini ACC Office Satellite Depot,county_satellite,-0.515,37.455,Lime,4050,F01,Kiangoi Coffee Factory,Rung'eto FCS,-0.501303,37.373625,69519,24.8,5,124,476,200,1,9.18,12.39,21.2,2230.0,8,10,0.092,Low,D02,Kianyaga DCC Office Satellite Depot,estimated: haversine distance * 1.35 road factor; replace with OSMnx shortest_path,"estimated from AFA cherry weight proxy; assumed 2,800 kg cherry per acre; fertilizer rates from Draft National Coffee Policy",https://www.afa.go.ke/download/5226/?tmstv=1750232445,https://kirinyaga.go.ke/waiguru-launches-fertilizer-mashinani-initiative-opens-satellite-farm-inputs-depots/,https://kilimo.go.ke/wp-content/uploads/2025/09/Draft-National-Coffee-Policy-2024.pdf,https://osmnx.readthedocs.io/en/stable/user-reference.html,"Estimated for hackathon modelling; validate coordinates, stock and demand with field/OSMnx data before operational use"
R0508,2026,Kirinyaga,Coffee,D07,Ciagini ACC Office Satellite Depot,county_satellite,-0.515,37.455,NPK,4900,F02,Kainamui Coffee Factory,New Ngariama FCS,-0.472125,37.459616,386496,138.0,5,690,2650,200,4,4.8,6.47,11.1,1165.0,8,10,0.225,Medium,D07,Ciagini ACC Office Satellite Depot,estimated: haversine distance * 1.35 road factor; replace with OSMnx shortest_path,"estimated from AFA cherry weight proxy; assumed 2,800 kg cherry per acre; fertilizer rates from Draft National Coffee Policy",https://www.afa.go.ke/download/5226/?tmstv=1750232445,https://kirinyaga.go.ke/waiguru-launches-fertilizer-mashinani-initiative-opens-satellite-farm-inputs-depots/,https://kilimo.go.ke/wp-content/uploads/2025/09/Draft-National-Coffee-Policy-2024.pdf,https://osmnx.readthedocs.io/en/stable/user-reference.html,"Estimated for hackathon modelling; validate coordinates, stock and demand with field/OSMnx data before operational use"
R0509,2026,Kirinyaga,Coffee,D07,Ciagini ACC Office Satellite Depot,county_satellite,-0.515,37.455,CAN,4550,F02,Kainamui Coffee Factory,New Ngariama FCS,-0.472125,37.459616,386496,138.0,6,828,2650,200,5,4.8,6.47,11.1,1165.0,8,10,0.262,Medium,D07,Ciagini ACC Office Satellite Depot,estimated: haversine distance * 1.35 road factor; replace with OSMnx shortest_path,"estimated from AFA cherry weight proxy; assumed 2,800 kg cherry per acre; fertilizer rates from Draft National Coffee Policy",https://www.afa.go.ke/download/5226/?tmstv=1750232445,https://kirinyaga.go.ke/waiguru-launches-fertilizer-mashinani-initiative-opens-satellite-farm-inputs-depots/,https://kilimo.go.ke/wp-content/uploads/2025/09/Draft-National-Coffee-Policy-2024.pdf,https://osmnx.readthedocs.io/en/stable/user-reference.html,"Estimated for hackathon modelling; validate coordinates, stock and demand with field/OSMnx data before operational use"
R0510,2026,Kirinyaga,Coffee,D07,Ciagini ACC Office Satellite Depot,county_satellite,-0.515,37.455,Lime,4050,F02,Kainamui Coffee Factory,New Ngariama FCS,-0.472125,37.459616,386496,138.0,5,690,2650,200,4,4.8,6.47,11.1,1165.0,8,10,0.225,Medium,D07,Ciagini ACC Office Satellite Depot,estimated: haversine distance * 1.35 road factor; replace with OSMnx shortest_path,"estimated from AFA cherry weight proxy; assumed 2,800 kg cherry per acre; fertilizer rates from Draft National Coffee Policy",https://www.afa.go.ke/download/5226/?tmstv=1750232445,https://kirinyaga.go.ke/waiguru-launches-fertilizer-mashinani-initiative-opens-satellite-farm-inputs-depots/,https://kilimo.go.ke/wp-content/uploads/2025/09/Draft-National-Coffee-Policy-2024.pdf,https://osmnx.readthedocs.io/en/stable/user-reference.html,"Estimated for hackathon modelling; validate coordinates, stock and demand with field/OSMnx data before operational use"
R0511,2026,Kirinyaga,Coffee,D07,Ciagini ACC Office Satellite Depot,county_satellite,-0.515,37.455,NPK,4900,F03,Kaguyu Coffee Factory,Inoi FCS,-0.503818,37.276883,213771,76.3,5,382,1466,200,2,19.84,26.79,45.9,4822.0,8,10,0.108,Low,D03,Kerugoya CC Office Satellite Depot,estimated: haversine distance * 1.35 road factor; replace with OSMnx shortest_path,"estimated from AFA cherry weight proxy; assumed 2,800 kg cherry per acre; fertilizer rates from Draft National Coffee Policy",https://www.afa.go.ke/download/5226/?tmstv=1750232445,https://kirinyaga.go.ke/waiguru-launches-fertilizer-mashinani-initiative-opens-satellite-farm-inputs-depots/,https://kilimo.go.ke/wp-content/uploads/2025/09/Draft-National-Coffee-Policy-2024.pdf,https://osmnx.readthedocs.io/en/stable/user-reference.html,"Estimated for hackathon modelling; validate coordinates, stock and demand with field/OSMnx data before operational use"
R0512,2026,Kirinyaga,Coffee,D07,Ciagini ACC Office Satellite Depot,county_satellite,-0.515,37.455,CAN,4550,F03,Kaguyu Coffee Factory,Inoi FCS,-0.503818,37.276883,213771,76.3,6,458,1466,200,3,19.84,26.79,45.9,4822.0,8,10,0.129,Low,D03,Kerugoya CC Office Satellite Depot,estimated: haversine distance * 1.35 road factor; replace with OSMnx shortest_path,"estimated from AFA cherry weight proxy; assumed 2,800 kg cherry per acre; fertilizer rates from Draft National Coffee Policy",https://www.afa.go.ke/download/5226/?tmstv=1750232445,https://kirinyaga.go.ke/waiguru-launches-fertilizer-mashinani-initiative-opens-satellite-farm-inputs-depots/,https://kilimo.go.ke/wp-content/uploads/2025/09/Draft-National-Coffee-Policy-2024.pdf,https://osmnx.readthedocs.io/en/stable/user-reference.html,"Estimated for hackathon modelling; validate coordinates, stock and demand with field/OSMnx data before operational use"
R0513,2026,Kirinyaga,Coffee,D07,Ciagini ACC Office Satellite Depot,county_satellite,-0.515,37.455,Lime,4050,F03,Kaguyu Coffee Factory,Inoi FCS,-0.503818,37.276883,213771,76.3,5,382,1466,200,2,19.84,26.79,45.9,4822.0,8,10,0.108,Low,D03,Kerugoya CC Office Satellite Depot,estimated: haversine distance * 1.35 road factor; replace with OSMnx shortest_path,"estimated from AFA cherry weight proxy; assumed 2,800 kg cherry per acre; fertilizer rates from Draft National Coffee Policy",https://www.afa.go.ke/download/5226/?tmstv=1750232445,https://kirinyaga.go.ke/waiguru-launches-fertilizer-mashinani-initiative-opens-satellite-farm-inputs-depots/,https://kilimo.go.ke/wp-content/uploads/2025/09/Draft-National-Coffee-Policy-2024.pdf,https://osmnx.readthedocs.io/en/stable/user-reference.html,"Estimated for hackathon modelling; validate coordinates, stock and demand with field/OSMnx data before operational use"
R0514,2026,Kirinyaga,Coffee,D07,Ciagini ACC Office Satellite Depot,county_satellite,-0.515,37.455,NPK,4900,F04,Kariko Coffee Factory,Inoi FCS,-0.497039,37.273935,800249,285.8,5,1429,5488,200,8,20.23,27.31,46.8,4916.0,8,10,0.391,Medium,D03,Kerugoya CC Office Satellite Depot,estimated: haversine distance * 1.35 road factor; replace with OSMnx shortest_path,"estimated from AFA cherry weight proxy; assumed 2,800 kg cherry per acre; fertilizer rates from Draft National Coffee Policy",https://www.afa.go.ke/download/5226/?tmstv=1750232445,https://kirinyaga.go.ke/waiguru-launches-fertilizer-mashinani-initiative-opens-satellite-farm-inputs-depots/,https://kilimo.go.ke/wp-content/uploads/2025/09/Draft-National-Coffee-Policy-2024.pdf,https://osmnx.readthedocs.io/en/stable/user-reference.html,"Estimated for hackathon modelling; validate coordinates, stock and demand with field/OSMnx data before operational use"
R0515,2026,Kirinyaga,Coffee,D07,Ciagini ACC Office Satellite Depot,county_satellite,-0.515,37.455,CAN,4550,F04,Kariko Coffee Factory,Inoi FCS,-0.497039,37.273935,800249,285.8,6,1715,5488,200,9,20.23,27.31,46.8,4916.0,8,10,0.468,High,D03,Kerugoya CC Office Satellite Depot,estimated: haversine distance * 1.35 road factor; replace with OSMnx shortest_path,"estimated from AFA cherry weight proxy; assumed 2,800 kg cherry per acre; fertilizer rates from Draft National Coffee Policy",https://www.afa.go.ke/download/5226/?tmstv=1750232445,https://kirinyaga.go.ke/waiguru-launches-fertilizer-mashinani-initiative-opens-satellite-farm-inputs-depots/,https://kilimo.go.ke/wp-content/uploads/2025/09/Draft-National-Coffee-Policy-2024.pdf,https://osmnx.readthedocs.io/en/stable/user-reference.html,"Estimated for hackathon modelling; validate coordinates, stock and demand with field/OSMnx data before operational use"
R0516,2026,Kirinyaga,Coffee,D07,Ciagini ACC Office Satellite Depot,county_satellite,-0.515,37.455,Lime,4050,F04,Kariko Coffee Factory,Inoi FCS,-0.497039,37.273935,800249,285.8,5,1429,5488,200,8,20.23,27.31,46.8,4916.0,8,10,0.391,Medium,D03,Kerugoya CC Office Satellite Depot,estimated: haversine distance * 1.35 road factor; replace with OSMnx shortest_path,"estimated from AFA cherry weight proxy; assumed 2,800 kg cherry per acre; fertilizer rates from Draft National Coffee Policy",https://www.afa.go.ke/download/5226/?tmstv=1750232445,https://kirinyaga.go.ke/waiguru-launches-fertilizer-mashinani-initiative-opens-satellite-farm-inputs-depots/,https://kilimo.go.ke/wp-content/uploads/2025/09/Draft-National-Coffee-Policy-2024.pdf,https://osmnx.readthedocs.io/en/stable/user-reference.html,"Estimated for hackathon modelling; validate coordinates, stock and demand with field/OSMnx data before operational use"
R0517,2026,Kirinyaga,Coffee,D07,Ciagini ACC Office Satellite Depot,county_satellite,-0.515,37.455,NPK,4900,F05,Mushagara Coffee Factory,Baragwi FCS,-0.41839,37.358649,657558,234.8,5,1174,4508,200,6,15.17,20.48,35.1,3687.0,8,10,0.334,Medium,D02,Kianyaga DCC Office Satellite Depot,estimated: haversine distance * 1.35 road factor; replace with OSMnx shortest_path,"estimated from AFA cherry weight proxy; assumed 2,800 kg cherry per acre; fertilizer rates from Draft National Coffee Policy",https://www.afa.go.ke/download/5226/?tmstv=1750232445,https://kirinyaga.go.ke/waiguru-launches-fertilizer-mashinani-initiative-opens-satellite-farm-inputs-depots/,https://kilimo.go.ke/wp-content/uploads/2025/09/Draft-National-Coffee-Policy-2024.pdf,https://osmnx.readthedocs.io/en/stable/user-reference.html,"Estimated for hackathon modelling; validate coordinates, stock and demand with field/OSMnx data before operational use"
R0518,2026,Kirinyaga,Coffee,D07,Ciagini ACC Office Satellite Depot,county_satellite,-0.515,37.455,CAN,4550,F05,Mushagara Coffee Factory,Baragwi FCS,-0.41839,37.358649,657558,234.8,6,1409,4508,200,8,15.17,20.48,35.1,3687.0,8,10,0.397,Medium,D02,Kianyaga DCC Office Satellite Depot,estimated: haversine distance * 1.35 road factor; replace with OSMnx shortest_path,"estimated from AFA cherry weight proxy; assumed 2,800 kg cherry per acre; fertilizer rates from Draft National Coffee Policy",https://www.afa.go.ke/download/5226/?tmstv=1750232445,https://kirinyaga.go.ke/waiguru-launches-fertilizer-mashinani-initiative-opens-satellite-farm-inputs-depots/,https://kilimo.go.ke/wp-content/uploads/2025/09/Draft-National-Coffee-Policy-2024.pdf,https://osmnx.readthedocs.io/en/stable/user-reference.html,"Estimated for hackathon modelling; validate coordinates, stock and demand with field/OSMnx data before operational use"
R0519,2026,Kirinyaga,Coffee,D07,Ciagini ACC Office Satellite Depot,county_satellite,-0.515,37.455,Lime,4050,F05,Mushagara Coffee Factory,Baragwi FCS,-0.41839,37.358649,657558,234.8,5,1174,4508,200,6,15.17,20.48,35.1,3687.0,8,10,0.334,Medium,D02,Kianyaga DCC Office Satellite Depot,estimated: haversine distance * 1.35 road factor; replace with OSMnx shortest_path,"estimated from AFA cherry weight proxy; assumed 2,800 kg cherry per acre; fertilizer rates from Draft National Coffee Policy",https://www.afa.go.ke/download/5226/?tmstv=1750232445,https://kirinyaga.go.ke/waiguru-launches-fertilizer-mashinani-initiative-opens-satellite-farm-inputs-depots/,https://kilimo.go.ke/wp-content/uploads/2025/09/Draft-National-Coffee-Policy-2024.pdf,https://osmnx.readthedocs.io/en/stable/user-reference.html,"Estimated for hackathon modelling; validate coordinates, stock and demand with field/OSMnx data before operational use"
R0520,2026,Kirinyaga,Coffee,D07,Ciagini ACC Office Satellite Depot,county_satellite,-0.515,37.455,NPK,4900,F06,Gachami Coffee Factory,Baragwi FCS,-0.443407,37.368027,1318667,471.0,5,2355,9043,200,12,12.53,16.91,29.0,3044.0,8,10,0.64,High,D02,Kianyaga DCC Office Satellite Depot,estimated: haversine distance * 1.35 road factor; replace with OSMnx shortest_path,"estimated from AFA cherry weight proxy; assumed 2,800 kg cherry per acre; fertilizer rates from Draft National Coffee Policy",https://www.afa.go.ke/download/5226/?tmstv=1750232445,https://kirinyaga.go.ke/waiguru-launches-fertilizer-mashinani-initiative-opens-satellite-farm-inputs-depots/,https://kilimo.go.ke/wp-content/uploads/2025/09/Draft-National-Coffee-Policy-2024.pdf,https://osmnx.readthedocs.io/en/stable/user-reference.html,"Estimated for hackathon modelling; validate coordinates, stock and demand with field/OSMnx data before operational use"
R0521,2026,Kirinyaga,Coffee,D07,Ciagini ACC Office Satellite Depot,county_satellite,-0.515,37.455,CAN,4550,F06,Gachami Coffee Factory,Baragwi FCS,-0.443407,37.368027,1318667,471.0,6,2826,9043,200,15,12.53,16.91,29.0,3044.0,8,10,0.706,High,D02,Kianyaga DCC Office Satellite Depot,estimated: haversine distance * 1.35 road factor; replace with OSMnx shortest_path,"estimated from AFA cherry weight proxy; assumed 2,800 kg cherry per acre; fertilizer rates from Draft National Coffee Policy",https://www.afa.go.ke/download/5226/?tmstv=1750232445,https://kirinyaga.go.ke/waiguru-launches-fertilizer-mashinani-initiative-opens-satellite-farm-inputs-depots/,https://kilimo.go.ke/wp-content/uploads/2025/09/Draft-National-Coffee-Policy-2024.pdf,https://osmnx.readthedocs.io/en/stable/user-reference.html,"Estimated for hackathon modelling; validate coordinates, stock and demand with field/OSMnx data before operational use"
R0522,2026,Kirinyaga,Coffee,D07,Ciagini ACC Office Satellite Depot,county_satellite,-0.515,37.455,Lime,4050,F06,Gachami Coffee Factory,Baragwi FCS,-0.443407,37.368027,1318667,471.0,5,2355,9043,200,12,12.53,16.91,29.0,3044.0,8,10,0.64,High,D02,Kianyaga DCC Office Satellite Depot,estimated: haversine distance * 1.35 road factor; replace with OSMnx shortest_path,"estimated from AFA cherry weight proxy; assumed 2,800 kg cherry per acre; fertilizer rates from Draft National Coffee Policy",https://www.afa.go.ke/download/5226/?tmstv=1750232445,https://kirinyaga.go.ke/waiguru-launches-fertilizer-mashinani-initiative-opens-satellite-farm-inputs-depots/,https://kilimo.go.ke/wp-content/uploads/2025/09/Draft-National-Coffee-Policy-2024.pdf,https://osmnx.readthedocs.io/en/stable/user-reference.html,"Estimated for hackathon modelling; validate coordinates, stock and demand with field/OSMnx data before operational use"
R0523,2026,Kirinyaga,Coffee,D07,Ciagini ACC Office Satellite Depot,county_satellite,-0.515,37.455,NPK,4900,F07,Konyu Coffee Factory,Kabare FCS,-0.543367,37.326494,193060,69.0,5,345,1325,200,2,14.63,19.75,33.9,3556.0,8,10,0.12,Low,D05,Baricho DCC Office Satellite Depot,estimated: haversine distance * 1.35 road factor; replace with OSMnx shortest_path,"estimated from AFA cherry weight proxy; assumed 2,800 kg cherry per acre; fertilizer rates from Draft National Coffee Policy",https://www.afa.go.ke/download/5226/?tmstv=1750232445,https://kirinyaga.go.ke/waiguru-launches-fertilizer-mashinani-initiative-opens-satellite-farm-inputs-depots/,https://kilimo.go.ke/wp-content/uploads/2025/09/Draft-National-Coffee-Policy-2024.pdf,https://osmnx.readthedocs.io/en/stable/user-reference.html,"Estimated for hackathon modelling; validate coordinates, stock and demand with field/OSMnx data before operational use"
R0524,2026,Kirinyaga,Coffee,D07,Ciagini ACC Office Satellite Depot,county_satellite,-0.515,37.455,CAN,4550,F07,Konyu Coffee Factory,Kabare FCS,-0.543367,37.326494,193060,69.0,6,414,1325,200,3,14.63,19.75,33.9,3556.0,8,10,0.138,Low,D05,Baricho DCC Office Satellite Depot,estimated: haversine distance * 1.35 road factor; replace with OSMnx shortest_path,"estimated from AFA cherry weight proxy; assumed 2,800 kg cherry per acre; fertilizer rates from Draft National Coffee Policy",https://www.afa.go.ke/download/5226/?tmstv=1750232445,https://kirinyaga.go.ke/waiguru-launches-fertilizer-mashinani-initiative-opens-satellite-farm-inputs-depots/,https://kilimo.go.ke/wp-content/uploads/2025/09/Draft-National-Coffee-Policy-2024.pdf,https://osmnx.readthedocs.io/en/stable/user-reference.html,"Estimated for hackathon modelling; validate coordinates, stock and demand with field/OSMnx data before operational use"
R0525,2026,Kirinyaga,Coffee,D07,Ciagini ACC Office Satellite Depot,county_satellite,-0.515,37.455,Lime,4050,F07,Konyu Coffee Factory,Kabare FCS,-0.543367,37.326494,193060,69.0,5,345,1325,200,2,14.63,19.75,33.9,3556.0,8,10,0.12,Low,D05,Baricho DCC Office Satellite Depot,estimated: haversine distance * 1.35 road factor; replace with OSMnx shortest_path,"estimated from AFA cherry weight proxy; assumed 2,800 kg cherry per acre; fertilizer rates from Draft National Coffee Policy",https://www.afa.go.ke/download/5226/?tmstv=1750232445,https://kirinyaga.go.ke/waiguru-launches-fertilizer-mashinani-initiative-opens-satellite-farm-inputs-depots/,https://kilimo.go.ke/wp-content/uploads/2025/09/Draft-National-Coffee-Policy-2024.pdf,https://osmnx.readthedocs.io/en/stable/user-reference.html,"Estimated for hackathon modelling; validate coordinates, stock and demand with field/OSMnx data before operational use"
R0526,2026,Kirinyaga,Coffee,D07,Ciagini ACC Office Satellite Depot,county_satellite,-0.515,37.455,NPK,4900,F08,Thunguri Coffee Factory,Kibirigwi FCS,-0.559251,37.158225,842805,301.0,5,1505,5779,200,8,33.36,45.04,77.2,8107.0,8,10,0.51,High,D09,Sagana NCPB Depot,estimated: haversine distance * 1.35 road factor; replace with OSMnx shortest_path,"estimated from AFA cherry weight proxy; assumed 2,800 kg cherry per acre; fertilizer rates from Draft National Coffee Policy",https://www.afa.go.ke/download/5226/?tmstv=1750232445,https://kirinyaga.go.ke/waiguru-launches-fertilizer-mashinani-initiative-opens-satellite-farm-inputs-depots/,https://kilimo.go.ke/wp-content/uploads/2025/09/Draft-National-Coffee-Policy-2024.pdf,https://osmnx.readthedocs.io/en/stable/user-reference.html,"Estimated for hackathon modelling; validate coordinates, stock and demand with field/OSMnx data before operational use"
R0527,2026,Kirinyaga,Coffee,D07,Ciagini ACC Office Satellite Depot,county_satellite,-0.515,37.455,CAN,4550,F08,Thunguri Coffee Factory,Kibirigwi FCS,-0.559251,37.158225,842805,301.0,6,1806,5779,200,10,33.36,45.04,77.2,8107.0,8,10,0.591,High,D09,Sagana NCPB Depot,estimated: haversine distance * 1.35 road factor; replace with OSMnx shortest_path,"estimated from AFA cherry weight proxy; assumed 2,800 kg cherry per acre; fertilizer rates from Draft National Coffee Policy",https://www.afa.go.ke/download/5226/?tmstv=1750232445,https://kirinyaga.go.ke/waiguru-launches-fertilizer-mashinani-initiative-opens-satellite-farm-inputs-depots/,https://kilimo.go.ke/wp-content/uploads/2025/09/Draft-National-Coffee-Policy-2024.pdf,https://osmnx.readthedocs.io/en/stable/user-reference.html,"Estimated for hackathon modelling; validate coordinates, stock and demand with field/OSMnx data before operational use"
R0528,2026,Kirinyaga,Coffee,D07,Ciagini ACC Office Satellite Depot,county_satellite,-0.515,37.455,Lime,4050,F08,Thunguri Coffee Factory,Kibirigwi FCS,-0.559251,37.158225,842805,301.0,5,1505,5779,200,8,33.36,45.04,77.2,8107.0,8,10,0.51,High,D09,Sagana NCPB Depot,estimated: haversine distance * 1.35 road factor; replace with OSMnx shortest_path,"estimated from AFA cherry weight proxy; assumed 2,800 kg cherry per acre; fertilizer rates from Draft National Coffee Policy",https://www.afa.go.ke/download/5226/?tmstv=1750232445,https://kirinyaga.go.ke/waiguru-launches-fertilizer-mashinani-initiative-opens-satellite-farm-inputs-depots/,https://kilimo.go.ke/wp-content/uploads/2025/09/Draft-National-Coffee-Policy-2024.pdf,https://osmnx.readthedocs.io/en/stable/user-reference.html,"Estimated for hackathon modelling; validate coordinates, stock and demand with field/OSMnx data before operational use"
R0529,2026,Kirinyaga,Coffee,D07,Ciagini ACC Office Satellite Depot,county_satellite,-0.515,37.455,NPK,4900,F09,Kiandieri Coffee Factory,Inoi FCS,-0.500398,37.283446,98015,35.0,5,175,672,200,1,19.14,25.84,44.3,4652.0,8,10,0.05,Low,D03,Kerugoya CC Office Satellite Depot,estimated: haversine distance * 1.35 road factor; replace with OSMnx shortest_path,"estimated from AFA cherry weight proxy; assumed 2,800 kg cherry per acre; fertilizer rates from Draft National Coffee Policy",https://www.afa.go.ke/download/5226/?tmstv=1750232445,https://kirinyaga.go.ke/waiguru-launches-fertilizer-mashinani-initiative-opens-satellite-farm-inputs-depots/,https://kilimo.go.ke/wp-content/uploads/2025/09/Draft-National-Coffee-Policy-2024.pdf,https://osmnx.readthedocs.io/en/stable/user-reference.html,"Estimated for hackathon modelling; validate coordinates, stock and demand with field/OSMnx data before operational use"
R0530,2026,Kirinyaga,Coffee,D07,Ciagini ACC Office Satellite Depot,county_satellite,-0.515,37.455,CAN,4550,F09,Kiandieri Coffee Factory,Inoi FCS,-0.500398,37.283446,98015,35.0,6,210,672,200,2,19.14,25.84,44.3,4652.0,8,10,0.06,Low,D03,Kerugoya CC Office Satellite Depot,estimated: haversine distance * 1.35 road factor; replace with OSMnx shortest_path,"estimated from AFA cherry weight proxy; assumed 2,800 kg cherry per acre; fertilizer rates from Draft National Coffee Policy",https://www.afa.go.ke/download/5226/?tmstv=1750232445,https://kirinyaga.go.ke/waiguru-launches-fertilizer-mashinani-initiative-opens-satellite-farm-inputs-depots/,https://kilimo.go.ke/wp-content/uploads/2025/09/Draft-National-Coffee-Policy-2024.pdf,https://osmnx.readthedocs.io/en/stable/user-reference.html,"Estimated for hackathon modelling; validate coordinates, stock and demand with field/OSMnx data before operational use"
R0531,2026,Kirinyaga,Coffee,D07,Ciagini ACC Office Satellite Depot,county_satellite,-0.515,37.455,Lime,4050,F09,Kiandieri Coffee Factory,Inoi FCS,-0.500398,37.283446,98015,35.0,5,175,672,200,1,19.14,25.84,44.3,4652.0,8,10,0.05,Low,D03,Kerugoya CC Office Satellite Depot,estimated: haversine distance * 1.35 road factor; replace with OSMnx shortest_path,"estimated from AFA cherry weight proxy; assumed 2,800 kg cherry per acre; fertilizer rates from Draft National Coffee Policy",https://www.afa.go.ke/download/5226/?tmstv=1750232445,https://kirinyaga.go.ke/waiguru-launches-fertilizer-mashinani-initiative-opens-satellite-farm-inputs-depots/,https://kilimo.go.ke/wp-content/uploads/2025/09/Draft-National-Coffee-Policy-2024.pdf,https://osmnx.readthedocs.io/en/stable/user-reference.html,"Estimated for hackathon modelling; validate coordinates, stock and demand with field/OSMnx data before operational use"
R0532,2026,Kirinyaga,Coffee,D07,Ciagini ACC Office Satellite Depot,county_satellite,-0.515,37.455,NPK,4900,F10,Rutui Coffee Factory,Inoi FCS,-0.491453,37.280532,202521,72.3,5,362,1390,200,2,19.58,26.43,45.3,4757.0,8,10,0.104,Low,D03,Kerugoya CC Office Satellite Depot,estimated: haversine distance * 1.35 road factor; replace with OSMnx shortest_path,"estimated from AFA cherry weight proxy; assumed 2,800 kg cherry per acre; fertilizer rates from Draft National Coffee Policy",https://www.afa.go.ke/download/5226/?tmstv=1750232445,https://kirinyaga.go.ke/waiguru-launches-fertilizer-mashinani-initiative-opens-satellite-farm-inputs-depots/,https://kilimo.go.ke/wp-content/uploads/2025/09/Draft-National-Coffee-Policy-2024.pdf,https://osmnx.readthedocs.io/en/stable/user-reference.html,"Estimated for hackathon modelling; validate coordinates, stock and demand with field/OSMnx data before operational use"
R0533,2026,Kirinyaga,Coffee,D07,Ciagini ACC Office Satellite Depot,county_satellite,-0.515,37.455,CAN,4550,F10,Rutui Coffee Factory,Inoi FCS,-0.491453,37.280532,202521,72.3,6,434,1390,200,3,19.58,26.43,45.3,4757.0,8,10,0.124,Low,D03,Kerugoya CC Office Satellite Depot,estimated: haversine distance * 1.35 road factor; replace with OSMnx shortest_path,"estimated from AFA cherry weight proxy; assumed 2,800 kg cherry per acre; fertilizer rates from Draft National Coffee Policy",https://www.afa.go.ke/download/5226/?tmstv=1750232445,https://kirinyaga.go.ke/waiguru-launches-fertilizer-mashinani-initiative-opens-satellite-farm-inputs-depots/,https://kilimo.go.ke/wp-content/uploads/2025/09/Draft-National-Coffee-Policy-2024.pdf,https://osmnx.readthedocs.io/en/stable/user-reference.html,"Estimated for hackathon modelling; validate coordinates, stock and demand with field/OSMnx data before operational use"
R0534,2026,Kirinyaga,Coffee,D07,Ciagini ACC Office Satellite Depot,county_satellite,-0.515,37.455,Lime,4050,F10,Rutui Coffee Factory,Inoi FCS,-0.491453,37.280532,202521,72.3,5,362,1390,200,2,19.58,26.43,45.3,4757.0,8,10,0.104,Low,D03,Kerugoya CC Office Satellite Depot,estimated: haversine distance * 1.35 road factor; replace with OSMnx shortest_path,"estimated from AFA cherry weight proxy; assumed 2,800 kg cherry per acre; fertilizer rates from Draft National Coffee Policy",https://www.afa.go.ke/download/5226/?tmstv=1750232445,https://kirinyaga.go.ke/waiguru-launches-fertilizer-mashinani-initiative-opens-satellite-farm-inputs-depots/,https://kilimo.go.ke/wp-content/uploads/2025/09/Draft-National-Coffee-Policy-2024.pdf,https://osmnx.readthedocs.io/en/stable/user-reference.html,"Estimated for hackathon modelling; validate coordinates, stock and demand with field/OSMnx data before operational use"
R0535,2026,Kirinyaga,Coffee,D07,Ciagini ACC Office Satellite Depot,county_satellite,-0.515,37.455,NPK,4900,F11,Kiang'ombe Coffee Factory,Kabare FCS,-0.545471,37.335991,421153,150.4,5,752,2887,200,4,13.66,18.44,31.6,3319.0,8,10,0.225,Medium,D05,Baricho DCC Office Satellite Depot,estimated: haversine distance * 1.35 road factor; replace with OSMnx shortest_path,"estimated from AFA cherry weight proxy; assumed 2,800 kg cherry per acre; fertilizer rates from Draft National Coffee Policy",https://www.afa.go.ke/download/5226/?tmstv=1750232445,https://kirinyaga.go.ke/waiguru-launches-fertilizer-mashinani-initiative-opens-satellite-farm-inputs-depots/,https://kilimo.go.ke/wp-content/uploads/2025/09/Draft-National-Coffee-Policy-2024.pdf,https://osmnx.readthedocs.io/en/stable/user-reference.html,"Estimated for hackathon modelling; validate coordinates, stock and demand with field/OSMnx data before operational use"
R0536,2026,Kirinyaga,Coffee,D07,Ciagini ACC Office Satellite Depot,county_satellite,-0.515,37.455,CAN,4550,F11,Kiang'ombe Coffee Factory,Kabare FCS,-0.545471,37.335991,421153,150.4,6,902,2887,200,5,13.66,18.44,31.6,3319.0,8,10,0.265,Medium,D05,Baricho DCC Office Satellite Depot,estimated: haversine distance * 1.35 road factor; replace with OSMnx shortest_path,"estimated from AFA cherry weight proxy; assumed 2,800 kg cherry per acre; fertilizer rates from Draft National Coffee Policy",https://www.afa.go.ke/download/5226/?tmstv=1750232445,https://kirinyaga.go.ke/waiguru-launches-fertilizer-mashinani-initiative-opens-satellite-farm-inputs-depots/,https://kilimo.go.ke/wp-content/uploads/2025/09/Draft-National-Coffee-Policy-2024.pdf,https://osmnx.readthedocs.io/en/stable/user-reference.html,"Estimated for hackathon modelling; validate coordinates, stock and demand with field/OSMnx data before operational use"
R0537,2026,Kirinyaga,Coffee,D07,Ciagini ACC Office Satellite Depot,county_satellite,-0.515,37.455,Lime,4050,F11,Kiang'ombe Coffee Factory,Kabare FCS,-0.545471,37.335991,421153,150.4,5,752,2887,200,4,13.66,18.44,31.6,3319.0,8,10,0.225,Medium,D05,Baricho DCC Office Satellite Depot,estimated: haversine distance * 1.35 road factor; replace with OSMnx shortest_path,"estimated from AFA cherry weight proxy; assumed 2,800 kg cherry per acre; fertilizer rates from Draft National Coffee Policy",https://www.afa.go.ke/download/5226/?tmstv=1750232445,https://kirinyaga.go.ke/waiguru-launches-fertilizer-mashinani-initiative-opens-satellite-farm-inputs-depots/,https://kilimo.go.ke/wp-content/uploads/2025/09/Draft-National-Coffee-Policy-2024.pdf,https://osmnx.readthedocs.io/en/stable/user-reference.html,"Estimated for hackathon modelling; validate coordinates, stock and demand with field/OSMnx data before operational use"
R0538,2026,Kirinyaga,Coffee,D07,Ciagini ACC Office Satellite Depot,county_satellite,-0.515,37.455,NPK,4900,F12,Guama Coffee Factory,Baragwi FCS,-0.436799,37.373277,640750,228.8,5,1144,4393,200,6,12.58,16.98,29.1,3056.0,8,10,0.315,Medium,D02,Kianyaga DCC Office Satellite Depot,estimated: haversine distance * 1.35 road factor; replace with OSMnx shortest_path,"estimated from AFA cherry weight proxy; assumed 2,800 kg cherry per acre; fertilizer rates from Draft National Coffee Policy",https://www.afa.go.ke/download/5226/?tmstv=1750232445,https://kirinyaga.go.ke/waiguru-launches-fertilizer-mashinani-initiative-opens-satellite-farm-inputs-depots/,https://kilimo.go.ke/wp-content/uploads/2025/09/Draft-National-Coffee-Policy-2024.pdf,https://osmnx.readthedocs.io/en/stable/user-reference.html,"Estimated for hackathon modelling; validate coordinates, stock and demand with field/OSMnx data before operational use"
R0539,2026,Kirinyaga,Coffee,D07,Ciagini ACC Office Satellite Depot,county_satellite,-0.515,37.455,CAN,4550,F12,Guama Coffee Factory,Baragwi FCS,-0.436799,37.373277,640750,228.8,6,1373,4393,200,7,12.58,16.98,29.1,3056.0,8,10,0.376,Medium,D02,Kianyaga DCC Office Satellite Depot,estimated: haversine distance * 1.35 road factor; replace with OSMnx shortest_path,"estimated from AFA cherry weight proxy; assumed 2,800 kg cherry per acre; fertilizer rates from Draft National Coffee Policy",https://www.afa.go.ke/download/5226/?tmstv=1750232445,https://kirinyaga.go.ke/waiguru-launches-fertilizer-mashinani-initiative-opens-satellite-farm-inputs-depots/,https://kilimo.go.ke/wp-content/uploads/2025/09/Draft-National-Coffee-Policy-2024.pdf,https://osmnx.readthedocs.io/en/stable/user-reference.html,"Estimated for hackathon modelling; validate coordinates, stock and demand with field/OSMnx data before operational use"
R0540,2026,Kirinyaga,Coffee,D07,Ciagini ACC Office Satellite Depot,county_satellite,-0.515,37.455,Lime,4050,F12,Guama Coffee Factory,Baragwi FCS,-0.436799,37.373277,640750,228.8,5,1144,4393,200,6,12.58,16.98,29.1,3056.0,8,10,0.315,Medium,D02,Kianyaga DCC Office Satellite Depot,estimated: haversine distance * 1.35 road factor; replace with OSMnx shortest_path,"estimated from AFA cherry weight proxy; assumed 2,800 kg cherry per acre; fertilizer rates from Draft National Coffee Policy",https://www.afa.go.ke/download/5226/?tmstv=1750232445,https://kirinyaga.go.ke/waiguru-launches-fertilizer-mashinani-initiative-opens-satellite-farm-inputs-depots/,https://kilimo.go.ke/wp-content/uploads/2025/09/Draft-National-Coffee-Policy-2024.pdf,https://osmnx.readthedocs.io/en/stable/user-reference.html,"Estimated for hackathon modelling; validate coordinates, stock and demand with field/OSMnx data before operational use"
R0541,2026,Kirinyaga,Coffee,D07,Ciagini ACC Office Satellite Depot,county_satellite,-0.515,37.455,NPK,4900,F13,Kiri Coffee Factory,Ngiriambu FCS,-0.442714,37.429183,304470,108.7,5,544,2088,200,3,8.54,11.52,19.8,2074.0,8,10,0.204,Low,D02,Kianyaga DCC Office Satellite Depot,estimated: haversine distance * 1.35 road factor; replace with OSMnx shortest_path,"estimated from AFA cherry weight proxy; assumed 2,800 kg cherry per acre; fertilizer rates from Draft National Coffee Policy",https://www.afa.go.ke/download/5226/?tmstv=1750232445,https://kirinyaga.go.ke/waiguru-launches-fertilizer-mashinani-initiative-opens-satellite-farm-inputs-depots/,https://kilimo.go.ke/wp-content/uploads/2025/09/Draft-National-Coffee-Policy-2024.pdf,https://osmnx.readthedocs.io/en/stable/user-reference.html,"Estimated for hackathon modelling; validate coordinates, stock and demand with field/OSMnx data before operational use"
R0542,2026,Kirinyaga,Coffee,D07,Ciagini ACC Office Satellite Depot,county_satellite,-0.515,37.455,CAN,4550,F13,Kiri Coffee Factory,Ngiriambu FCS,-0.442714,37.429183,304470,108.7,6,652,2088,200,4,8.54,11.52,19.8,2074.0,8,10,0.233,Medium,D02,Kianyaga DCC Office Satellite Depot,estimated: haversine distance * 1.35 road factor; replace with OSMnx shortest_path,"estimated from AFA cherry weight proxy; assumed 2,800 kg cherry per acre; fertilizer rates from Draft National Coffee Policy",https://www.afa.go.ke/download/5226/?tmstv=1750232445,https://kirinyaga.go.ke/waiguru-launches-fertilizer-mashinani-initiative-opens-satellite-farm-inputs-depots/,https://kilimo.go.ke/wp-content/uploads/2025/09/Draft-National-Coffee-Policy-2024.pdf,https://osmnx.readthedocs.io/en/stable/user-reference.html,"Estimated for hackathon modelling; validate coordinates, stock and demand with field/OSMnx data before operational use"
R0543,2026,Kirinyaga,Coffee,D07,Ciagini ACC Office Satellite Depot,county_satellite,-0.515,37.455,Lime,4050,F13,Kiri Coffee Factory,Ngiriambu FCS,-0.442714,37.429183,304470,108.7,5,544,2088,200,3,8.54,11.52,19.8,2074.0,8,10,0.204,Low,D02,Kianyaga DCC Office Satellite Depot,estimated: haversine distance * 1.35 road factor; replace with OSMnx shortest_path,"estimated from AFA cherry weight proxy; assumed 2,800 kg cherry per acre; fertilizer rates from Draft National Coffee Policy",https://www.afa.go.ke/download/5226/?tmstv=1750232445,https://kirinyaga.go.ke/waiguru-launches-fertilizer-mashinani-initiative-opens-satellite-farm-inputs-depots/,https://kilimo.go.ke/wp-content/uploads/2025/09/Draft-National-Coffee-Policy-2024.pdf,https://osmnx.readthedocs.io/en/stable/user-reference.html,"Estimated for hackathon modelling; validate coordinates, stock and demand with field/OSMnx data before operational use"
R0544,2026,Kirinyaga,Coffee,D07,Ciagini ACC Office Satellite Depot,county_satellite,-0.515,37.455,NPK,4900,F14,Kiangothe Coffee Factory,Kabare FCS,-0.531036,37.332984,377824,134.9,5,675,2592,200,4,13.68,18.47,31.7,3325.0,8,10,0.217,Medium,D05,Baricho DCC Office Satellite Depot,estimated: haversine distance * 1.35 road factor; replace with OSMnx shortest_path,"estimated from AFA cherry weight proxy; assumed 2,800 kg cherry per acre; fertilizer rates from Draft National Coffee Policy",https://www.afa.go.ke/download/5226/?tmstv=1750232445,https://kirinyaga.go.ke/waiguru-launches-fertilizer-mashinani-initiative-opens-satellite-farm-inputs-depots/,https://kilimo.go.ke/wp-content/uploads/2025/09/Draft-National-Coffee-Policy-2024.pdf,https://osmnx.readthedocs.io/en/stable/user-reference.html,"Estimated for hackathon modelling; validate coordinates, stock and demand with field/OSMnx data before operational use"
R0545,2026,Kirinyaga,Coffee,D07,Ciagini ACC Office Satellite Depot,county_satellite,-0.515,37.455,CAN,4550,F14,Kiangothe Coffee Factory,Kabare FCS,-0.531036,37.332984,377824,134.9,6,810,2592,200,5,13.68,18.47,31.7,3325.0,8,10,0.254,Medium,D05,Baricho DCC Office Satellite Depot,estimated: haversine distance * 1.35 road factor; replace with OSMnx shortest_path,"estimated from AFA cherry weight proxy; assumed 2,800 kg cherry per acre; fertilizer rates from Draft National Coffee Policy",https://www.afa.go.ke/download/5226/?tmstv=1750232445,https://kirinyaga.go.ke/waiguru-launches-fertilizer-mashinani-initiative-opens-satellite-farm-inputs-depots/,https://kilimo.go.ke/wp-content/uploads/2025/09/Draft-National-Coffee-Policy-2024.pdf,https://osmnx.readthedocs.io/en/stable/user-reference.html,"Estimated for hackathon modelling; validate coordinates, stock and demand with field/OSMnx data before operational use"
R0546,2026,Kirinyaga,Coffee,D07,Ciagini ACC Office Satellite Depot,county_satellite,-0.515,37.455,Lime,4050,F14,Kiangothe Coffee Factory,Kabare FCS,-0.531036,37.332984,377824,134.9,5,675,2592,200,4,13.68,18.47,31.7,3325.0,8,10,0.217,Medium,D05,Baricho DCC Office Satellite Depot,estimated: haversine distance * 1.35 road factor; replace with OSMnx shortest_path,"estimated from AFA cherry weight proxy; assumed 2,800 kg cherry per acre; fertilizer rates from Draft National Coffee Policy",https://www.afa.go.ke/download/5226/?tmstv=1750232445,https://kirinyaga.go.ke/waiguru-launches-fertilizer-mashinani-initiative-opens-satellite-farm-inputs-depots/,https://kilimo.go.ke/wp-content/uploads/2025/09/Draft-National-Coffee-Policy-2024.pdf,https://osmnx.readthedocs.io/en/stable/user-reference.html,"Estimated for hackathon modelling; validate coordinates, stock and demand with field/OSMnx data before operational use"
R0547,2026,Kirinyaga,Coffee,D07,Ciagini ACC Office Satellite Depot,county_satellite,-0.515,37.455,NPK,4900,F15,Kimandi Coffee Factory,Kabare FCS,-0.521263,37.335519,750940,268.2,5,1341,5149,200,7,13.3,17.96,30.8,3233.0,8,10,0.405,Medium,D05,Baricho DCC Office Satellite Depot,estimated: haversine distance * 1.35 road factor; replace with OSMnx shortest_path,"estimated from AFA cherry weight proxy; assumed 2,800 kg cherry per acre; fertilizer rates from Draft National Coffee Policy",https://www.afa.go.ke/download/5226/?tmstv=1750232445,https://kirinyaga.go.ke/waiguru-launches-fertilizer-mashinani-initiative-opens-satellite-farm-inputs-depots/,https://kilimo.go.ke/wp-content/uploads/2025/09/Draft-National-Coffee-Policy-2024.pdf,https://osmnx.readthedocs.io/en/stable/user-reference.html,"Estimated for hackathon modelling; validate coordinates, stock and demand with field/OSMnx data before operational use"
R0548,2026,Kirinyaga,Coffee,D07,Ciagini ACC Office Satellite Depot,county_satellite,-0.515,37.455,CAN,4550,F15,Kimandi Coffee Factory,Kabare FCS,-0.521263,37.335519,750940,268.2,6,1609,5149,200,9,13.3,17.96,30.8,3233.0,8,10,0.477,High,D05,Baricho DCC Office Satellite Depot,estimated: haversine distance * 1.35 road factor; replace with OSMnx shortest_path,"estimated from AFA cherry weight proxy; assumed 2,800 kg cherry per acre; fertilizer rates from Draft National Coffee Policy",https://www.afa.go.ke/download/5226/?tmstv=1750232445,https://kirinyaga.go.ke/waiguru-launches-fertilizer-mashinani-initiative-opens-satellite-farm-inputs-depots/,https://kilimo.go.ke/wp-content/uploads/2025/09/Draft-National-Coffee-Policy-2024.pdf,https://osmnx.readthedocs.io/en/stable/user-reference.html,"Estimated for hackathon modelling; validate coordinates, stock and demand with field/OSMnx data before operational use"
R0549,2026,Kirinyaga,Coffee,D07,Ciagini ACC Office Satellite Depot,county_satellite,-0.515,37.455,Lime,4050,F15,Kimandi Coffee Factory,Kabare FCS,-0.521263,37.335519,750940,268.2,5,1341,5149,200,7,13.3,17.96,30.8,3233.0,8,10,0.405,Medium,D05,Baricho DCC Office Satellite Depot,estimated: haversine distance * 1.35 road factor; replace with OSMnx shortest_path,"estimated from AFA cherry weight proxy; assumed 2,800 kg cherry per acre; fertilizer rates from Draft National Coffee Policy",https://www.afa.go.ke/download/5226/?tmstv=1750232445,https://kirinyaga.go.ke/waiguru-launches-fertilizer-mashinani-initiative-opens-satellite-farm-inputs-depots/,https://kilimo.go.ke/wp-content/uploads/2025/09/Draft-National-Coffee-Policy-2024.pdf,https://osmnx.readthedocs.io/en/stable/user-reference.html,"Estimated for hackathon modelling; validate coordinates, stock and demand with field/OSMnx data before operational use"
R0550,2026,Kirinyaga,Coffee,D07,Ciagini ACC Office Satellite Depot,county_satellite,-0.515,37.455,NPK,4900,F16,Kariaini Coffee Factory,Mwirua FCS,-0.405464,37.398149,363274,129.7,5,649,2491,200,4,13.72,18.53,31.8,3335.0,8,10,0.215,Medium,D02,Kianyaga DCC Office Satellite Depot,estimated: haversine distance * 1.35 road factor; replace with OSMnx shortest_path,"estimated from AFA cherry weight proxy; assumed 2,800 kg cherry per acre; fertilizer rates from Draft National Coffee Policy",https://www.afa.go.ke/download/5226/?tmstv=1750232445,https://kirinyaga.go.ke/waiguru-launches-fertilizer-mashinani-initiative-opens-satellite-farm-inputs-depots/,https://kilimo.go.ke/wp-content/uploads/2025/09/Draft-National-Coffee-Policy-2024.pdf,https://osmnx.readthedocs.io/en/stable/user-reference.html,"Estimated for hackathon modelling; validate coordinates, stock and demand with field/OSMnx data before operational use"
R0551,2026,Kirinyaga,Coffee,D07,Ciagini ACC Office Satellite Depot,county_satellite,-0.515,37.455,CAN,4550,F16,Kariaini Coffee Factory,Mwirua FCS,-0.405464,37.398149,363274,129.7,6,778,2491,200,4,13.72,18.53,31.8,3335.0,8,10,0.25,Medium,D02,Kianyaga DCC Office Satellite Depot,estimated: haversine distance * 1.35 road factor; replace with OSMnx shortest_path,"estimated from AFA cherry weight proxy; assumed 2,800 kg cherry per acre; fertilizer rates from Draft National Coffee Policy",https://www.afa.go.ke/download/5226/?tmstv=1750232445,https://kirinyaga.go.ke/waiguru-launches-fertilizer-mashinani-initiative-opens-satellite-farm-inputs-depots/,https://kilimo.go.ke/wp-content/uploads/2025/09/Draft-National-Coffee-Policy-2024.pdf,https://osmnx.readthedocs.io/en/stable/user-reference.html,"Estimated for hackathon modelling; validate coordinates, stock and demand with field/OSMnx data before operational use"
R0552,2026,Kirinyaga,Coffee,D07,Ciagini ACC Office Satellite Depot,county_satellite,-0.515,37.455,Lime,4050,F16,Kariaini Coffee Factory,Mwirua FCS,-0.405464,37.398149,363274,129.7,5,649,2491,200,4,13.72,18.53,31.8,3335.0,8,10,0.215,Medium,D02,Kianyaga DCC Office Satellite Depot,estimated: haversine distance * 1.35 road factor; replace with OSMnx shortest_path,"estimated from AFA cherry weight proxy; assumed 2,800 kg cherry per acre; fertilizer rates from Draft National Coffee Policy",https://www.afa.go.ke/download/5226/?tmstv=1750232445,https://kirinyaga.go.ke/waiguru-launches-fertilizer-mashinani-initiative-opens-satellite-farm-inputs-depots/,https://kilimo.go.ke/wp-content/uploads/2025/09/Draft-National-Coffee-Policy-2024.pdf,https://osmnx.readthedocs.io/en/stable/user-reference.html,"Estimated for hackathon modelling; validate coordinates, stock and demand with field/OSMnx data before operational use"
R0553,2026,Kirinyaga,Coffee,D07,Ciagini ACC Office Satellite Depot,county_satellite,-0.515,37.455,NPK,4900,F17,Kamwangi Coffee Factory,New Ngariama FCS,-0.470819,37.484366,634450,226.6,5,1133,4351,200,6,5.9,7.96,13.7,1433.0,8,10,0.324,Medium,D08,Togonye ACC Office Satellite Depot,estimated: haversine distance * 1.35 road factor; replace with OSMnx shortest_path,"estimated from AFA cherry weight proxy; assumed 2,800 kg cherry per acre; fertilizer rates from Draft National Coffee Policy",https://www.afa.go.ke/download/5226/?tmstv=1750232445,https://kirinyaga.go.ke/waiguru-launches-fertilizer-mashinani-initiative-opens-satellite-farm-inputs-depots/,https://kilimo.go.ke/wp-content/uploads/2025/09/Draft-National-Coffee-Policy-2024.pdf,https://osmnx.readthedocs.io/en/stable/user-reference.html,"Estimated for hackathon modelling; validate coordinates, stock and demand with field/OSMnx data before operational use"
R0554,2026,Kirinyaga,Coffee,D07,Ciagini ACC Office Satellite Depot,county_satellite,-0.515,37.455,CAN,4550,F17,Kamwangi Coffee Factory,New Ngariama FCS,-0.470819,37.484366,634450,226.6,6,1360,4351,200,7,5.9,7.96,13.7,1433.0,8,10,0.385,Medium,D08,Togonye ACC Office Satellite Depot,estimated: haversine distance * 1.35 road factor; replace with OSMnx shortest_path,"estimated from AFA cherry weight proxy; assumed 2,800 kg cherry per acre; fertilizer rates from Draft National Coffee Policy",https://www.afa.go.ke/download/5226/?tmstv=1750232445,https://kirinyaga.go.ke/waiguru-launches-fertilizer-mashinani-initiative-opens-satellite-farm-inputs-depots/,https://kilimo.go.ke/wp-content/uploads/2025/09/Draft-National-Coffee-Policy-2024.pdf,https://osmnx.readthedocs.io/en/stable/user-reference.html,"Estimated for hackathon modelling; validate coordinates, stock and demand with field/OSMnx data before operational use"
R0555,2026,Kirinyaga,Coffee,D07,Ciagini ACC Office Satellite Depot,county_satellite,-0.515,37.455,Lime,4050,F17,Kamwangi Coffee Factory,New Ngariama FCS,-0.470819,37.484366,634450,226.6,5,1133,4351,200,6,5.9,7.96,13.7,1433.0,8,10,0.324,Medium,D08,Togonye ACC Office Satellite Depot,estimated: haversine distance * 1.35 road factor; replace with OSMnx shortest_path,"estimated from AFA cherry weight proxy; assumed 2,800 kg cherry per acre; fertilizer rates from Draft National Coffee Policy",https://www.afa.go.ke/download/5226/?tmstv=1750232445,https://kirinyaga.go.ke/waiguru-launches-fertilizer-mashinani-initiative-opens-satellite-farm-inputs-depots/,https://kilimo.go.ke/wp-content/uploads/2025/09/Draft-National-Coffee-Policy-2024.pdf,https://osmnx.readthedocs.io/en/stable/user-reference.html,"Estimated for hackathon modelling; validate coordinates, stock and demand with field/OSMnx data before operational use"
R0556,2026,Kirinyaga,Coffee,D07,Ciagini ACC Office Satellite Depot,county_satellite,-0.515,37.455,NPK,4900,F18,Karumandi Coffee Factory,Baragwi FCS,-0.430607,37.38226,467691,167.0,5,835,3206,200,5,12.39,16.72,28.7,3010.0,8,10,0.241,Medium,D02,Kianyaga DCC Office Satellite Depot,estimated: haversine distance * 1.35 road factor; replace with OSMnx shortest_path,"estimated from AFA cherry weight proxy; assumed 2,800 kg cherry per acre; fertilizer rates from Draft National Coffee Policy",https://www.afa.go.ke/download/5226/?tmstv=1750232445,https://kirinyaga.go.ke/waiguru-launches-fertilizer-mashinani-initiative-opens-satellite-farm-inputs-depots/,https://kilimo.go.ke/wp-content/uploads/2025/09/Draft-National-Coffee-Policy-2024.pdf,https://osmnx.readthedocs.io/en/stable/user-reference.html,"Estimated for hackathon modelling; validate coordinates, stock and demand with field/OSMnx data before operational use"
R0557,2026,Kirinyaga,Coffee,D07,Ciagini ACC Office Satellite Depot,county_satellite,-0.515,37.455,CAN,4550,F18,Karumandi Coffee Factory,Baragwi FCS,-0.430607,37.38226,467691,167.0,6,1002,3206,200,6,12.39,16.72,28.7,3010.0,8,10,0.286,Medium,D02,Kianyaga DCC Office Satellite Depot,estimated: haversine distance * 1.35 road factor; replace with OSMnx shortest_path,"estimated from AFA cherry weight proxy; assumed 2,800 kg cherry per acre; fertilizer rates from Draft National Coffee Policy",https://www.afa.go.ke/download/5226/?tmstv=1750232445,https://kirinyaga.go.ke/waiguru-launches-fertilizer-mashinani-initiative-opens-satellite-farm-inputs-depots/,https://kilimo.go.ke/wp-content/uploads/2025/09/Draft-National-Coffee-Policy-2024.pdf,https://osmnx.readthedocs.io/en/stable/user-reference.html,"Estimated for hackathon modelling; validate coordinates, stock and demand with field/OSMnx data before operational use"
R0558,2026,Kirinyaga,Coffee,D07,Ciagini ACC Office Satellite Depot,county_satellite,-0.515,37.455,Lime,4050,F18,Karumandi Coffee Factory,Baragwi FCS,-0.430607,37.38226,467691,167.0,5,835,3206,200,5,12.39,16.72,28.7,3010.0,8,10,0.241,Medium,D02,Kianyaga DCC Office Satellite Depot,estimated: haversine distance * 1.35 road factor; replace with OSMnx shortest_path,"estimated from AFA cherry weight proxy; assumed 2,800 kg cherry per acre; fertilizer rates from Draft National Coffee Policy",https://www.afa.go.ke/download/5226/?tmstv=1750232445,https://kirinyaga.go.ke/waiguru-launches-fertilizer-mashinani-initiative-opens-satellite-farm-inputs-depots/,https://kilimo.go.ke/wp-content/uploads/2025/09/Draft-National-Coffee-Policy-2024.pdf,https://osmnx.readthedocs.io/en/stable/user-reference.html,"Estimated for hackathon modelling; validate coordinates, stock and demand with field/OSMnx data before operational use"
R0559,2026,Kirinyaga,Coffee,D07,Ciagini ACC Office Satellite Depot,county_satellite,-0.515,37.455,NPK,4900,F19,Kerugoya Coffee Factory,Inoi FCS,-0.497353,37.297593,933821,333.5,5,1668,6404,200,9,17.61,23.78,40.8,4280.0,8,10,0.465,High,D03,Kerugoya CC Office Satellite Depot,estimated: haversine distance * 1.35 road factor; replace with OSMnx shortest_path,"estimated from AFA cherry weight proxy; assumed 2,800 kg cherry per acre; fertilizer rates from Draft National Coffee Policy",https://www.afa.go.ke/download/5226/?tmstv=1750232445,https://kirinyaga.go.ke/waiguru-launches-fertilizer-mashinani-initiative-opens-satellite-farm-inputs-depots/,https://kilimo.go.ke/wp-content/uploads/2025/09/Draft-National-Coffee-Policy-2024.pdf,https://osmnx.readthedocs.io/en/stable/user-reference.html,"Estimated for hackathon modelling; validate coordinates, stock and demand with field/OSMnx data before operational use"
R0560,2026,Kirinyaga,Coffee,D07,Ciagini ACC Office Satellite Depot,county_satellite,-0.515,37.455,CAN,4550,F19,Kerugoya Coffee Factory,Inoi FCS,-0.497353,37.297593,933821,333.5,6,2001,6404,200,11,17.61,23.78,40.8,4280.0,8,10,0.554,High,D03,Kerugoya CC Office Satellite Depot,estimated: haversine distance * 1.35 road factor; replace with OSMnx shortest_path,"estimated from AFA cherry weight proxy; assumed 2,800 kg cherry per acre; fertilizer rates from Draft National Coffee Policy",https://www.afa.go.ke/download/5226/?tmstv=1750232445,https://kirinyaga.go.ke/waiguru-launches-fertilizer-mashinani-initiative-opens-satellite-farm-inputs-depots/,https://kilimo.go.ke/wp-content/uploads/2025/09/Draft-National-Coffee-Policy-2024.pdf,https://osmnx.readthedocs.io/en/stable/user-reference.html,"Estimated for hackathon modelling; validate coordinates, stock and demand with field/OSMnx data before operational use"
R0561,2026,Kirinyaga,Coffee,D07,Ciagini ACC Office Satellite Depot,county_satellite,-0.515,37.455,Lime,4050,F19,Kerugoya Coffee Factory,Inoi FCS,-0.497353,37.297593,933821,333.5,5,1668,6404,200,9,17.61,23.78,40.8,4280.0,8,10,0.465,High,D03,Kerugoya CC Office Satellite Depot,estimated: haversine distance * 1.35 road factor; replace with OSMnx shortest_path,"estimated from AFA cherry weight proxy; assumed 2,800 kg cherry per acre; fertilizer rates from Draft National Coffee Policy",https://www.afa.go.ke/download/5226/?tmstv=1750232445,https://kirinyaga.go.ke/waiguru-launches-fertilizer-mashinani-initiative-opens-satellite-farm-inputs-depots/,https://kilimo.go.ke/wp-content/uploads/2025/09/Draft-National-Coffee-Policy-2024.pdf,https://osmnx.readthedocs.io/en/stable/user-reference.html,"Estimated for hackathon modelling; validate coordinates, stock and demand with field/OSMnx data before operational use"
R0562,2026,Kirinyaga,Coffee,D07,Ciagini ACC Office Satellite Depot,county_satellite,-0.515,37.455,NPK,4900,F20,Kaitheri Coffee Factory,Inoi FCS,-0.491191,37.297387,1205346,430.5,5,2152,8264,200,11,17.72,23.93,41.0,4307.0,8,10,0.596,High,D03,Kerugoya CC Office Satellite Depot,estimated: haversine distance * 1.35 road factor; replace with OSMnx shortest_path,"estimated from AFA cherry weight proxy; assumed 2,800 kg cherry per acre; fertilizer rates from Draft National Coffee Policy",https://www.afa.go.ke/download/5226/?tmstv=1750232445,https://kirinyaga.go.ke/waiguru-launches-fertilizer-mashinani-initiative-opens-satellite-farm-inputs-depots/,https://kilimo.go.ke/wp-content/uploads/2025/09/Draft-National-Coffee-Policy-2024.pdf,https://osmnx.readthedocs.io/en/stable/user-reference.html,"Estimated for hackathon modelling; validate coordinates, stock and demand with field/OSMnx data before operational use"
R0563,2026,Kirinyaga,Coffee,D07,Ciagini ACC Office Satellite Depot,county_satellite,-0.515,37.455,CAN,4550,F20,Kaitheri Coffee Factory,Inoi FCS,-0.491191,37.297387,1205346,430.5,6,2583,8264,200,13,17.72,23.93,41.0,4307.0,8,10,0.712,High,D03,Kerugoya CC Office Satellite Depot,estimated: haversine distance * 1.35 road factor; replace with OSMnx shortest_path,"estimated from AFA cherry weight proxy; assumed 2,800 kg cherry per acre; fertilizer rates from Draft National Coffee Policy",https://www.afa.go.ke/download/5226/?tmstv=1750232445,https://kirinyaga.go.ke/waiguru-launches-fertilizer-mashinani-initiative-opens-satellite-farm-inputs-depots/,https://kilimo.go.ke/wp-content/uploads/2025/09/Draft-National-Coffee-Policy-2024.pdf,https://osmnx.readthedocs.io/en/stable/user-reference.html,"Estimated for hackathon modelling; validate coordinates, stock and demand with field/OSMnx data before operational use"
R0564,2026,Kirinyaga,Coffee,D07,Ciagini ACC Office Satellite Depot,county_satellite,-0.515,37.455,Lime,4050,F20,Kaitheri Coffee Factory,Inoi FCS,-0.491191,37.297387,1205346,430.5,5,2152,8264,200,11,17.72,23.93,41.0,4307.0,8,10,0.596,High,D03,Kerugoya CC Office Satellite Depot,estimated: haversine distance * 1.35 road factor; replace with OSMnx shortest_path,"estimated from AFA cherry weight proxy; assumed 2,800 kg cherry per acre; fertilizer rates from Draft National Coffee Policy",https://www.afa.go.ke/download/5226/?tmstv=1750232445,https://kirinyaga.go.ke/waiguru-launches-fertilizer-mashinani-initiative-opens-satellite-farm-inputs-depots/,https://kilimo.go.ke/wp-content/uploads/2025/09/Draft-National-Coffee-Policy-2024.pdf,https://osmnx.readthedocs.io/en/stable/user-reference.html,"Estimated for hackathon modelling; validate coordinates, stock and demand with field/OSMnx data before operational use"
R0565,2026,Kirinyaga,Coffee,D07,Ciagini ACC Office Satellite Depot,county_satellite,-0.515,37.455,NPK,4900,F21,Kiaragana Coffee Factory,Mwirua FCS,-0.405977,37.401729,1069927,382.1,5,1911,7338,200,10,13.49,18.21,31.2,3279.0,8,10,0.557,High,D02,Kianyaga DCC Office Satellite Depot,estimated: haversine distance * 1.35 road factor; replace with OSMnx shortest_path,"estimated from AFA cherry weight proxy; assumed 2,800 kg cherry per acre; fertilizer rates from Draft National Coffee Policy",https://www.afa.go.ke/download/5226/?tmstv=1750232445,https://kirinyaga.go.ke/waiguru-launches-fertilizer-mashinani-initiative-opens-satellite-farm-inputs-depots/,https://kilimo.go.ke/wp-content/uploads/2025/09/Draft-National-Coffee-Policy-2024.pdf,https://osmnx.readthedocs.io/en/stable/user-reference.html,"Estimated for hackathon modelling; validate coordinates, stock and demand with field/OSMnx data before operational use"
R0566,2026,Kirinyaga,Coffee,D07,Ciagini ACC Office Satellite Depot,county_satellite,-0.515,37.455,CAN,4550,F21,Kiaragana Coffee Factory,Mwirua FCS,-0.405977,37.401729,1069927,382.1,6,2293,7338,200,12,13.49,18.21,31.2,3279.0,8,10,0.66,High,D02,Kianyaga DCC Office Satellite Depot,estimated: haversine distance * 1.35 road factor; replace with OSMnx shortest_path,"estimated from AFA cherry weight proxy; assumed 2,800 kg cherry per acre; fertilizer rates from Draft National Coffee Policy",https://www.afa.go.ke/download/5226/?tmstv=1750232445,https://kirinyaga.go.ke/waiguru-launches-fertilizer-mashinani-initiative-opens-satellite-farm-inputs-depots/,https://kilimo.go.ke/wp-content/uploads/2025/09/Draft-National-Coffee-Policy-2024.pdf,https://osmnx.readthedocs.io/en/stable/user-reference.html,"Estimated for hackathon modelling; validate coordinates, stock and demand with field/OSMnx data before operational use"
R0567,2026,Kirinyaga,Coffee,D07,Ciagini ACC Office Satellite Depot,county_satellite,-0.515,37.455,Lime,4050,F21,Kiaragana Coffee Factory,Mwirua FCS,-0.405977,37.401729,1069927,382.1,5,1911,7338,200,10,13.49,18.21,31.2,3279.0,8,10,0.557,High,D02,Kianyaga DCC Office Satellite Depot,estimated: haversine distance * 1.35 road factor; replace with OSMnx shortest_path,"estimated from AFA cherry weight proxy; assumed 2,800 kg cherry per acre; fertilizer rates from Draft National Coffee Policy",https://www.afa.go.ke/download/5226/?tmstv=1750232445,https://kirinyaga.go.ke/waiguru-launches-fertilizer-mashinani-initiative-opens-satellite-farm-inputs-depots/,https://kilimo.go.ke/wp-content/uploads/2025/09/Draft-National-Coffee-Policy-2024.pdf,https://osmnx.readthedocs.io/en/stable/user-reference.html,"Estimated for hackathon modelling; validate coordinates, stock and demand with field/OSMnx data before operational use"
R0568,2026,Kirinyaga,Coffee,D07,Ciagini ACC Office Satellite Depot,county_satellite,-0.515,37.455,NPK,4900,F22,Kegwa Coffee Factory,Ngiriambu FCS,-0.452361,37.442947,187844,67.1,5,335,1288,200,2,7.09,9.58,16.4,1724.0,8,10,0.148,Low,D07,Ciagini ACC Office Satellite Depot,estimated: haversine distance * 1.35 road factor; replace with OSMnx shortest_path,"estimated from AFA cherry weight proxy; assumed 2,800 kg cherry per acre; fertilizer rates from Draft National Coffee Policy",https://www.afa.go.ke/download/5226/?tmstv=1750232445,https://kirinyaga.go.ke/waiguru-launches-fertilizer-mashinani-initiative-opens-satellite-farm-inputs-depots/,https://kilimo.go.ke/wp-content/uploads/2025/09/Draft-National-Coffee-Policy-2024.pdf,https://osmnx.readthedocs.io/en/stable/user-reference.html,"Estimated for hackathon modelling; validate coordinates, stock and demand with field/OSMnx data before operational use"
R0569,2026,Kirinyaga,Coffee,D07,Ciagini ACC Office Satellite Depot,county_satellite,-0.515,37.455,CAN,4550,F22,Kegwa Coffee Factory,Ngiriambu FCS,-0.452361,37.442947,187844,67.1,6,403,1288,200,3,7.09,9.58,16.4,1724.0,8,10,0.166,Low,D07,Ciagini ACC Office Satellite Depot,estimated: haversine distance * 1.35 road factor; replace with OSMnx shortest_path,"estimated from AFA cherry weight proxy; assumed 2,800 kg cherry per acre; fertilizer rates from Draft National Coffee Policy",https://www.afa.go.ke/download/5226/?tmstv=1750232445,https://kirinyaga.go.ke/waiguru-launches-fertilizer-mashinani-initiative-opens-satellite-farm-inputs-depots/,https://kilimo.go.ke/wp-content/uploads/2025/09/Draft-National-Coffee-Policy-2024.pdf,https://osmnx.readthedocs.io/en/stable/user-reference.html,"Estimated for hackathon modelling; validate coordinates, stock and demand with field/OSMnx data before operational use"
R0570,2026,Kirinyaga,Coffee,D07,Ciagini ACC Office Satellite Depot,county_satellite,-0.515,37.455,Lime,4050,F22,Kegwa Coffee Factory,Ngiriambu FCS,-0.452361,37.442947,187844,67.1,5,335,1288,200,2,7.09,9.58,16.4,1724.0,8,10,0.148,Low,D07,Ciagini ACC Office Satellite Depot,estimated: haversine distance * 1.35 road factor; replace with OSMnx shortest_path,"estimated from AFA cherry weight proxy; assumed 2,800 kg cherry per acre; fertilizer rates from Draft National Coffee Policy",https://www.afa.go.ke/download/5226/?tmstv=1750232445,https://kirinyaga.go.ke/waiguru-launches-fertilizer-mashinani-initiative-opens-satellite-farm-inputs-depots/,https://kilimo.go.ke/wp-content/uploads/2025/09/Draft-National-Coffee-Policy-2024.pdf,https://osmnx.readthedocs.io/en/stable/user-reference.html,"Estimated for hackathon modelling; validate coordinates, stock and demand with field/OSMnx data before operational use"
R0571,2026,Kirinyaga,Coffee,D07,Ciagini ACC Office Satellite Depot,county_satellite,-0.515,37.455,NPK,4900,F23,Karani Coffee Factory,Kabare FCS,-0.537101,37.347664,864121,308.6,5,1543,5926,200,8,12.19,16.45,28.2,2961.0,8,10,0.446,High,D05,Baricho DCC Office Satellite Depot,estimated: haversine distance * 1.35 road factor; replace with OSMnx shortest_path,"estimated from AFA cherry weight proxy; assumed 2,800 kg cherry per acre; fertilizer rates from Draft National Coffee Policy",https://www.afa.go.ke/download/5226/?tmstv=1750232445,https://kirinyaga.go.ke/waiguru-launches-fertilizer-mashinani-initiative-opens-satellite-farm-inputs-depots/,https://kilimo.go.ke/wp-content/uploads/2025/09/Draft-National-Coffee-Policy-2024.pdf,https://osmnx.readthedocs.io/en/stable/user-reference.html,"Estimated for hackathon modelling; validate coordinates, stock and demand with field/OSMnx data before operational use"
R0572,2026,Kirinyaga,Coffee,D07,Ciagini ACC Office Satellite Depot,county_satellite,-0.515,37.455,CAN,4550,F23,Karani Coffee Factory,Kabare FCS,-0.537101,37.347664,864121,308.6,6,1852,5926,200,10,12.19,16.45,28.2,2961.0,8,10,0.529,High,D05,Baricho DCC Office Satellite Depot,estimated: haversine distance * 1.35 road factor; replace with OSMnx shortest_path,"estimated from AFA cherry weight proxy; assumed 2,800 kg cherry per acre; fertilizer rates from Draft National Coffee Policy",https://www.afa.go.ke/download/5226/?tmstv=1750232445,https://kirinyaga.go.ke/waiguru-launches-fertilizer-mashinani-initiative-opens-satellite-farm-inputs-depots/,https://kilimo.go.ke/wp-content/uploads/2025/09/Draft-National-Coffee-Policy-2024.pdf,https://osmnx.readthedocs.io/en/stable/user-reference.html,"Estimated for hackathon modelling; validate coordinates, stock and demand with field/OSMnx data before operational use"
R0573,2026,Kirinyaga,Coffee,D07,Ciagini ACC Office Satellite Depot,county_satellite,-0.515,37.455,Lime,4050,F23,Karani Coffee Factory,Kabare FCS,-0.537101,37.347664,864121,308.6,5,1543,5926,200,8,12.19,16.45,28.2,2961.0,8,10,0.446,High,D05,Baricho DCC Office Satellite Depot,estimated: haversine distance * 1.35 road factor; replace with OSMnx shortest_path,"estimated from AFA cherry weight proxy; assumed 2,800 kg cherry per acre; fertilizer rates from Draft National Coffee Policy",https://www.afa.go.ke/download/5226/?tmstv=1750232445,https://kirinyaga.go.ke/waiguru-launches-fertilizer-mashinani-initiative-opens-satellite-farm-inputs-depots/,https://kilimo.go.ke/wp-content/uploads/2025/09/Draft-National-Coffee-Policy-2024.pdf,https://osmnx.readthedocs.io/en/stable/user-reference.html,"Estimated for hackathon modelling; validate coordinates, stock and demand with field/OSMnx data before operational use"
R0574,2026,Kirinyaga,Coffee,D07,Ciagini ACC Office Satellite Depot,county_satellite,-0.515,37.455,NPK,4900,F24,Kariru Coffee Factory,Baragwi FCS,-0.425995,37.38789,49525,17.7,5,88,338,200,1,12.39,16.73,28.7,3012.0,8,10,0.046,Low,D02,Kianyaga DCC Office Satellite Depot,estimated: haversine distance * 1.35 road factor; replace with OSMnx shortest_path,"estimated from AFA cherry weight proxy; assumed 2,800 kg cherry per acre; fertilizer rates from Draft National Coffee Policy",https://www.afa.go.ke/download/5226/?tmstv=1750232445,https://kirinyaga.go.ke/waiguru-launches-fertilizer-mashinani-initiative-opens-satellite-farm-inputs-depots/,https://kilimo.go.ke/wp-content/uploads/2025/09/Draft-National-Coffee-Policy-2024.pdf,https://osmnx.readthedocs.io/en/stable/user-reference.html,"Estimated for hackathon modelling; validate coordinates, stock and demand with field/OSMnx data before operational use"
R0575,2026,Kirinyaga,Coffee,D07,Ciagini ACC Office Satellite Depot,county_satellite,-0.515,37.455,CAN,4550,F24,Kariru Coffee Factory,Baragwi FCS,-0.425995,37.38789,49525,17.7,6,106,338,200,1,12.39,16.73,28.7,3012.0,8,10,0.051,Low,D02,Kianyaga DCC Office Satellite Depot,estimated: haversine distance * 1.35 road factor; replace with OSMnx shortest_path,"estimated from AFA cherry weight proxy; assumed 2,800 kg cherry per acre; fertilizer rates from Draft National Coffee Policy",https://www.afa.go.ke/download/5226/?tmstv=1750232445,https://kirinyaga.go.ke/waiguru-launches-fertilizer-mashinani-initiative-opens-satellite-farm-inputs-depots/,https://kilimo.go.ke/wp-content/uploads/2025/09/Draft-National-Coffee-Policy-2024.pdf,https://osmnx.readthedocs.io/en/stable/user-reference.html,"Estimated for hackathon modelling; validate coordinates, stock and demand with field/OSMnx data before operational use"
R0576,2026,Kirinyaga,Coffee,D07,Ciagini ACC Office Satellite Depot,county_satellite,-0.515,37.455,Lime,4050,F24,Kariru Coffee Factory,Baragwi FCS,-0.425995,37.38789,49525,17.7,5,88,338,200,1,12.39,16.73,28.7,3012.0,8,10,0.046,Low,D02,Kianyaga DCC Office Satellite Depot,estimated: haversine distance * 1.35 road factor; replace with OSMnx shortest_path,"estimated from AFA cherry weight proxy; assumed 2,800 kg cherry per acre; fertilizer rates from Draft National Coffee Policy",https://www.afa.go.ke/download/5226/?tmstv=1750232445,https://kirinyaga.go.ke/waiguru-launches-fertilizer-mashinani-initiative-opens-satellite-farm-inputs-depots/,https://kilimo.go.ke/wp-content/uploads/2025/09/Draft-National-Coffee-Policy-2024.pdf,https://osmnx.readthedocs.io/en/stable/user-reference.html,"Estimated for hackathon modelling; validate coordinates, stock and demand with field/OSMnx data before operational use"
R0577,2026,Kirinyaga,Coffee,D07,Ciagini ACC Office Satellite Depot,county_satellite,-0.515,37.455,NPK,4900,F25,Thimu Coffee Factory,Baragwi FCS,-0.417322,37.388324,49227,17.6,5,88,337,200,1,13.15,17.75,30.4,3196.0,8,10,0.05,Low,D02,Kianyaga DCC Office Satellite Depot,estimated: haversine distance * 1.35 road factor; replace with OSMnx shortest_path,"estimated from AFA cherry weight proxy; assumed 2,800 kg cherry per acre; fertilizer rates from Draft National Coffee Policy",https://www.afa.go.ke/download/5226/?tmstv=1750232445,https://kirinyaga.go.ke/waiguru-launches-fertilizer-mashinani-initiative-opens-satellite-farm-inputs-depots/,https://kilimo.go.ke/wp-content/uploads/2025/09/Draft-National-Coffee-Policy-2024.pdf,https://osmnx.readthedocs.io/en/stable/user-reference.html,"Estimated for hackathon modelling; validate coordinates, stock and demand with field/OSMnx data before operational use"
R0578,2026,Kirinyaga,Coffee,D07,Ciagini ACC Office Satellite Depot,county_satellite,-0.515,37.455,CAN,4550,F25,Thimu Coffee Factory,Baragwi FCS,-0.417322,37.388324,49227,17.6,6,105,337,200,1,13.15,17.75,30.4,3196.0,8,10,0.055,Low,D02,Kianyaga DCC Office Satellite Depot,estimated: haversine distance * 1.35 road factor; replace with OSMnx shortest_path,"estimated from AFA cherry weight proxy; assumed 2,800 kg cherry per acre; fertilizer rates from Draft National Coffee Policy",https://www.afa.go.ke/download/5226/?tmstv=1750232445,https://kirinyaga.go.ke/waiguru-launches-fertilizer-mashinani-initiative-opens-satellite-farm-inputs-depots/,https://kilimo.go.ke/wp-content/uploads/2025/09/Draft-National-Coffee-Policy-2024.pdf,https://osmnx.readthedocs.io/en/stable/user-reference.html,"Estimated for hackathon modelling; validate coordinates, stock and demand with field/OSMnx data before operational use"
R0579,2026,Kirinyaga,Coffee,D07,Ciagini ACC Office Satellite Depot,county_satellite,-0.515,37.455,Lime,4050,F25,Thimu Coffee Factory,Baragwi FCS,-0.417322,37.388324,49227,17.6,5,88,337,200,1,13.15,17.75,30.4,3196.0,8,10,0.05,Low,D02,Kianyaga DCC Office Satellite Depot,estimated: haversine distance * 1.35 road factor; replace with OSMnx shortest_path,"estimated from AFA cherry weight proxy; assumed 2,800 kg cherry per acre; fertilizer rates from Draft National Coffee Policy",https://www.afa.go.ke/download/5226/?tmstv=1750232445,https://kirinyaga.go.ke/waiguru-launches-fertilizer-mashinani-initiative-opens-satellite-farm-inputs-depots/,https://kilimo.go.ke/wp-content/uploads/2025/09/Draft-National-Coffee-Policy-2024.pdf,https://osmnx.readthedocs.io/en/stable/user-reference.html,"Estimated for hackathon modelling; validate coordinates, stock and demand with field/OSMnx data before operational use"
R0580,2026,Kirinyaga,Coffee,D07,Ciagini ACC Office Satellite Depot,county_satellite,-0.515,37.455,NPK,4900,F26,Gathambi Coffee Factory,Mwirua FCS,-0.407649,37.374548,66705,23.8,5,119,457,200,1,14.92,20.14,34.5,3625.0,8,10,0.06,Low,D02,Kianyaga DCC Office Satellite Depot,estimated: haversine distance * 1.35 road factor; replace with OSMnx shortest_path,"estimated from AFA cherry weight proxy; assumed 2,800 kg cherry per acre; fertilizer rates from Draft National Coffee Policy",https://www.afa.go.ke/download/5226/?tmstv=1750232445,https://kirinyaga.go.ke/waiguru-launches-fertilizer-mashinani-initiative-opens-satellite-farm-inputs-depots/,https://kilimo.go.ke/wp-content/uploads/2025/09/Draft-National-Coffee-Policy-2024.pdf,https://osmnx.readthedocs.io/en/stable/user-reference.html,"Estimated for hackathon modelling; validate coordinates, stock and demand with field/OSMnx data before operational use"
R0581,2026,Kirinyaga,Coffee,D07,Ciagini ACC Office Satellite Depot,county_satellite,-0.515,37.455,CAN,4550,F26,Gathambi Coffee Factory,Mwirua FCS,-0.407649,37.374548,66705,23.8,6,143,457,200,1,14.92,20.14,34.5,3625.0,8,10,0.066,Low,D02,Kianyaga DCC Office Satellite Depot,estimated: haversine distance * 1.35 road factor; replace with OSMnx shortest_path,"estimated from AFA cherry weight proxy; assumed 2,800 kg cherry per acre; fertilizer rates from Draft National Coffee Policy",https://www.afa.go.ke/download/5226/?tmstv=1750232445,https://kirinyaga.go.ke/waiguru-launches-fertilizer-mashinani-initiative-opens-satellite-farm-inputs-depots/,https://kilimo.go.ke/wp-content/uploads/2025/09/Draft-National-Coffee-Policy-2024.pdf,https://osmnx.readthedocs.io/en/stable/user-reference.html,"Estimated for hackathon modelling; validate coordinates, stock and demand with field/OSMnx data before operational use"
R0582,2026,Kirinyaga,Coffee,D07,Ciagini ACC Office Satellite Depot,county_satellite,-0.515,37.455,Lime,4050,F26,Gathambi Coffee Factory,Mwirua FCS,-0.407649,37.374548,66705,23.8,5,119,457,200,1,14.92,20.14,34.5,3625.0,8,10,0.06,Low,D02,Kianyaga DCC Office Satellite Depot,estimated: haversine distance * 1.35 road factor; replace with OSMnx shortest_path,"estimated from AFA cherry weight proxy; assumed 2,800 kg cherry per acre; fertilizer rates from Draft National Coffee Policy",https://www.afa.go.ke/download/5226/?tmstv=1750232445,https://kirinyaga.go.ke/waiguru-launches-fertilizer-mashinani-initiative-opens-satellite-farm-inputs-depots/,https://kilimo.go.ke/wp-content/uploads/2025/09/Draft-National-Coffee-Policy-2024.pdf,https://osmnx.readthedocs.io/en/stable/user-reference.html,"Estimated for hackathon modelling; validate coordinates, stock and demand with field/OSMnx data before operational use"
R0583,2026,Kirinyaga,Coffee,D07,Ciagini ACC Office Satellite Depot,county_satellite,-0.515,37.455,NPK,4900,F27,Kagongo Coffee Factory,Baragwi FCS,-0.437165,37.363183,269086,96.1,5,481,1847,200,3,13.38,18.07,31.0,3252.0,8,10,0.132,Low,D02,Kianyaga DCC Office Satellite Depot,estimated: haversine distance * 1.35 road factor; replace with OSMnx shortest_path,"estimated from AFA cherry weight proxy; assumed 2,800 kg cherry per acre; fertilizer rates from Draft National Coffee Policy",https://www.afa.go.ke/download/5226/?tmstv=1750232445,https://kirinyaga.go.ke/waiguru-launches-fertilizer-mashinani-initiative-opens-satellite-farm-inputs-depots/,https://kilimo.go.ke/wp-content/uploads/2025/09/Draft-National-Coffee-Policy-2024.pdf,https://osmnx.readthedocs.io/en/stable/user-reference.html,"Estimated for hackathon modelling; validate coordinates, stock and demand with field/OSMnx data before operational use"
R0584,2026,Kirinyaga,Coffee,D07,Ciagini ACC Office Satellite Depot,county_satellite,-0.515,37.455,CAN,4550,F27,Kagongo Coffee Factory,Baragwi FCS,-0.437165,37.363183,269086,96.1,6,577,1847,200,3,13.38,18.07,31.0,3252.0,8,10,0.158,Low,D02,Kianyaga DCC Office Satellite Depot,estimated: haversine distance * 1.35 road factor; replace with OSMnx shortest_path,"estimated from AFA cherry weight proxy; assumed 2,800 kg cherry per acre; fertilizer rates from Draft National Coffee Policy",https://www.afa.go.ke/download/5226/?tmstv=1750232445,https://kirinyaga.go.ke/waiguru-launches-fertilizer-mashinani-initiative-opens-satellite-farm-inputs-depots/,https://kilimo.go.ke/wp-content/uploads/2025/09/Draft-National-Coffee-Policy-2024.pdf,https://osmnx.readthedocs.io/en/stable/user-reference.html,"Estimated for hackathon modelling; validate coordinates, stock and demand with field/OSMnx data before operational use"
R0585,2026,Kirinyaga,Coffee,D07,Ciagini ACC Office Satellite Depot,county_satellite,-0.515,37.455,Lime,4050,F27,Kagongo Coffee Factory,Baragwi FCS,-0.437165,37.363183,269086,96.1,5,481,1847,200,3,13.38,18.07,31.0,3252.0,8,10,0.132,Low,D02,Kianyaga DCC Office Satellite Depot,estimated: haversine distance * 1.35 road factor; replace with OSMnx shortest_path,"estimated from AFA cherry weight proxy; assumed 2,800 kg cherry per acre; fertilizer rates from Draft National Coffee Policy",https://www.afa.go.ke/download/5226/?tmstv=1750232445,https://kirinyaga.go.ke/waiguru-launches-fertilizer-mashinani-initiative-opens-satellite-farm-inputs-depots/,https://kilimo.go.ke/wp-content/uploads/2025/09/Draft-National-Coffee-Policy-2024.pdf,https://osmnx.readthedocs.io/en/stable/user-reference.html,"Estimated for hackathon modelling; validate coordinates, stock and demand with field/OSMnx data before operational use"
R0586,2026,Kirinyaga,Coffee,D07,Ciagini ACC Office Satellite Depot,county_satellite,-0.515,37.455,NPK,4900,F28,Thaita Coffee Factory,Inoi FCS,-0.50426,37.276546,981403,350.5,5,1753,6731,200,9,19.88,26.84,46.0,4830.0,8,10,0.478,High,D03,Kerugoya CC Office Satellite Depot,estimated: haversine distance * 1.35 road factor; replace with OSMnx shortest_path,"estimated from AFA cherry weight proxy; assumed 2,800 kg cherry per acre; fertilizer rates from Draft National Coffee Policy",https://www.afa.go.ke/download/5226/?tmstv=1750232445,https://kirinyaga.go.ke/waiguru-launches-fertilizer-mashinani-initiative-opens-satellite-farm-inputs-depots/,https://kilimo.go.ke/wp-content/uploads/2025/09/Draft-National-Coffee-Policy-2024.pdf,https://osmnx.readthedocs.io/en/stable/user-reference.html,"Estimated for hackathon modelling; validate coordinates, stock and demand with field/OSMnx data before operational use"
R0587,2026,Kirinyaga,Coffee,D07,Ciagini ACC Office Satellite Depot,county_satellite,-0.515,37.455,CAN,4550,F28,Thaita Coffee Factory,Inoi FCS,-0.50426,37.276546,981403,350.5,6,2103,6731,200,11,19.88,26.84,46.0,4830.0,8,10,0.572,High,D03,Kerugoya CC Office Satellite Depot,estimated: haversine distance * 1.35 road factor; replace with OSMnx shortest_path,"estimated from AFA cherry weight proxy; assumed 2,800 kg cherry per acre; fertilizer rates from Draft National Coffee Policy",https://www.afa.go.ke/download/5226/?tmstv=1750232445,https://kirinyaga.go.ke/waiguru-launches-fertilizer-mashinani-initiative-opens-satellite-farm-inputs-depots/,https://kilimo.go.ke/wp-content/uploads/2025/09/Draft-National-Coffee-Policy-2024.pdf,https://osmnx.readthedocs.io/en/stable/user-reference.html,"Estimated for hackathon modelling; validate coordinates, stock and demand with field/OSMnx data before operational use"
R0588,2026,Kirinyaga,Coffee,D07,Ciagini ACC Office Satellite Depot,county_satellite,-0.515,37.455,Lime,4050,F28,Thaita Coffee Factory,Inoi FCS,-0.50426,37.276546,981403,350.5,5,1753,6731,200,9,19.88,26.84,46.0,4830.0,8,10,0.478,High,D03,Kerugoya CC Office Satellite Depot,estimated: haversine distance * 1.35 road factor; replace with OSMnx shortest_path,"estimated from AFA cherry weight proxy; assumed 2,800 kg cherry per acre; fertilizer rates from Draft National Coffee Policy",https://www.afa.go.ke/download/5226/?tmstv=1750232445,https://kirinyaga.go.ke/waiguru-launches-fertilizer-mashinani-initiative-opens-satellite-farm-inputs-depots/,https://kilimo.go.ke/wp-content/uploads/2025/09/Draft-National-Coffee-Policy-2024.pdf,https://osmnx.readthedocs.io/en/stable/user-reference.html,"Estimated for hackathon modelling; validate coordinates, stock and demand with field/OSMnx data before operational use"
R0589,2026,Kirinyaga,Coffee,D08,Togonye ACC Office Satellite Depot,county_satellite,-0.472,37.505,NPK,4400,F01,Kiangoi Coffee Factory,Rung'eto FCS,-0.501303,37.373625,69519,24.8,5,124,476,200,1,14.97,20.21,34.6,3637.0,8,10,0.092,Low,D02,Kianyaga DCC Office Satellite Depot,estimated: haversine distance * 1.35 road factor; replace with OSMnx shortest_path,"estimated from AFA cherry weight proxy; assumed 2,800 kg cherry per acre; fertilizer rates from Draft National Coffee Policy",https://www.afa.go.ke/download/5226/?tmstv=1750232445,https://kirinyaga.go.ke/waiguru-launches-fertilizer-mashinani-initiative-opens-satellite-farm-inputs-depots/,https://kilimo.go.ke/wp-content/uploads/2025/09/Draft-National-Coffee-Policy-2024.pdf,https://osmnx.readthedocs.io/en/stable/user-reference.html,"Estimated for hackathon modelling; validate coordinates, stock and demand with field/OSMnx data before operational use"
R0590,2026,Kirinyaga,Coffee,D08,Togonye ACC Office Satellite Depot,county_satellite,-0.472,37.505,CAN,4100,F01,Kiangoi Coffee Factory,Rung'eto FCS,-0.501303,37.373625,69519,24.8,6,149,476,200,1,14.97,20.21,34.6,3637.0,8,10,0.098,Low,D02,Kianyaga DCC Office Satellite Depot,estimated: haversine distance * 1.35 road factor; replace with OSMnx shortest_path,"estimated from AFA cherry weight proxy; assumed 2,800 kg cherry per acre; fertilizer rates from Draft National Coffee Policy",https://www.afa.go.ke/download/5226/?tmstv=1750232445,https://kirinyaga.go.ke/waiguru-launches-fertilizer-mashinani-initiative-opens-satellite-farm-inputs-depots/,https://kilimo.go.ke/wp-content/uploads/2025/09/Draft-National-Coffee-Policy-2024.pdf,https://osmnx.readthedocs.io/en/stable/user-reference.html,"Estimated for hackathon modelling; validate coordinates, stock and demand with field/OSMnx data before operational use"
R0591,2026,Kirinyaga,Coffee,D08,Togonye ACC Office Satellite Depot,county_satellite,-0.472,37.505,Lime,3600,F01,Kiangoi Coffee Factory,Rung'eto FCS,-0.501303,37.373625,69519,24.8,5,124,476,200,1,14.97,20.21,34.6,3637.0,8,10,0.092,Low,D02,Kianyaga DCC Office Satellite Depot,estimated: haversine distance * 1.35 road factor; replace with OSMnx shortest_path,"estimated from AFA cherry weight proxy; assumed 2,800 kg cherry per acre; fertilizer rates from Draft National Coffee Policy",https://www.afa.go.ke/download/5226/?tmstv=1750232445,https://kirinyaga.go.ke/waiguru-launches-fertilizer-mashinani-initiative-opens-satellite-farm-inputs-depots/,https://kilimo.go.ke/wp-content/uploads/2025/09/Draft-National-Coffee-Policy-2024.pdf,https://osmnx.readthedocs.io/en/stable/user-reference.html,"Estimated for hackathon modelling; validate coordinates, stock and demand with field/OSMnx data before operational use"
R0592,2026,Kirinyaga,Coffee,D08,Togonye ACC Office Satellite Depot,county_satellite,-0.472,37.505,NPK,4400,F02,Kainamui Coffee Factory,New Ngariama FCS,-0.472125,37.459616,386496,138.0,5,690,2650,200,4,5.05,6.81,11.7,1226.0,8,10,0.225,Medium,D07,Ciagini ACC Office Satellite Depot,estimated: haversine distance * 1.35 road factor; replace with OSMnx shortest_path,"estimated from AFA cherry weight proxy; assumed 2,800 kg cherry per acre; fertilizer rates from Draft National Coffee Policy",https://www.afa.go.ke/download/5226/?tmstv=1750232445,https://kirinyaga.go.ke/waiguru-launches-fertilizer-mashinani-initiative-opens-satellite-farm-inputs-depots/,https://kilimo.go.ke/wp-content/uploads/2025/09/Draft-National-Coffee-Policy-2024.pdf,https://osmnx.readthedocs.io/en/stable/user-reference.html,"Estimated for hackathon modelling; validate coordinates, stock and demand with field/OSMnx data before operational use"
R0593,2026,Kirinyaga,Coffee,D08,Togonye ACC Office Satellite Depot,county_satellite,-0.472,37.505,CAN,4100,F02,Kainamui Coffee Factory,New Ngariama FCS,-0.472125,37.459616,386496,138.0,6,828,2650,200,5,5.05,6.81,11.7,1226.0,8,10,0.262,Medium,D07,Ciagini ACC Office Satellite Depot,estimated: haversine distance * 1.35 road factor; replace with OSMnx shortest_path,"estimated from AFA cherry weight proxy; assumed 2,800 kg cherry per acre; fertilizer rates from Draft National Coffee Policy",https://www.afa.go.ke/download/5226/?tmstv=1750232445,https://kirinyaga.go.ke/waiguru-launches-fertilizer-mashinani-initiative-opens-satellite-farm-inputs-depots/,https://kilimo.go.ke/wp-content/uploads/2025/09/Draft-National-Coffee-Policy-2024.pdf,https://osmnx.readthedocs.io/en/stable/user-reference.html,"Estimated for hackathon modelling; validate coordinates, stock and demand with field/OSMnx data before operational use"
R0594,2026,Kirinyaga,Coffee,D08,Togonye ACC Office Satellite Depot,county_satellite,-0.472,37.505,Lime,3600,F02,Kainamui Coffee Factory,New Ngariama FCS,-0.472125,37.459616,386496,138.0,5,690,2650,200,4,5.05,6.81,11.7,1226.0,8,10,0.225,Medium,D07,Ciagini ACC Office Satellite Depot,estimated: haversine distance * 1.35 road factor; replace with OSMnx shortest_path,"estimated from AFA cherry weight proxy; assumed 2,800 kg cherry per acre; fertilizer rates from Draft National Coffee Policy",https://www.afa.go.ke/download/5226/?tmstv=1750232445,https://kirinyaga.go.ke/waiguru-launches-fertilizer-mashinani-initiative-opens-satellite-farm-inputs-depots/,https://kilimo.go.ke/wp-content/uploads/2025/09/Draft-National-Coffee-Policy-2024.pdf,https://osmnx.readthedocs.io/en/stable/user-reference.html,"Estimated for hackathon modelling; validate coordinates, stock and demand with field/OSMnx data before operational use"
R0595,2026,Kirinyaga,Coffee,D08,Togonye ACC Office Satellite Depot,county_satellite,-0.472,37.505,NPK,4400,F03,Kaguyu Coffee Factory,Inoi FCS,-0.503818,37.276883,213771,76.3,5,382,1466,200,2,25.61,34.57,59.3,6223.0,8,10,0.108,Low,D03,Kerugoya CC Office Satellite Depot,estimated: haversine distance * 1.35 road factor; replace with OSMnx shortest_path,"estimated from AFA cherry weight proxy; assumed 2,800 kg cherry per acre; fertilizer rates from Draft National Coffee Policy",https://www.afa.go.ke/download/5226/?tmstv=1750232445,https://kirinyaga.go.ke/waiguru-launches-fertilizer-mashinani-initiative-opens-satellite-farm-inputs-depots/,https://kilimo.go.ke/wp-content/uploads/2025/09/Draft-National-Coffee-Policy-2024.pdf,https://osmnx.readthedocs.io/en/stable/user-reference.html,"Estimated for hackathon modelling; validate coordinates, stock and demand with field/OSMnx data before operational use"
R0596,2026,Kirinyaga,Coffee,D08,Togonye ACC Office Satellite Depot,county_satellite,-0.472,37.505,CAN,4100,F03,Kaguyu Coffee Factory,Inoi FCS,-0.503818,37.276883,213771,76.3,6,458,1466,200,3,25.61,34.57,59.3,6223.0,8,10,0.129,Low,D03,Kerugoya CC Office Satellite Depot,estimated: haversine distance * 1.35 road factor; replace with OSMnx shortest_path,"estimated from AFA cherry weight proxy; assumed 2,800 kg cherry per acre; fertilizer rates from Draft National Coffee Policy",https://www.afa.go.ke/download/5226/?tmstv=1750232445,https://kirinyaga.go.ke/waiguru-launches-fertilizer-mashinani-initiative-opens-satellite-farm-inputs-depots/,https://kilimo.go.ke/wp-content/uploads/2025/09/Draft-National-Coffee-Policy-2024.pdf,https://osmnx.readthedocs.io/en/stable/user-reference.html,"Estimated for hackathon modelling; validate coordinates, stock and demand with field/OSMnx data before operational use"
R0597,2026,Kirinyaga,Coffee,D08,Togonye ACC Office Satellite Depot,county_satellite,-0.472,37.505,Lime,3600,F03,Kaguyu Coffee Factory,Inoi FCS,-0.503818,37.276883,213771,76.3,5,382,1466,200,2,25.61,34.57,59.3,6223.0,8,10,0.108,Low,D03,Kerugoya CC Office Satellite Depot,estimated: haversine distance * 1.35 road factor; replace with OSMnx shortest_path,"estimated from AFA cherry weight proxy; assumed 2,800 kg cherry per acre; fertilizer rates from Draft National Coffee Policy",https://www.afa.go.ke/download/5226/?tmstv=1750232445,https://kirinyaga.go.ke/waiguru-launches-fertilizer-mashinani-initiative-opens-satellite-farm-inputs-depots/,https://kilimo.go.ke/wp-content/uploads/2025/09/Draft-National-Coffee-Policy-2024.pdf,https://osmnx.readthedocs.io/en/stable/user-reference.html,"Estimated for hackathon modelling; validate coordinates, stock and demand with field/OSMnx data before operational use"
R0598,2026,Kirinyaga,Coffee,D08,Togonye ACC Office Satellite Depot,county_satellite,-0.472,37.505,NPK,4400,F04,Kariko Coffee Factory,Inoi FCS,-0.497039,37.273935,800249,285.8,5,1429,5488,200,8,25.84,34.89,59.8,6280.0,8,10,0.391,Medium,D03,Kerugoya CC Office Satellite Depot,estimated: haversine distance * 1.35 road factor; replace with OSMnx shortest_path,"estimated from AFA cherry weight proxy; assumed 2,800 kg cherry per acre; fertilizer rates from Draft National Coffee Policy",https://www.afa.go.ke/download/5226/?tmstv=1750232445,https://kirinyaga.go.ke/waiguru-launches-fertilizer-mashinani-initiative-opens-satellite-farm-inputs-depots/,https://kilimo.go.ke/wp-content/uploads/2025/09/Draft-National-Coffee-Policy-2024.pdf,https://osmnx.readthedocs.io/en/stable/user-reference.html,"Estimated for hackathon modelling; validate coordinates, stock and demand with field/OSMnx data before operational use"
R0599,2026,Kirinyaga,Coffee,D08,Togonye ACC Office Satellite Depot,county_satellite,-0.472,37.505,CAN,4100,F04,Kariko Coffee Factory,Inoi FCS,-0.497039,37.273935,800249,285.8,6,1715,5488,200,9,25.84,34.89,59.8,6280.0,8,10,0.468,High,D03,Kerugoya CC Office Satellite Depot,estimated: haversine distance * 1.35 road factor; replace with OSMnx shortest_path,"estimated from AFA cherry weight proxy; assumed 2,800 kg cherry per acre; fertilizer rates from Draft National Coffee Policy",https://www.afa.go.ke/download/5226/?tmstv=1750232445,https://kirinyaga.go.ke/waiguru-launches-fertilizer-mashinani-initiative-opens-satellite-farm-inputs-depots/,https://kilimo.go.ke/wp-content/uploads/2025/09/Draft-National-Coffee-Policy-2024.pdf,https://osmnx.readthedocs.io/en/stable/user-reference.html,"Estimated for hackathon modelling; validate coordinates, stock and demand with field/OSMnx data before operational use"
R0600,2026,Kirinyaga,Coffee,D08,Togonye ACC Office Satellite Depot,county_satellite,-0.472,37.505,Lime,3600,F04,Kariko Coffee Factory,Inoi FCS,-0.497039,37.273935,800249,285.8,5,1429,5488,200,8,25.84,34.89,59.8,6280.0,8,10,0.391,Medium,D03,Kerugoya CC Office Satellite Depot,estimated: haversine distance * 1.35 road factor; replace with OSMnx shortest_path,"estimated from AFA cherry weight proxy; assumed 2,800 kg cherry per acre; fertilizer rates from Draft National Coffee Policy",https://www.afa.go.ke/download/5226/?tmstv=1750232445,https://kirinyaga.go.ke/waiguru-launches-fertilizer-mashinani-initiative-opens-satellite-farm-inputs-depots/,https://kilimo.go.ke/wp-content/uploads/2025/09/Draft-National-Coffee-Policy-2024.pdf,https://osmnx.readthedocs.io/en/stable/user-reference.html,"Estimated for hackathon modelling; validate coordinates, stock and demand with field/OSMnx data before operational use"
R0601,2026,Kirinyaga,Coffee,D08,Togonye ACC Office Satellite Depot,county_satellite,-0.472,37.505,NPK,4400,F05,Mushagara Coffee Factory,Baragwi FCS,-0.41839,37.358649,657558,234.8,5,1174,4508,200,6,17.33,23.4,40.1,4211.0,8,10,0.334,Medium,D02,Kianyaga DCC Office Satellite Depot,estimated: haversine distance * 1.35 road factor; replace with OSMnx shortest_path,"estimated from AFA cherry weight proxy; assumed 2,800 kg cherry per acre; fertilizer rates from Draft National Coffee Policy",https://www.afa.go.ke/download/5226/?tmstv=1750232445,https://kirinyaga.go.ke/waiguru-launches-fertilizer-mashinani-initiative-opens-satellite-farm-inputs-depots/,https://kilimo.go.ke/wp-content/uploads/2025/09/Draft-National-Coffee-Policy-2024.pdf,https://osmnx.readthedocs.io/en/stable/user-reference.html,"Estimated for hackathon modelling; validate coordinates, stock and demand with field/OSMnx data before operational use"
R0602,2026,Kirinyaga,Coffee,D08,Togonye ACC Office Satellite Depot,county_satellite,-0.472,37.505,CAN,4100,F05,Mushagara Coffee Factory,Baragwi FCS,-0.41839,37.358649,657558,234.8,6,1409,4508,200,8,17.33,23.4,40.1,4211.0,8,10,0.397,Medium,D02,Kianyaga DCC Office Satellite Depot,estimated: haversine distance * 1.35 road factor; replace with OSMnx shortest_path,"estimated from AFA cherry weight proxy; assumed 2,800 kg cherry per acre; fertilizer rates from Draft National Coffee Policy",https://www.afa.go.ke/download/5226/?tmstv=1750232445,https://kirinyaga.go.ke/waiguru-launches-fertilizer-mashinani-initiative-opens-satellite-farm-inputs-depots/,https://kilimo.go.ke/wp-content/uploads/2025/09/Draft-National-Coffee-Policy-2024.pdf,https://osmnx.readthedocs.io/en/stable/user-reference.html,"Estimated for hackathon modelling; validate coordinates, stock and demand with field/OSMnx data before operational use"
R0603,2026,Kirinyaga,Coffee,D08,Togonye ACC Office Satellite Depot,county_satellite,-0.472,37.505,Lime,3600,F05,Mushagara Coffee Factory,Baragwi FCS,-0.41839,37.358649,657558,234.8,5,1174,4508,200,6,17.33,23.4,40.1,4211.0,8,10,0.334,Medium,D02,Kianyaga DCC Office Satellite Depot,estimated: haversine distance * 1.35 road factor; replace with OSMnx shortest_path,"estimated from AFA cherry weight proxy; assumed 2,800 kg cherry per acre; fertilizer rates from Draft National Coffee Policy",https://www.afa.go.ke/download/5226/?tmstv=1750232445,https://kirinyaga.go.ke/waiguru-launches-fertilizer-mashinani-initiative-opens-satellite-farm-inputs-depots/,https://kilimo.go.ke/wp-content/uploads/2025/09/Draft-National-Coffee-Policy-2024.pdf,https://osmnx.readthedocs.io/en/stable/user-reference.html,"Estimated for hackathon modelling; validate coordinates, stock and demand with field/OSMnx data before operational use"
R0604,2026,Kirinyaga,Coffee,D08,Togonye ACC Office Satellite Depot,county_satellite,-0.472,37.505,NPK,4400,F06,Gachami Coffee Factory,Baragwi FCS,-0.443407,37.368027,1318667,471.0,5,2355,9043,200,12,15.56,21.0,36.0,3781.0,8,10,0.64,High,D02,Kianyaga DCC Office Satellite Depot,estimated: haversine distance * 1.35 road factor; replace with OSMnx shortest_path,"estimated from AFA cherry weight proxy; assumed 2,800 kg cherry per acre; fertilizer rates from Draft National Coffee Policy",https://www.afa.go.ke/download/5226/?tmstv=1750232445,https://kirinyaga.go.ke/waiguru-launches-fertilizer-mashinani-initiative-opens-satellite-farm-inputs-depots/,https://kilimo.go.ke/wp-content/uploads/2025/09/Draft-National-Coffee-Policy-2024.pdf,https://osmnx.readthedocs.io/en/stable/user-reference.html,"Estimated for hackathon modelling; validate coordinates, stock and demand with field/OSMnx data before operational use"
R0605,2026,Kirinyaga,Coffee,D08,Togonye ACC Office Satellite Depot,county_satellite,-0.472,37.505,CAN,4100,F06,Gachami Coffee Factory,Baragwi FCS,-0.443407,37.368027,1318667,471.0,6,2826,9043,200,15,15.56,21.0,36.0,3781.0,8,10,0.706,High,D02,Kianyaga DCC Office Satellite Depot,estimated: haversine distance * 1.35 road factor; replace with OSMnx shortest_path,"estimated from AFA cherry weight proxy; assumed 2,800 kg cherry per acre; fertilizer rates from Draft National Coffee Policy",https://www.afa.go.ke/download/5226/?tmstv=1750232445,https://kirinyaga.go.ke/waiguru-launches-fertilizer-mashinani-initiative-opens-satellite-farm-inputs-depots/,https://kilimo.go.ke/wp-content/uploads/2025/09/Draft-National-Coffee-Policy-2024.pdf,https://osmnx.readthedocs.io/en/stable/user-reference.html,"Estimated for hackathon modelling; validate coordinates, stock and demand with field/OSMnx data before operational use"
R0606,2026,Kirinyaga,Coffee,D08,Togonye ACC Office Satellite Depot,county_satellite,-0.472,37.505,Lime,3600,F06,Gachami Coffee Factory,Baragwi FCS,-0.443407,37.368027,1318667,471.0,5,2355,9043,200,12,15.56,21.0,36.0,3781.0,8,10,0.64,High,D02,Kianyaga DCC Office Satellite Depot,estimated: haversine distance * 1.35 road factor; replace with OSMnx shortest_path,"estimated from AFA cherry weight proxy; assumed 2,800 kg cherry per acre; fertilizer rates from Draft National Coffee Policy",https://www.afa.go.ke/download/5226/?tmstv=1750232445,https://kirinyaga.go.ke/waiguru-launches-fertilizer-mashinani-initiative-opens-satellite-farm-inputs-depots/,https://kilimo.go.ke/wp-content/uploads/2025/09/Draft-National-Coffee-Policy-2024.pdf,https://osmnx.readthedocs.io/en/stable/user-reference.html,"Estimated for hackathon modelling; validate coordinates, stock and demand with field/OSMnx data before operational use"
R0607,2026,Kirinyaga,Coffee,D08,Togonye ACC Office Satellite Depot,county_satellite,-0.472,37.505,NPK,4400,F07,Konyu Coffee Factory,Kabare FCS,-0.543367,37.326494,193060,69.0,5,345,1325,200,2,21.38,28.86,49.5,5194.0,8,10,0.12,Low,D05,Baricho DCC Office Satellite Depot,estimated: haversine distance * 1.35 road factor; replace with OSMnx shortest_path,"estimated from AFA cherry weight proxy; assumed 2,800 kg cherry per acre; fertilizer rates from Draft National Coffee Policy",https://www.afa.go.ke/download/5226/?tmstv=1750232445,https://kirinyaga.go.ke/waiguru-launches-fertilizer-mashinani-initiative-opens-satellite-farm-inputs-depots/,https://kilimo.go.ke/wp-content/uploads/2025/09/Draft-National-Coffee-Policy-2024.pdf,https://osmnx.readthedocs.io/en/stable/user-reference.html,"Estimated for hackathon modelling; validate coordinates, stock and demand with field/OSMnx data before operational use"
R0608,2026,Kirinyaga,Coffee,D08,Togonye ACC Office Satellite Depot,county_satellite,-0.472,37.505,CAN,4100,F07,Konyu Coffee Factory,Kabare FCS,-0.543367,37.326494,193060,69.0,6,414,1325,200,3,21.38,28.86,49.5,5194.0,8,10,0.138,Low,D05,Baricho DCC Office Satellite Depot,estimated: haversine distance * 1.35 road factor; replace with OSMnx shortest_path,"estimated from AFA cherry weight proxy; assumed 2,800 kg cherry per acre; fertilizer rates from Draft National Coffee Policy",https://www.afa.go.ke/download/5226/?tmstv=1750232445,https://kirinyaga.go.ke/waiguru-launches-fertilizer-mashinani-initiative-opens-satellite-farm-inputs-depots/,https://kilimo.go.ke/wp-content/uploads/2025/09/Draft-National-Coffee-Policy-2024.pdf,https://osmnx.readthedocs.io/en/stable/user-reference.html,"Estimated for hackathon modelling; validate coordinates, stock and demand with field/OSMnx data before operational use"
R0609,2026,Kirinyaga,Coffee,D08,Togonye ACC Office Satellite Depot,county_satellite,-0.472,37.505,Lime,3600,F07,Konyu Coffee Factory,Kabare FCS,-0.543367,37.326494,193060,69.0,5,345,1325,200,2,21.38,28.86,49.5,5194.0,8,10,0.12,Low,D05,Baricho DCC Office Satellite Depot,estimated: haversine distance * 1.35 road factor; replace with OSMnx shortest_path,"estimated from AFA cherry weight proxy; assumed 2,800 kg cherry per acre; fertilizer rates from Draft National Coffee Policy",https://www.afa.go.ke/download/5226/?tmstv=1750232445,https://kirinyaga.go.ke/waiguru-launches-fertilizer-mashinani-initiative-opens-satellite-farm-inputs-depots/,https://kilimo.go.ke/wp-content/uploads/2025/09/Draft-National-Coffee-Policy-2024.pdf,https://osmnx.readthedocs.io/en/stable/user-reference.html,"Estimated for hackathon modelling; validate coordinates, stock and demand with field/OSMnx data before operational use"
R0610,2026,Kirinyaga,Coffee,D08,Togonye ACC Office Satellite Depot,county_satellite,-0.472,37.505,NPK,4400,F08,Thunguri Coffee Factory,Kibirigwi FCS,-0.559251,37.158225,842805,301.0,5,1505,5779,200,8,39.76,53.68,92.0,9662.0,8,10,0.51,High,D09,Sagana NCPB Depot,estimated: haversine distance * 1.35 road factor; replace with OSMnx shortest_path,"estimated from AFA cherry weight proxy; assumed 2,800 kg cherry per acre; fertilizer rates from Draft National Coffee Policy",https://www.afa.go.ke/download/5226/?tmstv=1750232445,https://kirinyaga.go.ke/waiguru-launches-fertilizer-mashinani-initiative-opens-satellite-farm-inputs-depots/,https://kilimo.go.ke/wp-content/uploads/2025/09/Draft-National-Coffee-Policy-2024.pdf,https://osmnx.readthedocs.io/en/stable/user-reference.html,"Estimated for hackathon modelling; validate coordinates, stock and demand with field/OSMnx data before operational use"
R0611,2026,Kirinyaga,Coffee,D08,Togonye ACC Office Satellite Depot,county_satellite,-0.472,37.505,CAN,4100,F08,Thunguri Coffee Factory,Kibirigwi FCS,-0.559251,37.158225,842805,301.0,6,1806,5779,200,10,39.76,53.68,92.0,9662.0,8,10,0.591,High,D09,Sagana NCPB Depot,estimated: haversine distance * 1.35 road factor; replace with OSMnx shortest_path,"estimated from AFA cherry weight proxy; assumed 2,800 kg cherry per acre; fertilizer rates from Draft National Coffee Policy",https://www.afa.go.ke/download/5226/?tmstv=1750232445,https://kirinyaga.go.ke/waiguru-launches-fertilizer-mashinani-initiative-opens-satellite-farm-inputs-depots/,https://kilimo.go.ke/wp-content/uploads/2025/09/Draft-National-Coffee-Policy-2024.pdf,https://osmnx.readthedocs.io/en/stable/user-reference.html,"Estimated for hackathon modelling; validate coordinates, stock and demand with field/OSMnx data before operational use"
R0612,2026,Kirinyaga,Coffee,D08,Togonye ACC Office Satellite Depot,county_satellite,-0.472,37.505,Lime,3600,F08,Thunguri Coffee Factory,Kibirigwi FCS,-0.559251,37.158225,842805,301.0,5,1505,5779,200,8,39.76,53.68,92.0,9662.0,8,10,0.51,High,D09,Sagana NCPB Depot,estimated: haversine distance * 1.35 road factor; replace with OSMnx shortest_path,"estimated from AFA cherry weight proxy; assumed 2,800 kg cherry per acre; fertilizer rates from Draft National Coffee Policy",https://www.afa.go.ke/download/5226/?tmstv=1750232445,https://kirinyaga.go.ke/waiguru-launches-fertilizer-mashinani-initiative-opens-satellite-farm-inputs-depots/,https://kilimo.go.ke/wp-content/uploads/2025/09/Draft-National-Coffee-Policy-2024.pdf,https://osmnx.readthedocs.io/en/stable/user-reference.html,"Estimated for hackathon modelling; validate coordinates, stock and demand with field/OSMnx data before operational use"
R0613,2026,Kirinyaga,Coffee,D08,Togonye ACC Office Satellite Depot,county_satellite,-0.472,37.505,NPK,4400,F09,Kiandieri Coffee Factory,Inoi FCS,-0.500398,37.283446,98015,35.0,5,175,672,200,1,24.84,33.53,57.5,6035.0,8,10,0.05,Low,D03,Kerugoya CC Office Satellite Depot,estimated: haversine distance * 1.35 road factor; replace with OSMnx shortest_path,"estimated from AFA cherry weight proxy; assumed 2,800 kg cherry per acre; fertilizer rates from Draft National Coffee Policy",https://www.afa.go.ke/download/5226/?tmstv=1750232445,https://kirinyaga.go.ke/waiguru-launches-fertilizer-mashinani-initiative-opens-satellite-farm-inputs-depots/,https://kilimo.go.ke/wp-content/uploads/2025/09/Draft-National-Coffee-Policy-2024.pdf,https://osmnx.readthedocs.io/en/stable/user-reference.html,"Estimated for hackathon modelling; validate coordinates, stock and demand with field/OSMnx data before operational use"
R0614,2026,Kirinyaga,Coffee,D08,Togonye ACC Office Satellite Depot,county_satellite,-0.472,37.505,CAN,4100,F09,Kiandieri Coffee Factory,Inoi FCS,-0.500398,37.283446,98015,35.0,6,210,672,200,2,24.84,33.53,57.5,6035.0,8,10,0.06,Low,D03,Kerugoya CC Office Satellite Depot,estimated: haversine distance * 1.35 road factor; replace with OSMnx shortest_path,"estimated from AFA cherry weight proxy; assumed 2,800 kg cherry per acre; fertilizer rates from Draft National Coffee Policy",https://www.afa.go.ke/download/5226/?tmstv=1750232445,https://kirinyaga.go.ke/waiguru-launches-fertilizer-mashinani-initiative-opens-satellite-farm-inputs-depots/,https://kilimo.go.ke/wp-content/uploads/2025/09/Draft-National-Coffee-Policy-2024.pdf,https://osmnx.readthedocs.io/en/stable/user-reference.html,"Estimated for hackathon modelling; validate coordinates, stock and demand with field/OSMnx data before operational use"
R0615,2026,Kirinyaga,Coffee,D08,Togonye ACC Office Satellite Depot,county_satellite,-0.472,37.505,Lime,3600,F09,Kiandieri Coffee Factory,Inoi FCS,-0.500398,37.283446,98015,35.0,5,175,672,200,1,24.84,33.53,57.5,6035.0,8,10,0.05,Low,D03,Kerugoya CC Office Satellite Depot,estimated: haversine distance * 1.35 road factor; replace with OSMnx shortest_path,"estimated from AFA cherry weight proxy; assumed 2,800 kg cherry per acre; fertilizer rates from Draft National Coffee Policy",https://www.afa.go.ke/download/5226/?tmstv=1750232445,https://kirinyaga.go.ke/waiguru-launches-fertilizer-mashinani-initiative-opens-satellite-farm-inputs-depots/,https://kilimo.go.ke/wp-content/uploads/2025/09/Draft-National-Coffee-Policy-2024.pdf,https://osmnx.readthedocs.io/en/stable/user-reference.html,"Estimated for hackathon modelling; validate coordinates, stock and demand with field/OSMnx data before operational use"
R0616,2026,Kirinyaga,Coffee,D08,Togonye ACC Office Satellite Depot,county_satellite,-0.472,37.505,NPK,4400,F10,Rutui Coffee Factory,Inoi FCS,-0.491453,37.280532,202521,72.3,5,362,1390,200,2,25.05,33.82,58.0,6088.0,8,10,0.104,Low,D03,Kerugoya CC Office Satellite Depot,estimated: haversine distance * 1.35 road factor; replace with OSMnx shortest_path,"estimated from AFA cherry weight proxy; assumed 2,800 kg cherry per acre; fertilizer rates from Draft National Coffee Policy",https://www.afa.go.ke/download/5226/?tmstv=1750232445,https://kirinyaga.go.ke/waiguru-launches-fertilizer-mashinani-initiative-opens-satellite-farm-inputs-depots/,https://kilimo.go.ke/wp-content/uploads/2025/09/Draft-National-Coffee-Policy-2024.pdf,https://osmnx.readthedocs.io/en/stable/user-reference.html,"Estimated for hackathon modelling; validate coordinates, stock and demand with field/OSMnx data before operational use"
R0617,2026,Kirinyaga,Coffee,D08,Togonye ACC Office Satellite Depot,county_satellite,-0.472,37.505,CAN,4100,F10,Rutui Coffee Factory,Inoi FCS,-0.491453,37.280532,202521,72.3,6,434,1390,200,3,25.05,33.82,58.0,6088.0,8,10,0.124,Low,D03,Kerugoya CC Office Satellite Depot,estimated: haversine distance * 1.35 road factor; replace with OSMnx shortest_path,"estimated from AFA cherry weight proxy; assumed 2,800 kg cherry per acre; fertilizer rates from Draft National Coffee Policy",https://www.afa.go.ke/download/5226/?tmstv=1750232445,https://kirinyaga.go.ke/waiguru-launches-fertilizer-mashinani-initiative-opens-satellite-farm-inputs-depots/,https://kilimo.go.ke/wp-content/uploads/2025/09/Draft-National-Coffee-Policy-2024.pdf,https://osmnx.readthedocs.io/en/stable/user-reference.html,"Estimated for hackathon modelling; validate coordinates, stock and demand with field/OSMnx data before operational use"
R0618,2026,Kirinyaga,Coffee,D08,Togonye ACC Office Satellite Depot,county_satellite,-0.472,37.505,Lime,3600,F10,Rutui Coffee Factory,Inoi FCS,-0.491453,37.280532,202521,72.3,5,362,1390,200,2,25.05,33.82,58.0,6088.0,8,10,0.104,Low,D03,Kerugoya CC Office Satellite Depot,estimated: haversine distance * 1.35 road factor; replace with OSMnx shortest_path,"estimated from AFA cherry weight proxy; assumed 2,800 kg cherry per acre; fertilizer rates from Draft National Coffee Policy",https://www.afa.go.ke/download/5226/?tmstv=1750232445,https://kirinyaga.go.ke/waiguru-launches-fertilizer-mashinani-initiative-opens-satellite-farm-inputs-depots/,https://kilimo.go.ke/wp-content/uploads/2025/09/Draft-National-Coffee-Policy-2024.pdf,https://osmnx.readthedocs.io/en/stable/user-reference.html,"Estimated for hackathon modelling; validate coordinates, stock and demand with field/OSMnx data before operational use"
R0619,2026,Kirinyaga,Coffee,D08,Togonye ACC Office Satellite Depot,county_satellite,-0.472,37.505,NPK,4400,F11,Kiang'ombe Coffee Factory,Kabare FCS,-0.545471,37.335991,421153,150.4,5,752,2887,200,4,20.49,27.66,47.4,4979.0,8,10,0.225,Medium,D05,Baricho DCC Office Satellite Depot,estimated: haversine distance * 1.35 road factor; replace with OSMnx shortest_path,"estimated from AFA cherry weight proxy; assumed 2,800 kg cherry per acre; fertilizer rates from Draft National Coffee Policy",https://www.afa.go.ke/download/5226/?tmstv=1750232445,https://kirinyaga.go.ke/waiguru-launches-fertilizer-mashinani-initiative-opens-satellite-farm-inputs-depots/,https://kilimo.go.ke/wp-content/uploads/2025/09/Draft-National-Coffee-Policy-2024.pdf,https://osmnx.readthedocs.io/en/stable/user-reference.html,"Estimated for hackathon modelling; validate coordinates, stock and demand with field/OSMnx data before operational use"
R0620,2026,Kirinyaga,Coffee,D08,Togonye ACC Office Satellite Depot,county_satellite,-0.472,37.505,CAN,4100,F11,Kiang'ombe Coffee Factory,Kabare FCS,-0.545471,37.335991,421153,150.4,6,902,2887,200,5,20.49,27.66,47.4,4979.0,8,10,0.265,Medium,D05,Baricho DCC Office Satellite Depot,estimated: haversine distance * 1.35 road factor; replace with OSMnx shortest_path,"estimated from AFA cherry weight proxy; assumed 2,800 kg cherry per acre; fertilizer rates from Draft National Coffee Policy",https://www.afa.go.ke/download/5226/?tmstv=1750232445,https://kirinyaga.go.ke/waiguru-launches-fertilizer-mashinani-initiative-opens-satellite-farm-inputs-depots/,https://kilimo.go.ke/wp-content/uploads/2025/09/Draft-National-Coffee-Policy-2024.pdf,https://osmnx.readthedocs.io/en/stable/user-reference.html,"Estimated for hackathon modelling; validate coordinates, stock and demand with field/OSMnx data before operational use"
R0621,2026,Kirinyaga,Coffee,D08,Togonye ACC Office Satellite Depot,county_satellite,-0.472,37.505,Lime,3600,F11,Kiang'ombe Coffee Factory,Kabare FCS,-0.545471,37.335991,421153,150.4,5,752,2887,200,4,20.49,27.66,47.4,4979.0,8,10,0.225,Medium,D05,Baricho DCC Office Satellite Depot,estimated: haversine distance * 1.35 road factor; replace with OSMnx shortest_path,"estimated from AFA cherry weight proxy; assumed 2,800 kg cherry per acre; fertilizer rates from Draft National Coffee Policy",https://www.afa.go.ke/download/5226/?tmstv=1750232445,https://kirinyaga.go.ke/waiguru-launches-fertilizer-mashinani-initiative-opens-satellite-farm-inputs-depots/,https://kilimo.go.ke/wp-content/uploads/2025/09/Draft-National-Coffee-Policy-2024.pdf,https://osmnx.readthedocs.io/en/stable/user-reference.html,"Estimated for hackathon modelling; validate coordinates, stock and demand with field/OSMnx data before operational use"
R0622,2026,Kirinyaga,Coffee,D08,Togonye ACC Office Satellite Depot,county_satellite,-0.472,37.505,NPK,4400,F12,Guama Coffee Factory,Baragwi FCS,-0.436799,37.373277,640750,228.8,5,1144,4393,200,6,15.16,20.47,35.1,3684.0,8,10,0.315,Medium,D02,Kianyaga DCC Office Satellite Depot,estimated: haversine distance * 1.35 road factor; replace with OSMnx shortest_path,"estimated from AFA cherry weight proxy; assumed 2,800 kg cherry per acre; fertilizer rates from Draft National Coffee Policy",https://www.afa.go.ke/download/5226/?tmstv=1750232445,https://kirinyaga.go.ke/waiguru-launches-fertilizer-mashinani-initiative-opens-satellite-farm-inputs-depots/,https://kilimo.go.ke/wp-content/uploads/2025/09/Draft-National-Coffee-Policy-2024.pdf,https://osmnx.readthedocs.io/en/stable/user-reference.html,"Estimated for hackathon modelling; validate coordinates, stock and demand with field/OSMnx data before operational use"
R0623,2026,Kirinyaga,Coffee,D08,Togonye ACC Office Satellite Depot,county_satellite,-0.472,37.505,CAN,4100,F12,Guama Coffee Factory,Baragwi FCS,-0.436799,37.373277,640750,228.8,6,1373,4393,200,7,15.16,20.47,35.1,3684.0,8,10,0.376,Medium,D02,Kianyaga DCC Office Satellite Depot,estimated: haversine distance * 1.35 road factor; replace with OSMnx shortest_path,"estimated from AFA cherry weight proxy; assumed 2,800 kg cherry per acre; fertilizer rates from Draft National Coffee Policy",https://www.afa.go.ke/download/5226/?tmstv=1750232445,https://kirinyaga.go.ke/waiguru-launches-fertilizer-mashinani-initiative-opens-satellite-farm-inputs-depots/,https://kilimo.go.ke/wp-content/uploads/2025/09/Draft-National-Coffee-Policy-2024.pdf,https://osmnx.readthedocs.io/en/stable/user-reference.html,"Estimated for hackathon modelling; validate coordinates, stock and demand with field/OSMnx data before operational use"
R0624,2026,Kirinyaga,Coffee,D08,Togonye ACC Office Satellite Depot,county_satellite,-0.472,37.505,Lime,3600,F12,Guama Coffee Factory,Baragwi FCS,-0.436799,37.373277,640750,228.8,5,1144,4393,200,6,15.16,20.47,35.1,3684.0,8,10,0.315,Medium,D02,Kianyaga DCC Office Satellite Depot,estimated: haversine distance * 1.35 road factor; replace with OSMnx shortest_path,"estimated from AFA cherry weight proxy; assumed 2,800 kg cherry per acre; fertilizer rates from Draft National Coffee Policy",https://www.afa.go.ke/download/5226/?tmstv=1750232445,https://kirinyaga.go.ke/waiguru-launches-fertilizer-mashinani-initiative-opens-satellite-farm-inputs-depots/,https://kilimo.go.ke/wp-content/uploads/2025/09/Draft-National-Coffee-Policy-2024.pdf,https://osmnx.readthedocs.io/en/stable/user-reference.html,"Estimated for hackathon modelling; validate coordinates, stock and demand with field/OSMnx data before operational use"
R0625,2026,Kirinyaga,Coffee,D08,Togonye ACC Office Satellite Depot,county_satellite,-0.472,37.505,NPK,4400,F13,Kiri Coffee Factory,Ngiriambu FCS,-0.442714,37.429183,304470,108.7,5,544,2088,200,3,9.04,12.2,20.9,2196.0,8,10,0.204,Low,D02,Kianyaga DCC Office Satellite Depot,estimated: haversine distance * 1.35 road factor; replace with OSMnx shortest_path,"estimated from AFA cherry weight proxy; assumed 2,800 kg cherry per acre; fertilizer rates from Draft National Coffee Policy",https://www.afa.go.ke/download/5226/?tmstv=1750232445,https://kirinyaga.go.ke/waiguru-launches-fertilizer-mashinani-initiative-opens-satellite-farm-inputs-depots/,https://kilimo.go.ke/wp-content/uploads/2025/09/Draft-National-Coffee-Policy-2024.pdf,https://osmnx.readthedocs.io/en/stable/user-reference.html,"Estimated for hackathon modelling; validate coordinates, stock and demand with field/OSMnx data before operational use"
R0626,2026,Kirinyaga,Coffee,D08,Togonye ACC Office Satellite Depot,county_satellite,-0.472,37.505,CAN,4100,F13,Kiri Coffee Factory,Ngiriambu FCS,-0.442714,37.429183,304470,108.7,6,652,2088,200,4,9.04,12.2,20.9,2196.0,8,10,0.233,Medium,D02,Kianyaga DCC Office Satellite Depot,estimated: haversine distance * 1.35 road factor; replace with OSMnx shortest_path,"estimated from AFA cherry weight proxy; assumed 2,800 kg cherry per acre; fertilizer rates from Draft National Coffee Policy",https://www.afa.go.ke/download/5226/?tmstv=1750232445,https://kirinyaga.go.ke/waiguru-launches-fertilizer-mashinani-initiative-opens-satellite-farm-inputs-depots/,https://kilimo.go.ke/wp-content/uploads/2025/09/Draft-National-Coffee-Policy-2024.pdf,https://osmnx.readthedocs.io/en/stable/user-reference.html,"Estimated for hackathon modelling; validate coordinates, stock and demand with field/OSMnx data before operational use"
R0627,2026,Kirinyaga,Coffee,D08,Togonye ACC Office Satellite Depot,county_satellite,-0.472,37.505,Lime,3600,F13,Kiri Coffee Factory,Ngiriambu FCS,-0.442714,37.429183,304470,108.7,5,544,2088,200,3,9.04,12.2,20.9,2196.0,8,10,0.204,Low,D02,Kianyaga DCC Office Satellite Depot,estimated: haversine distance * 1.35 road factor; replace with OSMnx shortest_path,"estimated from AFA cherry weight proxy; assumed 2,800 kg cherry per acre; fertilizer rates from Draft National Coffee Policy",https://www.afa.go.ke/download/5226/?tmstv=1750232445,https://kirinyaga.go.ke/waiguru-launches-fertilizer-mashinani-initiative-opens-satellite-farm-inputs-depots/,https://kilimo.go.ke/wp-content/uploads/2025/09/Draft-National-Coffee-Policy-2024.pdf,https://osmnx.readthedocs.io/en/stable/user-reference.html,"Estimated for hackathon modelling; validate coordinates, stock and demand with field/OSMnx data before operational use"
R0628,2026,Kirinyaga,Coffee,D08,Togonye ACC Office Satellite Depot,county_satellite,-0.472,37.505,NPK,4400,F14,Kiangothe Coffee Factory,Kabare FCS,-0.531036,37.332984,377824,134.9,5,675,2592,200,4,20.22,27.3,46.8,4914.0,8,10,0.217,Medium,D05,Baricho DCC Office Satellite Depot,estimated: haversine distance * 1.35 road factor; replace with OSMnx shortest_path,"estimated from AFA cherry weight proxy; assumed 2,800 kg cherry per acre; fertilizer rates from Draft National Coffee Policy",https://www.afa.go.ke/download/5226/?tmstv=1750232445,https://kirinyaga.go.ke/waiguru-launches-fertilizer-mashinani-initiative-opens-satellite-farm-inputs-depots/,https://kilimo.go.ke/wp-content/uploads/2025/09/Draft-National-Coffee-Policy-2024.pdf,https://osmnx.readthedocs.io/en/stable/user-reference.html,"Estimated for hackathon modelling; validate coordinates, stock and demand with field/OSMnx data before operational use"
R0629,2026,Kirinyaga,Coffee,D08,Togonye ACC Office Satellite Depot,county_satellite,-0.472,37.505,CAN,4100,F14,Kiangothe Coffee Factory,Kabare FCS,-0.531036,37.332984,377824,134.9,6,810,2592,200,5,20.22,27.3,46.8,4914.0,8,10,0.254,Medium,D05,Baricho DCC Office Satellite Depot,estimated: haversine distance * 1.35 road factor; replace with OSMnx shortest_path,"estimated from AFA cherry weight proxy; assumed 2,800 kg cherry per acre; fertilizer rates from Draft National Coffee Policy",https://www.afa.go.ke/download/5226/?tmstv=1750232445,https://kirinyaga.go.ke/waiguru-launches-fertilizer-mashinani-initiative-opens-satellite-farm-inputs-depots/,https://kilimo.go.ke/wp-content/uploads/2025/09/Draft-National-Coffee-Policy-2024.pdf,https://osmnx.readthedocs.io/en/stable/user-reference.html,"Estimated for hackathon modelling; validate coordinates, stock and demand with field/OSMnx data before operational use"
R0630,2026,Kirinyaga,Coffee,D08,Togonye ACC Office Satellite Depot,county_satellite,-0.472,37.505,Lime,3600,F14,Kiangothe Coffee Factory,Kabare FCS,-0.531036,37.332984,377824,134.9,5,675,2592,200,4,20.22,27.3,46.8,4914.0,8,10,0.217,Medium,D05,Baricho DCC Office Satellite Depot,estimated: haversine distance * 1.35 road factor; replace with OSMnx shortest_path,"estimated from AFA cherry weight proxy; assumed 2,800 kg cherry per acre; fertilizer rates from Draft National Coffee Policy",https://www.afa.go.ke/download/5226/?tmstv=1750232445,https://kirinyaga.go.ke/waiguru-launches-fertilizer-mashinani-initiative-opens-satellite-farm-inputs-depots/,https://kilimo.go.ke/wp-content/uploads/2025/09/Draft-National-Coffee-Policy-2024.pdf,https://osmnx.readthedocs.io/en/stable/user-reference.html,"Estimated for hackathon modelling; validate coordinates, stock and demand with field/OSMnx data before operational use"
R0631,2026,Kirinyaga,Coffee,D08,Togonye ACC Office Satellite Depot,county_satellite,-0.472,37.505,NPK,4400,F15,Kimandi Coffee Factory,Kabare FCS,-0.521263,37.335519,750940,268.2,5,1341,5149,200,7,19.62,26.49,45.4,4769.0,8,10,0.405,Medium,D05,Baricho DCC Office Satellite Depot,estimated: haversine distance * 1.35 road factor; replace with OSMnx shortest_path,"estimated from AFA cherry weight proxy; assumed 2,800 kg cherry per acre; fertilizer rates from Draft National Coffee Policy",https://www.afa.go.ke/download/5226/?tmstv=1750232445,https://kirinyaga.go.ke/waiguru-launches-fertilizer-mashinani-initiative-opens-satellite-farm-inputs-depots/,https://kilimo.go.ke/wp-content/uploads/2025/09/Draft-National-Coffee-Policy-2024.pdf,https://osmnx.readthedocs.io/en/stable/user-reference.html,"Estimated for hackathon modelling; validate coordinates, stock and demand with field/OSMnx data before operational use"
R0632,2026,Kirinyaga,Coffee,D08,Togonye ACC Office Satellite Depot,county_satellite,-0.472,37.505,CAN,4100,F15,Kimandi Coffee Factory,Kabare FCS,-0.521263,37.335519,750940,268.2,6,1609,5149,200,9,19.62,26.49,45.4,4769.0,8,10,0.477,High,D05,Baricho DCC Office Satellite Depot,estimated: haversine distance * 1.35 road factor; replace with OSMnx shortest_path,"estimated from AFA cherry weight proxy; assumed 2,800 kg cherry per acre; fertilizer rates from Draft National Coffee Policy",https://www.afa.go.ke/download/5226/?tmstv=1750232445,https://kirinyaga.go.ke/waiguru-launches-fertilizer-mashinani-initiative-opens-satellite-farm-inputs-depots/,https://kilimo.go.ke/wp-content/uploads/2025/09/Draft-National-Coffee-Policy-2024.pdf,https://osmnx.readthedocs.io/en/stable/user-reference.html,"Estimated for hackathon modelling; validate coordinates, stock and demand with field/OSMnx data before operational use"
R0633,2026,Kirinyaga,Coffee,D08,Togonye ACC Office Satellite Depot,county_satellite,-0.472,37.505,Lime,3600,F15,Kimandi Coffee Factory,Kabare FCS,-0.521263,37.335519,750940,268.2,5,1341,5149,200,7,19.62,26.49,45.4,4769.0,8,10,0.405,Medium,D05,Baricho DCC Office Satellite Depot,estimated: haversine distance * 1.35 road factor; replace with OSMnx shortest_path,"estimated from AFA cherry weight proxy; assumed 2,800 kg cherry per acre; fertilizer rates from Draft National Coffee Policy",https://www.afa.go.ke/download/5226/?tmstv=1750232445,https://kirinyaga.go.ke/waiguru-launches-fertilizer-mashinani-initiative-opens-satellite-farm-inputs-depots/,https://kilimo.go.ke/wp-content/uploads/2025/09/Draft-National-Coffee-Policy-2024.pdf,https://osmnx.readthedocs.io/en/stable/user-reference.html,"Estimated for hackathon modelling; validate coordinates, stock and demand with field/OSMnx data before operational use"
R0634,2026,Kirinyaga,Coffee,D08,Togonye ACC Office Satellite Depot,county_satellite,-0.472,37.505,NPK,4400,F16,Kariaini Coffee Factory,Mwirua FCS,-0.405464,37.398149,363274,129.7,5,649,2491,200,4,14.0,18.89,32.4,3401.0,8,10,0.215,Medium,D02,Kianyaga DCC Office Satellite Depot,estimated: haversine distance * 1.35 road factor; replace with OSMnx shortest_path,"estimated from AFA cherry weight proxy; assumed 2,800 kg cherry per acre; fertilizer rates from Draft National Coffee Policy",https://www.afa.go.ke/download/5226/?tmstv=1750232445,https://kirinyaga.go.ke/waiguru-launches-fertilizer-mashinani-initiative-opens-satellite-farm-inputs-depots/,https://kilimo.go.ke/wp-content/uploads/2025/09/Draft-National-Coffee-Policy-2024.pdf,https://osmnx.readthedocs.io/en/stable/user-reference.html,"Estimated for hackathon modelling; validate coordinates, stock and demand with field/OSMnx data before operational use"
R0635,2026,Kirinyaga,Coffee,D08,Togonye ACC Office Satellite Depot,county_satellite,-0.472,37.505,CAN,4100,F16,Kariaini Coffee Factory,Mwirua FCS,-0.405464,37.398149,363274,129.7,6,778,2491,200,4,14.0,18.89,32.4,3401.0,8,10,0.25,Medium,D02,Kianyaga DCC Office Satellite Depot,estimated: haversine distance * 1.35 road factor; replace with OSMnx shortest_path,"estimated from AFA cherry weight proxy; assumed 2,800 kg cherry per acre; fertilizer rates from Draft National Coffee Policy",https://www.afa.go.ke/download/5226/?tmstv=1750232445,https://kirinyaga.go.ke/waiguru-launches-fertilizer-mashinani-initiative-opens-satellite-farm-inputs-depots/,https://kilimo.go.ke/wp-content/uploads/2025/09/Draft-National-Coffee-Policy-2024.pdf,https://osmnx.readthedocs.io/en/stable/user-reference.html,"Estimated for hackathon modelling; validate coordinates, stock and demand with field/OSMnx data before operational use"
R0636,2026,Kirinyaga,Coffee,D08,Togonye ACC Office Satellite Depot,county_satellite,-0.472,37.505,Lime,3600,F16,Kariaini Coffee Factory,Mwirua FCS,-0.405464,37.398149,363274,129.7,5,649,2491,200,4,14.0,18.89,32.4,3401.0,8,10,0.215,Medium,D02,Kianyaga DCC Office Satellite Depot,estimated: haversine distance * 1.35 road factor; replace with OSMnx shortest_path,"estimated from AFA cherry weight proxy; assumed 2,800 kg cherry per acre; fertilizer rates from Draft National Coffee Policy",https://www.afa.go.ke/download/5226/?tmstv=1750232445,https://kirinyaga.go.ke/waiguru-launches-fertilizer-mashinani-initiative-opens-satellite-farm-inputs-depots/,https://kilimo.go.ke/wp-content/uploads/2025/09/Draft-National-Coffee-Policy-2024.pdf,https://osmnx.readthedocs.io/en/stable/user-reference.html,"Estimated for hackathon modelling; validate coordinates, stock and demand with field/OSMnx data before operational use"
R0637,2026,Kirinyaga,Coffee,D08,Togonye ACC Office Satellite Depot,county_satellite,-0.472,37.505,NPK,4400,F17,Kamwangi Coffee Factory,New Ngariama FCS,-0.470819,37.484366,634450,226.6,5,1133,4351,200,6,2.3,3.1,5.3,558.0,8,10,0.324,Medium,D08,Togonye ACC Office Satellite Depot,estimated: haversine distance * 1.35 road factor; replace with OSMnx shortest_path,"estimated from AFA cherry weight proxy; assumed 2,800 kg cherry per acre; fertilizer rates from Draft National Coffee Policy",https://www.afa.go.ke/download/5226/?tmstv=1750232445,https://kirinyaga.go.ke/waiguru-launches-fertilizer-mashinani-initiative-opens-satellite-farm-inputs-depots/,https://kilimo.go.ke/wp-content/uploads/2025/09/Draft-National-Coffee-Policy-2024.pdf,https://osmnx.readthedocs.io/en/stable/user-reference.html,"Estimated for hackathon modelling; validate coordinates, stock and demand with field/OSMnx data before operational use"
R0638,2026,Kirinyaga,Coffee,D08,Togonye ACC Office Satellite Depot,county_satellite,-0.472,37.505,CAN,4100,F17,Kamwangi Coffee Factory,New Ngariama FCS,-0.470819,37.484366,634450,226.6,6,1360,4351,200,7,2.3,3.1,5.3,558.0,8,10,0.385,Medium,D08,Togonye ACC Office Satellite Depot,estimated: haversine distance * 1.35 road factor; replace with OSMnx shortest_path,"estimated from AFA cherry weight proxy; assumed 2,800 kg cherry per acre; fertilizer rates from Draft National Coffee Policy",https://www.afa.go.ke/download/5226/?tmstv=1750232445,https://kirinyaga.go.ke/waiguru-launches-fertilizer-mashinani-initiative-opens-satellite-farm-inputs-depots/,https://kilimo.go.ke/wp-content/uploads/2025/09/Draft-National-Coffee-Policy-2024.pdf,https://osmnx.readthedocs.io/en/stable/user-reference.html,"Estimated for hackathon modelling; validate coordinates, stock and demand with field/OSMnx data before operational use"
R0639,2026,Kirinyaga,Coffee,D08,Togonye ACC Office Satellite Depot,county_satellite,-0.472,37.505,Lime,3600,F17,Kamwangi Coffee Factory,New Ngariama FCS,-0.470819,37.484366,634450,226.6,5,1133,4351,200,6,2.3,3.1,5.3,558.0,8,10,0.324,Medium,D08,Togonye ACC Office Satellite Depot,estimated: haversine distance * 1.35 road factor; replace with OSMnx shortest_path,"estimated from AFA cherry weight proxy; assumed 2,800 kg cherry per acre; fertilizer rates from Draft National Coffee Policy",https://www.afa.go.ke/download/5226/?tmstv=1750232445,https://kirinyaga.go.ke/waiguru-launches-fertilizer-mashinani-initiative-opens-satellite-farm-inputs-depots/,https://kilimo.go.ke/wp-content/uploads/2025/09/Draft-National-Coffee-Policy-2024.pdf,https://osmnx.readthedocs.io/en/stable/user-reference.html,"Estimated for hackathon modelling; validate coordinates, stock and demand with field/OSMnx data before operational use"
R0640,2026,Kirinyaga,Coffee,D08,Togonye ACC Office Satellite Depot,county_satellite,-0.472,37.505,NPK,4400,F18,Karumandi Coffee Factory,Baragwi FCS,-0.430607,37.38226,467691,167.0,5,835,3206,200,5,14.4,19.44,33.3,3500.0,8,10,0.241,Medium,D02,Kianyaga DCC Office Satellite Depot,estimated: haversine distance * 1.35 road factor; replace with OSMnx shortest_path,"estimated from AFA cherry weight proxy; assumed 2,800 kg cherry per acre; fertilizer rates from Draft National Coffee Policy",https://www.afa.go.ke/download/5226/?tmstv=1750232445,https://kirinyaga.go.ke/waiguru-launches-fertilizer-mashinani-initiative-opens-satellite-farm-inputs-depots/,https://kilimo.go.ke/wp-content/uploads/2025/09/Draft-National-Coffee-Policy-2024.pdf,https://osmnx.readthedocs.io/en/stable/user-reference.html,"Estimated for hackathon modelling; validate coordinates, stock and demand with field/OSMnx data before operational use"
R0641,2026,Kirinyaga,Coffee,D08,Togonye ACC Office Satellite Depot,county_satellite,-0.472,37.505,CAN,4100,F18,Karumandi Coffee Factory,Baragwi FCS,-0.430607,37.38226,467691,167.0,6,1002,3206,200,6,14.4,19.44,33.3,3500.0,8,10,0.286,Medium,D02,Kianyaga DCC Office Satellite Depot,estimated: haversine distance * 1.35 road factor; replace with OSMnx shortest_path,"estimated from AFA cherry weight proxy; assumed 2,800 kg cherry per acre; fertilizer rates from Draft National Coffee Policy",https://www.afa.go.ke/download/5226/?tmstv=1750232445,https://kirinyaga.go.ke/waiguru-launches-fertilizer-mashinani-initiative-opens-satellite-farm-inputs-depots/,https://kilimo.go.ke/wp-content/uploads/2025/09/Draft-National-Coffee-Policy-2024.pdf,https://osmnx.readthedocs.io/en/stable/user-reference.html,"Estimated for hackathon modelling; validate coordinates, stock and demand with field/OSMnx data before operational use"
R0642,2026,Kirinyaga,Coffee,D08,Togonye ACC Office Satellite Depot,county_satellite,-0.472,37.505,Lime,3600,F18,Karumandi Coffee Factory,Baragwi FCS,-0.430607,37.38226,467691,167.0,5,835,3206,200,5,14.4,19.44,33.3,3500.0,8,10,0.241,Medium,D02,Kianyaga DCC Office Satellite Depot,estimated: haversine distance * 1.35 road factor; replace with OSMnx shortest_path,"estimated from AFA cherry weight proxy; assumed 2,800 kg cherry per acre; fertilizer rates from Draft National Coffee Policy",https://www.afa.go.ke/download/5226/?tmstv=1750232445,https://kirinyaga.go.ke/waiguru-launches-fertilizer-mashinani-initiative-opens-satellite-farm-inputs-depots/,https://kilimo.go.ke/wp-content/uploads/2025/09/Draft-National-Coffee-Policy-2024.pdf,https://osmnx.readthedocs.io/en/stable/user-reference.html,"Estimated for hackathon modelling; validate coordinates, stock and demand with field/OSMnx data before operational use"
R0643,2026,Kirinyaga,Coffee,D08,Togonye ACC Office Satellite Depot,county_satellite,-0.472,37.505,NPK,4400,F19,Kerugoya Coffee Factory,Inoi FCS,-0.497353,37.297593,933821,333.5,5,1668,6404,200,9,23.23,31.37,53.8,5646.0,8,10,0.465,High,D03,Kerugoya CC Office Satellite Depot,estimated: haversine distance * 1.35 road factor; replace with OSMnx shortest_path,"estimated from AFA cherry weight proxy; assumed 2,800 kg cherry per acre; fertilizer rates from Draft National Coffee Policy",https://www.afa.go.ke/download/5226/?tmstv=1750232445,https://kirinyaga.go.ke/waiguru-launches-fertilizer-mashinani-initiative-opens-satellite-farm-inputs-depots/,https://kilimo.go.ke/wp-content/uploads/2025/09/Draft-National-Coffee-Policy-2024.pdf,https://osmnx.readthedocs.io/en/stable/user-reference.html,"Estimated for hackathon modelling; validate coordinates, stock and demand with field/OSMnx data before operational use"
R0644,2026,Kirinyaga,Coffee,D08,Togonye ACC Office Satellite Depot,county_satellite,-0.472,37.505,CAN,4100,F19,Kerugoya Coffee Factory,Inoi FCS,-0.497353,37.297593,933821,333.5,6,2001,6404,200,11,23.23,31.37,53.8,5646.0,8,10,0.554,High,D03,Kerugoya CC Office Satellite Depot,estimated: haversine distance * 1.35 road factor; replace with OSMnx shortest_path,"estimated from AFA cherry weight proxy; assumed 2,800 kg cherry per acre; fertilizer rates from Draft National Coffee Policy",https://www.afa.go.ke/download/5226/?tmstv=1750232445,https://kirinyaga.go.ke/waiguru-launches-fertilizer-mashinani-initiative-opens-satellite-farm-inputs-depots/,https://kilimo.go.ke/wp-content/uploads/2025/09/Draft-National-Coffee-Policy-2024.pdf,https://osmnx.readthedocs.io/en/stable/user-reference.html,"Estimated for hackathon modelling; validate coordinates, stock and demand with field/OSMnx data before operational use"
R0645,2026,Kirinyaga,Coffee,D08,Togonye ACC Office Satellite Depot,county_satellite,-0.472,37.505,Lime,3600,F19,Kerugoya Coffee Factory,Inoi FCS,-0.497353,37.297593,933821,333.5,5,1668,6404,200,9,23.23,31.37,53.8,5646.0,8,10,0.465,High,D03,Kerugoya CC Office Satellite Depot,estimated: haversine distance * 1.35 road factor; replace with OSMnx shortest_path,"estimated from AFA cherry weight proxy; assumed 2,800 kg cherry per acre; fertilizer rates from Draft National Coffee Policy",https://www.afa.go.ke/download/5226/?tmstv=1750232445,https://kirinyaga.go.ke/waiguru-launches-fertilizer-mashinani-initiative-opens-satellite-farm-inputs-depots/,https://kilimo.go.ke/wp-content/uploads/2025/09/Draft-National-Coffee-Policy-2024.pdf,https://osmnx.readthedocs.io/en/stable/user-reference.html,"Estimated for hackathon modelling; validate coordinates, stock and demand with field/OSMnx data before operational use"
R0646,2026,Kirinyaga,Coffee,D08,Togonye ACC Office Satellite Depot,county_satellite,-0.472,37.505,NPK,4400,F20,Kaitheri Coffee Factory,Inoi FCS,-0.491191,37.297387,1205346,430.5,5,2152,8264,200,11,23.18,31.3,53.7,5634.0,8,10,0.596,High,D03,Kerugoya CC Office Satellite Depot,estimated: haversine distance * 1.35 road factor; replace with OSMnx shortest_path,"estimated from AFA cherry weight proxy; assumed 2,800 kg cherry per acre; fertilizer rates from Draft National Coffee Policy",https://www.afa.go.ke/download/5226/?tmstv=1750232445,https://kirinyaga.go.ke/waiguru-launches-fertilizer-mashinani-initiative-opens-satellite-farm-inputs-depots/,https://kilimo.go.ke/wp-content/uploads/2025/09/Draft-National-Coffee-Policy-2024.pdf,https://osmnx.readthedocs.io/en/stable/user-reference.html,"Estimated for hackathon modelling; validate coordinates, stock and demand with field/OSMnx data before operational use"
R0647,2026,Kirinyaga,Coffee,D08,Togonye ACC Office Satellite Depot,county_satellite,-0.472,37.505,CAN,4100,F20,Kaitheri Coffee Factory,Inoi FCS,-0.491191,37.297387,1205346,430.5,6,2583,8264,200,13,23.18,31.3,53.7,5634.0,8,10,0.712,High,D03,Kerugoya CC Office Satellite Depot,estimated: haversine distance * 1.35 road factor; replace with OSMnx shortest_path,"estimated from AFA cherry weight proxy; assumed 2,800 kg cherry per acre; fertilizer rates from Draft National Coffee Policy",https://www.afa.go.ke/download/5226/?tmstv=1750232445,https://kirinyaga.go.ke/waiguru-launches-fertilizer-mashinani-initiative-opens-satellite-farm-inputs-depots/,https://kilimo.go.ke/wp-content/uploads/2025/09/Draft-National-Coffee-Policy-2024.pdf,https://osmnx.readthedocs.io/en/stable/user-reference.html,"Estimated for hackathon modelling; validate coordinates, stock and demand with field/OSMnx data before operational use"
R0648,2026,Kirinyaga,Coffee,D08,Togonye ACC Office Satellite Depot,county_satellite,-0.472,37.505,Lime,3600,F20,Kaitheri Coffee Factory,Inoi FCS,-0.491191,37.297387,1205346,430.5,5,2152,8264,200,11,23.18,31.3,53.7,5634.0,8,10,0.596,High,D03,Kerugoya CC Office Satellite Depot,estimated: haversine distance * 1.35 road factor; replace with OSMnx shortest_path,"estimated from AFA cherry weight proxy; assumed 2,800 kg cherry per acre; fertilizer rates from Draft National Coffee Policy",https://www.afa.go.ke/download/5226/?tmstv=1750232445,https://kirinyaga.go.ke/waiguru-launches-fertilizer-mashinani-initiative-opens-satellite-farm-inputs-depots/,https://kilimo.go.ke/wp-content/uploads/2025/09/Draft-National-Coffee-Policy-2024.pdf,https://osmnx.readthedocs.io/en/stable/user-reference.html,"Estimated for hackathon modelling; validate coordinates, stock and demand with field/OSMnx data before operational use"
R0649,2026,Kirinyaga,Coffee,D08,Togonye ACC Office Satellite Depot,county_satellite,-0.472,37.505,NPK,4400,F21,Kiaragana Coffee Factory,Mwirua FCS,-0.405977,37.401729,1069927,382.1,5,1911,7338,200,10,13.63,18.4,31.5,3312.0,8,10,0.557,High,D02,Kianyaga DCC Office Satellite Depot,estimated: haversine distance * 1.35 road factor; replace with OSMnx shortest_path,"estimated from AFA cherry weight proxy; assumed 2,800 kg cherry per acre; fertilizer rates from Draft National Coffee Policy",https://www.afa.go.ke/download/5226/?tmstv=1750232445,https://kirinyaga.go.ke/waiguru-launches-fertilizer-mashinani-initiative-opens-satellite-farm-inputs-depots/,https://kilimo.go.ke/wp-content/uploads/2025/09/Draft-National-Coffee-Policy-2024.pdf,https://osmnx.readthedocs.io/en/stable/user-reference.html,"Estimated for hackathon modelling; validate coordinates, stock and demand with field/OSMnx data before operational use"
R0650,2026,Kirinyaga,Coffee,D08,Togonye ACC Office Satellite Depot,county_satellite,-0.472,37.505,CAN,4100,F21,Kiaragana Coffee Factory,Mwirua FCS,-0.405977,37.401729,1069927,382.1,6,2293,7338,200,12,13.63,18.4,31.5,3312.0,8,10,0.66,High,D02,Kianyaga DCC Office Satellite Depot,estimated: haversine distance * 1.35 road factor; replace with OSMnx shortest_path,"estimated from AFA cherry weight proxy; assumed 2,800 kg cherry per acre; fertilizer rates from Draft National Coffee Policy",https://www.afa.go.ke/download/5226/?tmstv=1750232445,https://kirinyaga.go.ke/waiguru-launches-fertilizer-mashinani-initiative-opens-satellite-farm-inputs-depots/,https://kilimo.go.ke/wp-content/uploads/2025/09/Draft-National-Coffee-Policy-2024.pdf,https://osmnx.readthedocs.io/en/stable/user-reference.html,"Estimated for hackathon modelling; validate coordinates, stock and demand with field/OSMnx data before operational use"
R0651,2026,Kirinyaga,Coffee,D08,Togonye ACC Office Satellite Depot,county_satellite,-0.472,37.505,Lime,3600,F21,Kiaragana Coffee Factory,Mwirua FCS,-0.405977,37.401729,1069927,382.1,5,1911,7338,200,10,13.63,18.4,31.5,3312.0,8,10,0.557,High,D02,Kianyaga DCC Office Satellite Depot,estimated: haversine distance * 1.35 road factor; replace with OSMnx shortest_path,"estimated from AFA cherry weight proxy; assumed 2,800 kg cherry per acre; fertilizer rates from Draft National Coffee Policy",https://www.afa.go.ke/download/5226/?tmstv=1750232445,https://kirinyaga.go.ke/waiguru-launches-fertilizer-mashinani-initiative-opens-satellite-farm-inputs-depots/,https://kilimo.go.ke/wp-content/uploads/2025/09/Draft-National-Coffee-Policy-2024.pdf,https://osmnx.readthedocs.io/en/stable/user-reference.html,"Estimated for hackathon modelling; validate coordinates, stock and demand with field/OSMnx data before operational use"
R0652,2026,Kirinyaga,Coffee,D08,Togonye ACC Office Satellite Depot,county_satellite,-0.472,37.505,NPK,4400,F22,Kegwa Coffee Factory,Ngiriambu FCS,-0.452361,37.442947,187844,67.1,5,335,1288,200,2,7.24,9.77,16.7,1759.0,8,10,0.148,Low,D07,Ciagini ACC Office Satellite Depot,estimated: haversine distance * 1.35 road factor; replace with OSMnx shortest_path,"estimated from AFA cherry weight proxy; assumed 2,800 kg cherry per acre; fertilizer rates from Draft National Coffee Policy",https://www.afa.go.ke/download/5226/?tmstv=1750232445,https://kirinyaga.go.ke/waiguru-launches-fertilizer-mashinani-initiative-opens-satellite-farm-inputs-depots/,https://kilimo.go.ke/wp-content/uploads/2025/09/Draft-National-Coffee-Policy-2024.pdf,https://osmnx.readthedocs.io/en/stable/user-reference.html,"Estimated for hackathon modelling; validate coordinates, stock and demand with field/OSMnx data before operational use"
R0653,2026,Kirinyaga,Coffee,D08,Togonye ACC Office Satellite Depot,county_satellite,-0.472,37.505,CAN,4100,F22,Kegwa Coffee Factory,Ngiriambu FCS,-0.452361,37.442947,187844,67.1,6,403,1288,200,3,7.24,9.77,16.7,1759.0,8,10,0.166,Low,D07,Ciagini ACC Office Satellite Depot,estimated: haversine distance * 1.35 road factor; replace with OSMnx shortest_path,"estimated from AFA cherry weight proxy; assumed 2,800 kg cherry per acre; fertilizer rates from Draft National Coffee Policy",https://www.afa.go.ke/download/5226/?tmstv=1750232445,https://kirinyaga.go.ke/waiguru-launches-fertilizer-mashinani-initiative-opens-satellite-farm-inputs-depots/,https://kilimo.go.ke/wp-content/uploads/2025/09/Draft-National-Coffee-Policy-2024.pdf,https://osmnx.readthedocs.io/en/stable/user-reference.html,"Estimated for hackathon modelling; validate coordinates, stock and demand with field/OSMnx data before operational use"
R0654,2026,Kirinyaga,Coffee,D08,Togonye ACC Office Satellite Depot,county_satellite,-0.472,37.505,Lime,3600,F22,Kegwa Coffee Factory,Ngiriambu FCS,-0.452361,37.442947,187844,67.1,5,335,1288,200,2,7.24,9.77,16.7,1759.0,8,10,0.148,Low,D07,Ciagini ACC Office Satellite Depot,estimated: haversine distance * 1.35 road factor; replace with OSMnx shortest_path,"estimated from AFA cherry weight proxy; assumed 2,800 kg cherry per acre; fertilizer rates from Draft National Coffee Policy",https://www.afa.go.ke/download/5226/?tmstv=1750232445,https://kirinyaga.go.ke/waiguru-launches-fertilizer-mashinani-initiative-opens-satellite-farm-inputs-depots/,https://kilimo.go.ke/wp-content/uploads/2025/09/Draft-National-Coffee-Policy-2024.pdf,https://osmnx.readthedocs.io/en/stable/user-reference.html,"Estimated for hackathon modelling; validate coordinates, stock and demand with field/OSMnx data before operational use"
R0655,2026,Kirinyaga,Coffee,D08,Togonye ACC Office Satellite Depot,county_satellite,-0.472,37.505,NPK,4400,F23,Karani Coffee Factory,Kabare FCS,-0.537101,37.347664,864121,308.6,5,1543,5926,200,8,18.93,25.56,43.8,4601.0,8,10,0.446,High,D05,Baricho DCC Office Satellite Depot,estimated: haversine distance * 1.35 road factor; replace with OSMnx shortest_path,"estimated from AFA cherry weight proxy; assumed 2,800 kg cherry per acre; fertilizer rates from Draft National Coffee Policy",https://www.afa.go.ke/download/5226/?tmstv=1750232445,https://kirinyaga.go.ke/waiguru-launches-fertilizer-mashinani-initiative-opens-satellite-farm-inputs-depots/,https://kilimo.go.ke/wp-content/uploads/2025/09/Draft-National-Coffee-Policy-2024.pdf,https://osmnx.readthedocs.io/en/stable/user-reference.html,"Estimated for hackathon modelling; validate coordinates, stock and demand with field/OSMnx data before operational use"
R0656,2026,Kirinyaga,Coffee,D08,Togonye ACC Office Satellite Depot,county_satellite,-0.472,37.505,CAN,4100,F23,Karani Coffee Factory,Kabare FCS,-0.537101,37.347664,864121,308.6,6,1852,5926,200,10,18.93,25.56,43.8,4601.0,8,10,0.529,High,D05,Baricho DCC Office Satellite Depot,estimated: haversine distance * 1.35 road factor; replace with OSMnx shortest_path,"estimated from AFA cherry weight proxy; assumed 2,800 kg cherry per acre; fertilizer rates from Draft National Coffee Policy",https://www.afa.go.ke/download/5226/?tmstv=1750232445,https://kirinyaga.go.ke/waiguru-launches-fertilizer-mashinani-initiative-opens-satellite-farm-inputs-depots/,https://kilimo.go.ke/wp-content/uploads/2025/09/Draft-National-Coffee-Policy-2024.pdf,https://osmnx.readthedocs.io/en/stable/user-reference.html,"Estimated for hackathon modelling; validate coordinates, stock and demand with field/OSMnx data before operational use"
R0657,2026,Kirinyaga,Coffee,D08,Togonye ACC Office Satellite Depot,county_satellite,-0.472,37.505,Lime,3600,F23,Karani Coffee Factory,Kabare FCS,-0.537101,37.347664,864121,308.6,5,1543,5926,200,8,18.93,25.56,43.8,4601.0,8,10,0.446,High,D05,Baricho DCC Office Satellite Depot,estimated: haversine distance * 1.35 road factor; replace with OSMnx shortest_path,"estimated from AFA cherry weight proxy; assumed 2,800 kg cherry per acre; fertilizer rates from Draft National Coffee Policy",https://www.afa.go.ke/download/5226/?tmstv=1750232445,https://kirinyaga.go.ke/waiguru-launches-fertilizer-mashinani-initiative-opens-satellite-farm-inputs-depots/,https://kilimo.go.ke/wp-content/uploads/2025/09/Draft-National-Coffee-Policy-2024.pdf,https://osmnx.readthedocs.io/en/stable/user-reference.html,"Estimated for hackathon modelling; validate coordinates, stock and demand with field/OSMnx data before operational use"
R0658,2026,Kirinyaga,Coffee,D08,Togonye ACC Office Satellite Depot,county_satellite,-0.472,37.505,NPK,4400,F24,Kariru Coffee Factory,Baragwi FCS,-0.425995,37.38789,49525,17.7,5,88,338,200,1,13.99,18.89,32.4,3400.0,8,10,0.046,Low,D02,Kianyaga DCC Office Satellite Depot,estimated: haversine distance * 1.35 road factor; replace with OSMnx shortest_path,"estimated from AFA cherry weight proxy; assumed 2,800 kg cherry per acre; fertilizer rates from Draft National Coffee Policy",https://www.afa.go.ke/download/5226/?tmstv=1750232445,https://kirinyaga.go.ke/waiguru-launches-fertilizer-mashinani-initiative-opens-satellite-farm-inputs-depots/,https://kilimo.go.ke/wp-content/uploads/2025/09/Draft-National-Coffee-Policy-2024.pdf,https://osmnx.readthedocs.io/en/stable/user-reference.html,"Estimated for hackathon modelling; validate coordinates, stock and demand with field/OSMnx data before operational use"
R0659,2026,Kirinyaga,Coffee,D08,Togonye ACC Office Satellite Depot,county_satellite,-0.472,37.505,CAN,4100,F24,Kariru Coffee Factory,Baragwi FCS,-0.425995,37.38789,49525,17.7,6,106,338,200,1,13.99,18.89,32.4,3400.0,8,10,0.051,Low,D02,Kianyaga DCC Office Satellite Depot,estimated: haversine distance * 1.35 road factor; replace with OSMnx shortest_path,"estimated from AFA cherry weight proxy; assumed 2,800 kg cherry per acre; fertilizer rates from Draft National Coffee Policy",https://www.afa.go.ke/download/5226/?tmstv=1750232445,https://kirinyaga.go.ke/waiguru-launches-fertilizer-mashinani-initiative-opens-satellite-farm-inputs-depots/,https://kilimo.go.ke/wp-content/uploads/2025/09/Draft-National-Coffee-Policy-2024.pdf,https://osmnx.readthedocs.io/en/stable/user-reference.html,"Estimated for hackathon modelling; validate coordinates, stock and demand with field/OSMnx data before operational use"
R0660,2026,Kirinyaga,Coffee,D08,Togonye ACC Office Satellite Depot,county_satellite,-0.472,37.505,Lime,3600,F24,Kariru Coffee Factory,Baragwi FCS,-0.425995,37.38789,49525,17.7,5,88,338,200,1,13.99,18.89,32.4,3400.0,8,10,0.046,Low,D02,Kianyaga DCC Office Satellite Depot,estimated: haversine distance * 1.35 road factor; replace with OSMnx shortest_path,"estimated from AFA cherry weight proxy; assumed 2,800 kg cherry per acre; fertilizer rates from Draft National Coffee Policy",https://www.afa.go.ke/download/5226/?tmstv=1750232445,https://kirinyaga.go.ke/waiguru-launches-fertilizer-mashinani-initiative-opens-satellite-farm-inputs-depots/,https://kilimo.go.ke/wp-content/uploads/2025/09/Draft-National-Coffee-Policy-2024.pdf,https://osmnx.readthedocs.io/en/stable/user-reference.html,"Estimated for hackathon modelling; validate coordinates, stock and demand with field/OSMnx data before operational use"
R0661,2026,Kirinyaga,Coffee,D08,Togonye ACC Office Satellite Depot,county_satellite,-0.472,37.505,NPK,4400,F25,Thimu Coffee Factory,Baragwi FCS,-0.417322,37.388324,49227,17.6,5,88,337,200,1,14.33,19.34,33.2,3482.0,8,10,0.05,Low,D02,Kianyaga DCC Office Satellite Depot,estimated: haversine distance * 1.35 road factor; replace with OSMnx shortest_path,"estimated from AFA cherry weight proxy; assumed 2,800 kg cherry per acre; fertilizer rates from Draft National Coffee Policy",https://www.afa.go.ke/download/5226/?tmstv=1750232445,https://kirinyaga.go.ke/waiguru-launches-fertilizer-mashinani-initiative-opens-satellite-farm-inputs-depots/,https://kilimo.go.ke/wp-content/uploads/2025/09/Draft-National-Coffee-Policy-2024.pdf,https://osmnx.readthedocs.io/en/stable/user-reference.html,"Estimated for hackathon modelling; validate coordinates, stock and demand with field/OSMnx data before operational use"
R0662,2026,Kirinyaga,Coffee,D08,Togonye ACC Office Satellite Depot,county_satellite,-0.472,37.505,CAN,4100,F25,Thimu Coffee Factory,Baragwi FCS,-0.417322,37.388324,49227,17.6,6,105,337,200,1,14.33,19.34,33.2,3482.0,8,10,0.055,Low,D02,Kianyaga DCC Office Satellite Depot,estimated: haversine distance * 1.35 road factor; replace with OSMnx shortest_path,"estimated from AFA cherry weight proxy; assumed 2,800 kg cherry per acre; fertilizer rates from Draft National Coffee Policy",https://www.afa.go.ke/download/5226/?tmstv=1750232445,https://kirinyaga.go.ke/waiguru-launches-fertilizer-mashinani-initiative-opens-satellite-farm-inputs-depots/,https://kilimo.go.ke/wp-content/uploads/2025/09/Draft-National-Coffee-Policy-2024.pdf,https://osmnx.readthedocs.io/en/stable/user-reference.html,"Estimated for hackathon modelling; validate coordinates, stock and demand with field/OSMnx data before operational use"
R0663,2026,Kirinyaga,Coffee,D08,Togonye ACC Office Satellite Depot,county_satellite,-0.472,37.505,Lime,3600,F25,Thimu Coffee Factory,Baragwi FCS,-0.417322,37.388324,49227,17.6,5,88,337,200,1,14.33,19.34,33.2,3482.0,8,10,0.05,Low,D02,Kianyaga DCC Office Satellite Depot,estimated: haversine distance * 1.35 road factor; replace with OSMnx shortest_path,"estimated from AFA cherry weight proxy; assumed 2,800 kg cherry per acre; fertilizer rates from Draft National Coffee Policy",https://www.afa.go.ke/download/5226/?tmstv=1750232445,https://kirinyaga.go.ke/waiguru-launches-fertilizer-mashinani-initiative-opens-satellite-farm-inputs-depots/,https://kilimo.go.ke/wp-content/uploads/2025/09/Draft-National-Coffee-Policy-2024.pdf,https://osmnx.readthedocs.io/en/stable/user-reference.html,"Estimated for hackathon modelling; validate coordinates, stock and demand with field/OSMnx data before operational use"
R0664,2026,Kirinyaga,Coffee,D08,Togonye ACC Office Satellite Depot,county_satellite,-0.472,37.505,NPK,4400,F26,Gathambi Coffee Factory,Mwirua FCS,-0.407649,37.374548,66705,23.8,5,119,457,200,1,16.17,21.84,37.4,3930.0,8,10,0.06,Low,D02,Kianyaga DCC Office Satellite Depot,estimated: haversine distance * 1.35 road factor; replace with OSMnx shortest_path,"estimated from AFA cherry weight proxy; assumed 2,800 kg cherry per acre; fertilizer rates from Draft National Coffee Policy",https://www.afa.go.ke/download/5226/?tmstv=1750232445,https://kirinyaga.go.ke/waiguru-launches-fertilizer-mashinani-initiative-opens-satellite-farm-inputs-depots/,https://kilimo.go.ke/wp-content/uploads/2025/09/Draft-National-Coffee-Policy-2024.pdf,https://osmnx.readthedocs.io/en/stable/user-reference.html,"Estimated for hackathon modelling; validate coordinates, stock and demand with field/OSMnx data before operational use"
R0665,2026,Kirinyaga,Coffee,D08,Togonye ACC Office Satellite Depot,county_satellite,-0.472,37.505,CAN,4100,F26,Gathambi Coffee Factory,Mwirua FCS,-0.407649,37.374548,66705,23.8,6,143,457,200,1,16.17,21.84,37.4,3930.0,8,10,0.066,Low,D02,Kianyaga DCC Office Satellite Depot,estimated: haversine distance * 1.35 road factor; replace with OSMnx shortest_path,"estimated from AFA cherry weight proxy; assumed 2,800 kg cherry per acre; fertilizer rates from Draft National Coffee Policy",https://www.afa.go.ke/download/5226/?tmstv=1750232445,https://kirinyaga.go.ke/waiguru-launches-fertilizer-mashinani-initiative-opens-satellite-farm-inputs-depots/,https://kilimo.go.ke/wp-content/uploads/2025/09/Draft-National-Coffee-Policy-2024.pdf,https://osmnx.readthedocs.io/en/stable/user-reference.html,"Estimated for hackathon modelling; validate coordinates, stock and demand with field/OSMnx data before operational use"
R0666,2026,Kirinyaga,Coffee,D08,Togonye ACC Office Satellite Depot,county_satellite,-0.472,37.505,Lime,3600,F26,Gathambi Coffee Factory,Mwirua FCS,-0.407649,37.374548,66705,23.8,5,119,457,200,1,16.17,21.84,37.4,3930.0,8,10,0.06,Low,D02,Kianyaga DCC Office Satellite Depot,estimated: haversine distance * 1.35 road factor; replace with OSMnx shortest_path,"estimated from AFA cherry weight proxy; assumed 2,800 kg cherry per acre; fertilizer rates from Draft National Coffee Policy",https://www.afa.go.ke/download/5226/?tmstv=1750232445,https://kirinyaga.go.ke/waiguru-launches-fertilizer-mashinani-initiative-opens-satellite-farm-inputs-depots/,https://kilimo.go.ke/wp-content/uploads/2025/09/Draft-National-Coffee-Policy-2024.pdf,https://osmnx.readthedocs.io/en/stable/user-reference.html,"Estimated for hackathon modelling; validate coordinates, stock and demand with field/OSMnx data before operational use"
R0667,2026,Kirinyaga,Coffee,D08,Togonye ACC Office Satellite Depot,county_satellite,-0.472,37.505,NPK,4400,F27,Kagongo Coffee Factory,Baragwi FCS,-0.437165,37.363183,269086,96.1,5,481,1847,200,3,16.24,21.92,37.6,3946.0,8,10,0.132,Low,D02,Kianyaga DCC Office Satellite Depot,estimated: haversine distance * 1.35 road factor; replace with OSMnx shortest_path,"estimated from AFA cherry weight proxy; assumed 2,800 kg cherry per acre; fertilizer rates from Draft National Coffee Policy",https://www.afa.go.ke/download/5226/?tmstv=1750232445,https://kirinyaga.go.ke/waiguru-launches-fertilizer-mashinani-initiative-opens-satellite-farm-inputs-depots/,https://kilimo.go.ke/wp-content/uploads/2025/09/Draft-National-Coffee-Policy-2024.pdf,https://osmnx.readthedocs.io/en/stable/user-reference.html,"Estimated for hackathon modelling; validate coordinates, stock and demand with field/OSMnx data before operational use"
R0668,2026,Kirinyaga,Coffee,D08,Togonye ACC Office Satellite Depot,county_satellite,-0.472,37.505,CAN,4100,F27,Kagongo Coffee Factory,Baragwi FCS,-0.437165,37.363183,269086,96.1,6,577,1847,200,3,16.24,21.92,37.6,3946.0,8,10,0.158,Low,D02,Kianyaga DCC Office Satellite Depot,estimated: haversine distance * 1.35 road factor; replace with OSMnx shortest_path,"estimated from AFA cherry weight proxy; assumed 2,800 kg cherry per acre; fertilizer rates from Draft National Coffee Policy",https://www.afa.go.ke/download/5226/?tmstv=1750232445,https://kirinyaga.go.ke/waiguru-launches-fertilizer-mashinani-initiative-opens-satellite-farm-inputs-depots/,https://kilimo.go.ke/wp-content/uploads/2025/09/Draft-National-Coffee-Policy-2024.pdf,https://osmnx.readthedocs.io/en/stable/user-reference.html,"Estimated for hackathon modelling; validate coordinates, stock and demand with field/OSMnx data before operational use"
R0669,2026,Kirinyaga,Coffee,D08,Togonye ACC Office Satellite Depot,county_satellite,-0.472,37.505,Lime,3600,F27,Kagongo Coffee Factory,Baragwi FCS,-0.437165,37.363183,269086,96.1,5,481,1847,200,3,16.24,21.92,37.6,3946.0,8,10,0.132,Low,D02,Kianyaga DCC Office Satellite Depot,estimated: haversine distance * 1.35 road factor; replace with OSMnx shortest_path,"estimated from AFA cherry weight proxy; assumed 2,800 kg cherry per acre; fertilizer rates from Draft National Coffee Policy",https://www.afa.go.ke/download/5226/?tmstv=1750232445,https://kirinyaga.go.ke/waiguru-launches-fertilizer-mashinani-initiative-opens-satellite-farm-inputs-depots/,https://kilimo.go.ke/wp-content/uploads/2025/09/Draft-National-Coffee-Policy-2024.pdf,https://osmnx.readthedocs.io/en/stable/user-reference.html,"Estimated for hackathon modelling; validate coordinates, stock and demand with field/OSMnx data before operational use"
R0670,2026,Kirinyaga,Coffee,D08,Togonye ACC Office Satellite Depot,county_satellite,-0.472,37.505,NPK,4400,F28,Thaita Coffee Factory,Inoi FCS,-0.50426,37.276546,981403,350.5,5,1753,6731,200,9,25.65,34.63,59.4,6234.0,8,10,0.478,High,D03,Kerugoya CC Office Satellite Depot,estimated: haversine distance * 1.35 road factor; replace with OSMnx shortest_path,"estimated from AFA cherry weight proxy; assumed 2,800 kg cherry per acre; fertilizer rates from Draft National Coffee Policy",https://www.afa.go.ke/download/5226/?tmstv=1750232445,https://kirinyaga.go.ke/waiguru-launches-fertilizer-mashinani-initiative-opens-satellite-farm-inputs-depots/,https://kilimo.go.ke/wp-content/uploads/2025/09/Draft-National-Coffee-Policy-2024.pdf,https://osmnx.readthedocs.io/en/stable/user-reference.html,"Estimated for hackathon modelling; validate coordinates, stock and demand with field/OSMnx data before operational use"
R0671,2026,Kirinyaga,Coffee,D08,Togonye ACC Office Satellite Depot,county_satellite,-0.472,37.505,CAN,4100,F28,Thaita Coffee Factory,Inoi FCS,-0.50426,37.276546,981403,350.5,6,2103,6731,200,11,25.65,34.63,59.4,6234.0,8,10,0.572,High,D03,Kerugoya CC Office Satellite Depot,estimated: haversine distance * 1.35 road factor; replace with OSMnx shortest_path,"estimated from AFA cherry weight proxy; assumed 2,800 kg cherry per acre; fertilizer rates from Draft National Coffee Policy",https://www.afa.go.ke/download/5226/?tmstv=1750232445,https://kirinyaga.go.ke/waiguru-launches-fertilizer-mashinani-initiative-opens-satellite-farm-inputs-depots/,https://kilimo.go.ke/wp-content/uploads/2025/09/Draft-National-Coffee-Policy-2024.pdf,https://osmnx.readthedocs.io/en/stable/user-reference.html,"Estimated for hackathon modelling; validate coordinates, stock and demand with field/OSMnx data before operational use"
R0672,2026,Kirinyaga,Coffee,D08,Togonye ACC Office Satellite Depot,county_satellite,-0.472,37.505,Lime,3600,F28,Thaita Coffee Factory,Inoi FCS,-0.50426,37.276546,981403,350.5,5,1753,6731,200,9,25.65,34.63,59.4,6234.0,8,10,0.478,High,D03,Kerugoya CC Office Satellite Depot,estimated: haversine distance * 1.35 road factor; replace with OSMnx shortest_path,"estimated from AFA cherry weight proxy; assumed 2,800 kg cherry per acre; fertilizer rates from Draft National Coffee Policy",https://www.afa.go.ke/download/5226/?tmstv=1750232445,https://kirinyaga.go.ke/waiguru-launches-fertilizer-mashinani-initiative-opens-satellite-farm-inputs-depots/,https://kilimo.go.ke/wp-content/uploads/2025/09/Draft-National-Coffee-Policy-2024.pdf,https://osmnx.readthedocs.io/en/stable/user-reference.html,"Estimated for hackathon modelling; validate coordinates, stock and demand with field/OSMnx data before operational use"
R0673,2026,Kirinyaga,Coffee,D09,Sagana NCPB Depot,ncpb_depot,-0.666,37.205,NPK,9000,F01,Kiangoi Coffee Factory,Rung'eto FCS,-0.501303,37.373625,69519,24.8,5,124,476,200,1,26.21,35.38,60.7,6369.0,8,10,0.092,Low,D02,Kianyaga DCC Office Satellite Depot,estimated: haversine distance * 1.35 road factor; replace with OSMnx shortest_path,"estimated from AFA cherry weight proxy; assumed 2,800 kg cherry per acre; fertilizer rates from Draft National Coffee Policy",https://www.afa.go.ke/download/5226/?tmstv=1750232445,https://kirinyaga.go.ke/waiguru-launches-fertilizer-mashinani-initiative-opens-satellite-farm-inputs-depots/,https://kilimo.go.ke/wp-content/uploads/2025/09/Draft-National-Coffee-Policy-2024.pdf,https://osmnx.readthedocs.io/en/stable/user-reference.html,"Estimated for hackathon modelling; validate coordinates, stock and demand with field/OSMnx data before operational use"
R0674,2026,Kirinyaga,Coffee,D09,Sagana NCPB Depot,ncpb_depot,-0.666,37.205,CAN,8200,F01,Kiangoi Coffee Factory,Rung'eto FCS,-0.501303,37.373625,69519,24.8,6,149,476,200,1,26.21,35.38,60.7,6369.0,8,10,0.098,Low,D02,Kianyaga DCC Office Satellite Depot,estimated: haversine distance * 1.35 road factor; replace with OSMnx shortest_path,"estimated from AFA cherry weight proxy; assumed 2,800 kg cherry per acre; fertilizer rates from Draft National Coffee Policy",https://www.afa.go.ke/download/5226/?tmstv=1750232445,https://kirinyaga.go.ke/waiguru-launches-fertilizer-mashinani-initiative-opens-satellite-farm-inputs-depots/,https://kilimo.go.ke/wp-content/uploads/2025/09/Draft-National-Coffee-Policy-2024.pdf,https://osmnx.readthedocs.io/en/stable/user-reference.html,"Estimated for hackathon modelling; validate coordinates, stock and demand with field/OSMnx data before operational use"
R0675,2026,Kirinyaga,Coffee,D09,Sagana NCPB Depot,ncpb_depot,-0.666,37.205,Lime,7600,F01,Kiangoi Coffee Factory,Rung'eto FCS,-0.501303,37.373625,69519,24.8,5,124,476,200,1,26.21,35.38,60.7,6369.0,8,10,0.092,Low,D02,Kianyaga DCC Office Satellite Depot,estimated: haversine distance * 1.35 road factor; replace with OSMnx shortest_path,"estimated from AFA cherry weight proxy; assumed 2,800 kg cherry per acre; fertilizer rates from Draft National Coffee Policy",https://www.afa.go.ke/download/5226/?tmstv=1750232445,https://kirinyaga.go.ke/waiguru-launches-fertilizer-mashinani-initiative-opens-satellite-farm-inputs-depots/,https://kilimo.go.ke/wp-content/uploads/2025/09/Draft-National-Coffee-Policy-2024.pdf,https://osmnx.readthedocs.io/en/stable/user-reference.html,"Estimated for hackathon modelling; validate coordinates, stock and demand with field/OSMnx data before operational use"
R0676,2026,Kirinyaga,Coffee,D09,Sagana NCPB Depot,ncpb_depot,-0.666,37.205,NPK,9000,F02,Kainamui Coffee Factory,New Ngariama FCS,-0.472125,37.459616,386496,138.0,5,690,2650,200,4,35.58,48.04,82.4,8647.0,8,10,0.225,Medium,D07,Ciagini ACC Office Satellite Depot,estimated: haversine distance * 1.35 road factor; replace with OSMnx shortest_path,"estimated from AFA cherry weight proxy; assumed 2,800 kg cherry per acre; fertilizer rates from Draft National Coffee Policy",https://www.afa.go.ke/download/5226/?tmstv=1750232445,https://kirinyaga.go.ke/waiguru-launches-fertilizer-mashinani-initiative-opens-satellite-farm-inputs-depots/,https://kilimo.go.ke/wp-content/uploads/2025/09/Draft-National-Coffee-Policy-2024.pdf,https://osmnx.readthedocs.io/en/stable/user-reference.html,"Estimated for hackathon modelling; validate coordinates, stock and demand with field/OSMnx data before operational use"
R0677,2026,Kirinyaga,Coffee,D09,Sagana NCPB Depot,ncpb_depot,-0.666,37.205,CAN,8200,F02,Kainamui Coffee Factory,New Ngariama FCS,-0.472125,37.459616,386496,138.0,6,828,2650,200,5,35.58,48.04,82.4,8647.0,8,10,0.262,Medium,D07,Ciagini ACC Office Satellite Depot,estimated: haversine distance * 1.35 road factor; replace with OSMnx shortest_path,"estimated from AFA cherry weight proxy; assumed 2,800 kg cherry per acre; fertilizer rates from Draft National Coffee Policy",https://www.afa.go.ke/download/5226/?tmstv=1750232445,https://kirinyaga.go.ke/waiguru-launches-fertilizer-mashinani-initiative-opens-satellite-farm-inputs-depots/,https://kilimo.go.ke/wp-content/uploads/2025/09/Draft-National-Coffee-Policy-2024.pdf,https://osmnx.readthedocs.io/en/stable/user-reference.html,"Estimated for hackathon modelling; validate coordinates, stock and demand with field/OSMnx data before operational use"
R0678,2026,Kirinyaga,Coffee,D09,Sagana NCPB Depot,ncpb_depot,-0.666,37.205,Lime,7600,F02,Kainamui Coffee Factory,New Ngariama FCS,-0.472125,37.459616,386496,138.0,5,690,2650,200,4,35.58,48.04,82.4,8647.0,8,10,0.225,Medium,D07,Ciagini ACC Office Satellite Depot,estimated: haversine distance * 1.35 road factor; replace with OSMnx shortest_path,"estimated from AFA cherry weight proxy; assumed 2,800 kg cherry per acre; fertilizer rates from Draft National Coffee Policy",https://www.afa.go.ke/download/5226/?tmstv=1750232445,https://kirinyaga.go.ke/waiguru-launches-fertilizer-mashinani-initiative-opens-satellite-farm-inputs-depots/,https://kilimo.go.ke/wp-content/uploads/2025/09/Draft-National-Coffee-Policy-2024.pdf,https://osmnx.readthedocs.io/en/stable/user-reference.html,"Estimated for hackathon modelling; validate coordinates, stock and demand with field/OSMnx data before operational use"
R0679,2026,Kirinyaga,Coffee,D09,Sagana NCPB Depot,ncpb_depot,-0.666,37.205,NPK,9000,F03,Kaguyu Coffee Factory,Inoi FCS,-0.503818,37.276883,213771,76.3,5,382,1466,200,2,19.73,26.63,45.7,4793.0,8,10,0.108,Low,D03,Kerugoya CC Office Satellite Depot,estimated: haversine distance * 1.35 road factor; replace with OSMnx shortest_path,"estimated from AFA cherry weight proxy; assumed 2,800 kg cherry per acre; fertilizer rates from Draft National Coffee Policy",https://www.afa.go.ke/download/5226/?tmstv=1750232445,https://kirinyaga.go.ke/waiguru-launches-fertilizer-mashinani-initiative-opens-satellite-farm-inputs-depots/,https://kilimo.go.ke/wp-content/uploads/2025/09/Draft-National-Coffee-Policy-2024.pdf,https://osmnx.readthedocs.io/en/stable/user-reference.html,"Estimated for hackathon modelling; validate coordinates, stock and demand with field/OSMnx data before operational use"
R0680,2026,Kirinyaga,Coffee,D09,Sagana NCPB Depot,ncpb_depot,-0.666,37.205,CAN,8200,F03,Kaguyu Coffee Factory,Inoi FCS,-0.503818,37.276883,213771,76.3,6,458,1466,200,3,19.73,26.63,45.7,4793.0,8,10,0.129,Low,D03,Kerugoya CC Office Satellite Depot,estimated: haversine distance * 1.35 road factor; replace with OSMnx shortest_path,"estimated from AFA cherry weight proxy; assumed 2,800 kg cherry per acre; fertilizer rates from Draft National Coffee Policy",https://www.afa.go.ke/download/5226/?tmstv=1750232445,https://kirinyaga.go.ke/waiguru-launches-fertilizer-mashinani-initiative-opens-satellite-farm-inputs-depots/,https://kilimo.go.ke/wp-content/uploads/2025/09/Draft-National-Coffee-Policy-2024.pdf,https://osmnx.readthedocs.io/en/stable/user-reference.html,"Estimated for hackathon modelling; validate coordinates, stock and demand with field/OSMnx data before operational use"
R0681,2026,Kirinyaga,Coffee,D09,Sagana NCPB Depot,ncpb_depot,-0.666,37.205,Lime,7600,F03,Kaguyu Coffee Factory,Inoi FCS,-0.503818,37.276883,213771,76.3,5,382,1466,200,2,19.73,26.63,45.7,4793.0,8,10,0.108,Low,D03,Kerugoya CC Office Satellite Depot,estimated: haversine distance * 1.35 road factor; replace with OSMnx shortest_path,"estimated from AFA cherry weight proxy; assumed 2,800 kg cherry per acre; fertilizer rates from Draft National Coffee Policy",https://www.afa.go.ke/download/5226/?tmstv=1750232445,https://kirinyaga.go.ke/waiguru-launches-fertilizer-mashinani-initiative-opens-satellite-farm-inputs-depots/,https://kilimo.go.ke/wp-content/uploads/2025/09/Draft-National-Coffee-Policy-2024.pdf,https://osmnx.readthedocs.io/en/stable/user-reference.html,"Estimated for hackathon modelling; validate coordinates, stock and demand with field/OSMnx data before operational use"
R0682,2026,Kirinyaga,Coffee,D09,Sagana NCPB Depot,ncpb_depot,-0.666,37.205,NPK,9000,F04,Kariko Coffee Factory,Inoi FCS,-0.497039,37.273935,800249,285.8,5,1429,5488,200,8,20.29,27.39,47.0,4931.0,8,10,0.391,Medium,D03,Kerugoya CC Office Satellite Depot,estimated: haversine distance * 1.35 road factor; replace with OSMnx shortest_path,"estimated from AFA cherry weight proxy; assumed 2,800 kg cherry per acre; fertilizer rates from Draft National Coffee Policy",https://www.afa.go.ke/download/5226/?tmstv=1750232445,https://kirinyaga.go.ke/waiguru-launches-fertilizer-mashinani-initiative-opens-satellite-farm-inputs-depots/,https://kilimo.go.ke/wp-content/uploads/2025/09/Draft-National-Coffee-Policy-2024.pdf,https://osmnx.readthedocs.io/en/stable/user-reference.html,"Estimated for hackathon modelling; validate coordinates, stock and demand with field/OSMnx data before operational use"
R0683,2026,Kirinyaga,Coffee,D09,Sagana NCPB Depot,ncpb_depot,-0.666,37.205,CAN,8200,F04,Kariko Coffee Factory,Inoi FCS,-0.497039,37.273935,800249,285.8,6,1715,5488,200,9,20.29,27.39,47.0,4931.0,8,10,0.468,High,D03,Kerugoya CC Office Satellite Depot,estimated: haversine distance * 1.35 road factor; replace with OSMnx shortest_path,"estimated from AFA cherry weight proxy; assumed 2,800 kg cherry per acre; fertilizer rates from Draft National Coffee Policy",https://www.afa.go.ke/download/5226/?tmstv=1750232445,https://kirinyaga.go.ke/waiguru-launches-fertilizer-mashinani-initiative-opens-satellite-farm-inputs-depots/,https://kilimo.go.ke/wp-content/uploads/2025/09/Draft-National-Coffee-Policy-2024.pdf,https://osmnx.readthedocs.io/en/stable/user-reference.html,"Estimated for hackathon modelling; validate coordinates, stock and demand with field/OSMnx data before operational use"
R0684,2026,Kirinyaga,Coffee,D09,Sagana NCPB Depot,ncpb_depot,-0.666,37.205,Lime,7600,F04,Kariko Coffee Factory,Inoi FCS,-0.497039,37.273935,800249,285.8,5,1429,5488,200,8,20.29,27.39,47.0,4931.0,8,10,0.391,Medium,D03,Kerugoya CC Office Satellite Depot,estimated: haversine distance * 1.35 road factor; replace with OSMnx shortest_path,"estimated from AFA cherry weight proxy; assumed 2,800 kg cherry per acre; fertilizer rates from Draft National Coffee Policy",https://www.afa.go.ke/download/5226/?tmstv=1750232445,https://kirinyaga.go.ke/waiguru-launches-fertilizer-mashinani-initiative-opens-satellite-farm-inputs-depots/,https://kilimo.go.ke/wp-content/uploads/2025/09/Draft-National-Coffee-Policy-2024.pdf,https://osmnx.readthedocs.io/en/stable/user-reference.html,"Estimated for hackathon modelling; validate coordinates, stock and demand with field/OSMnx data before operational use"
R0685,2026,Kirinyaga,Coffee,D09,Sagana NCPB Depot,ncpb_depot,-0.666,37.205,NPK,9000,F05,Mushagara Coffee Factory,Baragwi FCS,-0.41839,37.358649,657558,234.8,5,1174,4508,200,6,32.4,43.74,75.0,7874.0,8,10,0.334,Medium,D02,Kianyaga DCC Office Satellite Depot,estimated: haversine distance * 1.35 road factor; replace with OSMnx shortest_path,"estimated from AFA cherry weight proxy; assumed 2,800 kg cherry per acre; fertilizer rates from Draft National Coffee Policy",https://www.afa.go.ke/download/5226/?tmstv=1750232445,https://kirinyaga.go.ke/waiguru-launches-fertilizer-mashinani-initiative-opens-satellite-farm-inputs-depots/,https://kilimo.go.ke/wp-content/uploads/2025/09/Draft-National-Coffee-Policy-2024.pdf,https://osmnx.readthedocs.io/en/stable/user-reference.html,"Estimated for hackathon modelling; validate coordinates, stock and demand with field/OSMnx data before operational use"
R0686,2026,Kirinyaga,Coffee,D09,Sagana NCPB Depot,ncpb_depot,-0.666,37.205,CAN,8200,F05,Mushagara Coffee Factory,Baragwi FCS,-0.41839,37.358649,657558,234.8,6,1409,4508,200,8,32.4,43.74,75.0,7874.0,8,10,0.397,Medium,D02,Kianyaga DCC Office Satellite Depot,estimated: haversine distance * 1.35 road factor; replace with OSMnx shortest_path,"estimated from AFA cherry weight proxy; assumed 2,800 kg cherry per acre; fertilizer rates from Draft National Coffee Policy",https://www.afa.go.ke/download/5226/?tmstv=1750232445,https://kirinyaga.go.ke/waiguru-launches-fertilizer-mashinani-initiative-opens-satellite-farm-inputs-depots/,https://kilimo.go.ke/wp-content/uploads/2025/09/Draft-National-Coffee-Policy-2024.pdf,https://osmnx.readthedocs.io/en/stable/user-reference.html,"Estimated for hackathon modelling; validate coordinates, stock and demand with field/OSMnx data before operational use"
R0687,2026,Kirinyaga,Coffee,D09,Sagana NCPB Depot,ncpb_depot,-0.666,37.205,Lime,7600,F05,Mushagara Coffee Factory,Baragwi FCS,-0.41839,37.358649,657558,234.8,5,1174,4508,200,6,32.4,43.74,75.0,7874.0,8,10,0.334,Medium,D02,Kianyaga DCC Office Satellite Depot,estimated: haversine distance * 1.35 road factor; replace with OSMnx shortest_path,"estimated from AFA cherry weight proxy; assumed 2,800 kg cherry per acre; fertilizer rates from Draft National Coffee Policy",https://www.afa.go.ke/download/5226/?tmstv=1750232445,https://kirinyaga.go.ke/waiguru-launches-fertilizer-mashinani-initiative-opens-satellite-farm-inputs-depots/,https://kilimo.go.ke/wp-content/uploads/2025/09/Draft-National-Coffee-Policy-2024.pdf,https://osmnx.readthedocs.io/en/stable/user-reference.html,"Estimated for hackathon modelling; validate coordinates, stock and demand with field/OSMnx data before operational use"
R0688,2026,Kirinyaga,Coffee,D09,Sagana NCPB Depot,ncpb_depot,-0.666,37.205,NPK,9000,F06,Gachami Coffee Factory,Baragwi FCS,-0.443407,37.368027,1318667,471.0,5,2355,9043,200,12,30.68,41.42,71.0,7455.0,8,10,0.64,High,D02,Kianyaga DCC Office Satellite Depot,estimated: haversine distance * 1.35 road factor; replace with OSMnx shortest_path,"estimated from AFA cherry weight proxy; assumed 2,800 kg cherry per acre; fertilizer rates from Draft National Coffee Policy",https://www.afa.go.ke/download/5226/?tmstv=1750232445,https://kirinyaga.go.ke/waiguru-launches-fertilizer-mashinani-initiative-opens-satellite-farm-inputs-depots/,https://kilimo.go.ke/wp-content/uploads/2025/09/Draft-National-Coffee-Policy-2024.pdf,https://osmnx.readthedocs.io/en/stable/user-reference.html,"Estimated for hackathon modelling; validate coordinates, stock and demand with field/OSMnx data before operational use"
R0689,2026,Kirinyaga,Coffee,D09,Sagana NCPB Depot,ncpb_depot,-0.666,37.205,CAN,8200,F06,Gachami Coffee Factory,Baragwi FCS,-0.443407,37.368027,1318667,471.0,6,2826,9043,200,15,30.68,41.42,71.0,7455.0,8,10,0.706,High,D02,Kianyaga DCC Office Satellite Depot,estimated: haversine distance * 1.35 road factor; replace with OSMnx shortest_path,"estimated from AFA cherry weight proxy; assumed 2,800 kg cherry per acre; fertilizer rates from Draft National Coffee Policy",https://www.afa.go.ke/download/5226/?tmstv=1750232445,https://kirinyaga.go.ke/waiguru-launches-fertilizer-mashinani-initiative-opens-satellite-farm-inputs-depots/,https://kilimo.go.ke/wp-content/uploads/2025/09/Draft-National-Coffee-Policy-2024.pdf,https://osmnx.readthedocs.io/en/stable/user-reference.html,"Estimated for hackathon modelling; validate coordinates, stock and demand with field/OSMnx data before operational use"
R0690,2026,Kirinyaga,Coffee,D09,Sagana NCPB Depot,ncpb_depot,-0.666,37.205,Lime,7600,F06,Gachami Coffee Factory,Baragwi FCS,-0.443407,37.368027,1318667,471.0,5,2355,9043,200,12,30.68,41.42,71.0,7455.0,8,10,0.64,High,D02,Kianyaga DCC Office Satellite Depot,estimated: haversine distance * 1.35 road factor; replace with OSMnx shortest_path,"estimated from AFA cherry weight proxy; assumed 2,800 kg cherry per acre; fertilizer rates from Draft National Coffee Policy",https://www.afa.go.ke/download/5226/?tmstv=1750232445,https://kirinyaga.go.ke/waiguru-launches-fertilizer-mashinani-initiative-opens-satellite-farm-inputs-depots/,https://kilimo.go.ke/wp-content/uploads/2025/09/Draft-National-Coffee-Policy-2024.pdf,https://osmnx.readthedocs.io/en/stable/user-reference.html,"Estimated for hackathon modelling; validate coordinates, stock and demand with field/OSMnx data before operational use"
R0691,2026,Kirinyaga,Coffee,D09,Sagana NCPB Depot,ncpb_depot,-0.666,37.205,NPK,9000,F07,Konyu Coffee Factory,Kabare FCS,-0.543367,37.326494,193060,69.0,5,345,1325,200,2,19.19,25.91,44.4,4664.0,8,10,0.12,Low,D05,Baricho DCC Office Satellite Depot,estimated: haversine distance * 1.35 road factor; replace with OSMnx shortest_path,"estimated from AFA cherry weight proxy; assumed 2,800 kg cherry per acre; fertilizer rates from Draft National Coffee Policy",https://www.afa.go.ke/download/5226/?tmstv=1750232445,https://kirinyaga.go.ke/waiguru-launches-fertilizer-mashinani-initiative-opens-satellite-farm-inputs-depots/,https://kilimo.go.ke/wp-content/uploads/2025/09/Draft-National-Coffee-Policy-2024.pdf,https://osmnx.readthedocs.io/en/stable/user-reference.html,"Estimated for hackathon modelling; validate coordinates, stock and demand with field/OSMnx data before operational use"
R0692,2026,Kirinyaga,Coffee,D09,Sagana NCPB Depot,ncpb_depot,-0.666,37.205,CAN,8200,F07,Konyu Coffee Factory,Kabare FCS,-0.543367,37.326494,193060,69.0,6,414,1325,200,3,19.19,25.91,44.4,4664.0,8,10,0.138,Low,D05,Baricho DCC Office Satellite Depot,estimated: haversine distance * 1.35 road factor; replace with OSMnx shortest_path,"estimated from AFA cherry weight proxy; assumed 2,800 kg cherry per acre; fertilizer rates from Draft National Coffee Policy",https://www.afa.go.ke/download/5226/?tmstv=1750232445,https://kirinyaga.go.ke/waiguru-launches-fertilizer-mashinani-initiative-opens-satellite-farm-inputs-depots/,https://kilimo.go.ke/wp-content/uploads/2025/09/Draft-National-Coffee-Policy-2024.pdf,https://osmnx.readthedocs.io/en/stable/user-reference.html,"Estimated for hackathon modelling; validate coordinates, stock and demand with field/OSMnx data before operational use"
R0693,2026,Kirinyaga,Coffee,D09,Sagana NCPB Depot,ncpb_depot,-0.666,37.205,Lime,7600,F07,Konyu Coffee Factory,Kabare FCS,-0.543367,37.326494,193060,69.0,5,345,1325,200,2,19.19,25.91,44.4,4664.0,8,10,0.12,Low,D05,Baricho DCC Office Satellite Depot,estimated: haversine distance * 1.35 road factor; replace with OSMnx shortest_path,"estimated from AFA cherry weight proxy; assumed 2,800 kg cherry per acre; fertilizer rates from Draft National Coffee Policy",https://www.afa.go.ke/download/5226/?tmstv=1750232445,https://kirinyaga.go.ke/waiguru-launches-fertilizer-mashinani-initiative-opens-satellite-farm-inputs-depots/,https://kilimo.go.ke/wp-content/uploads/2025/09/Draft-National-Coffee-Policy-2024.pdf,https://osmnx.readthedocs.io/en/stable/user-reference.html,"Estimated for hackathon modelling; validate coordinates, stock and demand with field/OSMnx data before operational use"
R0694,2026,Kirinyaga,Coffee,D09,Sagana NCPB Depot,ncpb_depot,-0.666,37.205,NPK,9000,F08,Thunguri Coffee Factory,Kibirigwi FCS,-0.559251,37.158225,842805,301.0,5,1505,5779,200,8,12.96,17.5,30.0,3149.0,8,10,0.51,High,D09,Sagana NCPB Depot,estimated: haversine distance * 1.35 road factor; replace with OSMnx shortest_path,"estimated from AFA cherry weight proxy; assumed 2,800 kg cherry per acre; fertilizer rates from Draft National Coffee Policy",https://www.afa.go.ke/download/5226/?tmstv=1750232445,https://kirinyaga.go.ke/waiguru-launches-fertilizer-mashinani-initiative-opens-satellite-farm-inputs-depots/,https://kilimo.go.ke/wp-content/uploads/2025/09/Draft-National-Coffee-Policy-2024.pdf,https://osmnx.readthedocs.io/en/stable/user-reference.html,"Estimated for hackathon modelling; validate coordinates, stock and demand with field/OSMnx data before operational use"
R0695,2026,Kirinyaga,Coffee,D09,Sagana NCPB Depot,ncpb_depot,-0.666,37.205,CAN,8200,F08,Thunguri Coffee Factory,Kibirigwi FCS,-0.559251,37.158225,842805,301.0,6,1806,5779,200,10,12.96,17.5,30.0,3149.0,8,10,0.591,High,D09,Sagana NCPB Depot,estimated: haversine distance * 1.35 road factor; replace with OSMnx shortest_path,"estimated from AFA cherry weight proxy; assumed 2,800 kg cherry per acre; fertilizer rates from Draft National Coffee Policy",https://www.afa.go.ke/download/5226/?tmstv=1750232445,https://kirinyaga.go.ke/waiguru-launches-fertilizer-mashinani-initiative-opens-satellite-farm-inputs-depots/,https://kilimo.go.ke/wp-content/uploads/2025/09/Draft-National-Coffee-Policy-2024.pdf,https://osmnx.readthedocs.io/en/stable/user-reference.html,"Estimated for hackathon modelling; validate coordinates, stock and demand with field/OSMnx data before operational use"
R0696,2026,Kirinyaga,Coffee,D09,Sagana NCPB Depot,ncpb_depot,-0.666,37.205,Lime,7600,F08,Thunguri Coffee Factory,Kibirigwi FCS,-0.559251,37.158225,842805,301.0,5,1505,5779,200,8,12.96,17.5,30.0,3149.0,8,10,0.51,High,D09,Sagana NCPB Depot,estimated: haversine distance * 1.35 road factor; replace with OSMnx shortest_path,"estimated from AFA cherry weight proxy; assumed 2,800 kg cherry per acre; fertilizer rates from Draft National Coffee Policy",https://www.afa.go.ke/download/5226/?tmstv=1750232445,https://kirinyaga.go.ke/waiguru-launches-fertilizer-mashinani-initiative-opens-satellite-farm-inputs-depots/,https://kilimo.go.ke/wp-content/uploads/2025/09/Draft-National-Coffee-Policy-2024.pdf,https://osmnx.readthedocs.io/en/stable/user-reference.html,"Estimated for hackathon modelling; validate coordinates, stock and demand with field/OSMnx data before operational use"
R0697,2026,Kirinyaga,Coffee,D09,Sagana NCPB Depot,ncpb_depot,-0.666,37.205,NPK,9000,F09,Kiandieri Coffee Factory,Inoi FCS,-0.500398,37.283446,98015,35.0,5,175,672,200,1,20.38,27.51,47.2,4951.0,8,10,0.05,Low,D03,Kerugoya CC Office Satellite Depot,estimated: haversine distance * 1.35 road factor; replace with OSMnx shortest_path,"estimated from AFA cherry weight proxy; assumed 2,800 kg cherry per acre; fertilizer rates from Draft National Coffee Policy",https://www.afa.go.ke/download/5226/?tmstv=1750232445,https://kirinyaga.go.ke/waiguru-launches-fertilizer-mashinani-initiative-opens-satellite-farm-inputs-depots/,https://kilimo.go.ke/wp-content/uploads/2025/09/Draft-National-Coffee-Policy-2024.pdf,https://osmnx.readthedocs.io/en/stable/user-reference.html,"Estimated for hackathon modelling; validate coordinates, stock and demand with field/OSMnx data before operational use"
R0698,2026,Kirinyaga,Coffee,D09,Sagana NCPB Depot,ncpb_depot,-0.666,37.205,CAN,8200,F09,Kiandieri Coffee Factory,Inoi FCS,-0.500398,37.283446,98015,35.0,6,210,672,200,2,20.38,27.51,47.2,4951.0,8,10,0.06,Low,D03,Kerugoya CC Office Satellite Depot,estimated: haversine distance * 1.35 road factor; replace with OSMnx shortest_path,"estimated from AFA cherry weight proxy; assumed 2,800 kg cherry per acre; fertilizer rates from Draft National Coffee Policy",https://www.afa.go.ke/download/5226/?tmstv=1750232445,https://kirinyaga.go.ke/waiguru-launches-fertilizer-mashinani-initiative-opens-satellite-farm-inputs-depots/,https://kilimo.go.ke/wp-content/uploads/2025/09/Draft-National-Coffee-Policy-2024.pdf,https://osmnx.readthedocs.io/en/stable/user-reference.html,"Estimated for hackathon modelling; validate coordinates, stock and demand with field/OSMnx data before operational use"
R0699,2026,Kirinyaga,Coffee,D09,Sagana NCPB Depot,ncpb_depot,-0.666,37.205,Lime,7600,F09,Kiandieri Coffee Factory,Inoi FCS,-0.500398,37.283446,98015,35.0,5,175,672,200,1,20.38,27.51,47.2,4951.0,8,10,0.05,Low,D03,Kerugoya CC Office Satellite Depot,estimated: haversine distance * 1.35 road factor; replace with OSMnx shortest_path,"estimated from AFA cherry weight proxy; assumed 2,800 kg cherry per acre; fertilizer rates from Draft National Coffee Policy",https://www.afa.go.ke/download/5226/?tmstv=1750232445,https://kirinyaga.go.ke/waiguru-launches-fertilizer-mashinani-initiative-opens-satellite-farm-inputs-depots/,https://kilimo.go.ke/wp-content/uploads/2025/09/Draft-National-Coffee-Policy-2024.pdf,https://osmnx.readthedocs.io/en/stable/user-reference.html,"Estimated for hackathon modelling; validate coordinates, stock and demand with field/OSMnx data before operational use"
R0700,2026,Kirinyaga,Coffee,D09,Sagana NCPB Depot,ncpb_depot,-0.666,37.205,NPK,9000,F10,Rutui Coffee Factory,Inoi FCS,-0.491453,37.280532,202521,72.3,5,362,1390,200,2,21.15,28.55,48.9,5139.0,8,10,0.104,Low,D03,Kerugoya CC Office Satellite Depot,estimated: haversine distance * 1.35 road factor; replace with OSMnx shortest_path,"estimated from AFA cherry weight proxy; assumed 2,800 kg cherry per acre; fertilizer rates from Draft National Coffee Policy",https://www.afa.go.ke/download/5226/?tmstv=1750232445,https://kirinyaga.go.ke/waiguru-launches-fertilizer-mashinani-initiative-opens-satellite-farm-inputs-depots/,https://kilimo.go.ke/wp-content/uploads/2025/09/Draft-National-Coffee-Policy-2024.pdf,https://osmnx.readthedocs.io/en/stable/user-reference.html,"Estimated for hackathon modelling; validate coordinates, stock and demand with field/OSMnx data before operational use"
R0701,2026,Kirinyaga,Coffee,D09,Sagana NCPB Depot,ncpb_depot,-0.666,37.205,CAN,8200,F10,Rutui Coffee Factory,Inoi FCS,-0.491453,37.280532,202521,72.3,6,434,1390,200,3,21.15,28.55,48.9,5139.0,8,10,0.124,Low,D03,Kerugoya CC Office Satellite Depot,estimated: haversine distance * 1.35 road factor; replace with OSMnx shortest_path,"estimated from AFA cherry weight proxy; assumed 2,800 kg cherry per acre; fertilizer rates from Draft National Coffee Policy",https://www.afa.go.ke/download/5226/?tmstv=1750232445,https://kirinyaga.go.ke/waiguru-launches-fertilizer-mashinani-initiative-opens-satellite-farm-inputs-depots/,https://kilimo.go.ke/wp-content/uploads/2025/09/Draft-National-Coffee-Policy-2024.pdf,https://osmnx.readthedocs.io/en/stable/user-reference.html,"Estimated for hackathon modelling; validate coordinates, stock and demand with field/OSMnx data before operational use"
R0702,2026,Kirinyaga,Coffee,D09,Sagana NCPB Depot,ncpb_depot,-0.666,37.205,Lime,7600,F10,Rutui Coffee Factory,Inoi FCS,-0.491453,37.280532,202521,72.3,5,362,1390,200,2,21.15,28.55,48.9,5139.0,8,10,0.104,Low,D03,Kerugoya CC Office Satellite Depot,estimated: haversine distance * 1.35 road factor; replace with OSMnx shortest_path,"estimated from AFA cherry weight proxy; assumed 2,800 kg cherry per acre; fertilizer rates from Draft National Coffee Policy",https://www.afa.go.ke/download/5226/?tmstv=1750232445,https://kirinyaga.go.ke/waiguru-launches-fertilizer-mashinani-initiative-opens-satellite-farm-inputs-depots/,https://kilimo.go.ke/wp-content/uploads/2025/09/Draft-National-Coffee-Policy-2024.pdf,https://osmnx.readthedocs.io/en/stable/user-reference.html,"Estimated for hackathon modelling; validate coordinates, stock and demand with field/OSMnx data before operational use"
R0703,2026,Kirinyaga,Coffee,D09,Sagana NCPB Depot,ncpb_depot,-0.666,37.205,NPK,9000,F11,Kiang'ombe Coffee Factory,Kabare FCS,-0.545471,37.335991,421153,150.4,5,752,2887,200,4,19.79,26.72,45.8,4810.0,8,10,0.225,Medium,D05,Baricho DCC Office Satellite Depot,estimated: haversine distance * 1.35 road factor; replace with OSMnx shortest_path,"estimated from AFA cherry weight proxy; assumed 2,800 kg cherry per acre; fertilizer rates from Draft National Coffee Policy",https://www.afa.go.ke/download/5226/?tmstv=1750232445,https://kirinyaga.go.ke/waiguru-launches-fertilizer-mashinani-initiative-opens-satellite-farm-inputs-depots/,https://kilimo.go.ke/wp-content/uploads/2025/09/Draft-National-Coffee-Policy-2024.pdf,https://osmnx.readthedocs.io/en/stable/user-reference.html,"Estimated for hackathon modelling; validate coordinates, stock and demand with field/OSMnx data before operational use"
R0704,2026,Kirinyaga,Coffee,D09,Sagana NCPB Depot,ncpb_depot,-0.666,37.205,CAN,8200,F11,Kiang'ombe Coffee Factory,Kabare FCS,-0.545471,37.335991,421153,150.4,6,902,2887,200,5,19.79,26.72,45.8,4810.0,8,10,0.265,Medium,D05,Baricho DCC Office Satellite Depot,estimated: haversine distance * 1.35 road factor; replace with OSMnx shortest_path,"estimated from AFA cherry weight proxy; assumed 2,800 kg cherry per acre; fertilizer rates from Draft National Coffee Policy",https://www.afa.go.ke/download/5226/?tmstv=1750232445,https://kirinyaga.go.ke/waiguru-launches-fertilizer-mashinani-initiative-opens-satellite-farm-inputs-depots/,https://kilimo.go.ke/wp-content/uploads/2025/09/Draft-National-Coffee-Policy-2024.pdf,https://osmnx.readthedocs.io/en/stable/user-reference.html,"Estimated for hackathon modelling; validate coordinates, stock and demand with field/OSMnx data before operational use"
R0705,2026,Kirinyaga,Coffee,D09,Sagana NCPB Depot,ncpb_depot,-0.666,37.205,Lime,7600,F11,Kiang'ombe Coffee Factory,Kabare FCS,-0.545471,37.335991,421153,150.4,5,752,2887,200,4,19.79,26.72,45.8,4810.0,8,10,0.225,Medium,D05,Baricho DCC Office Satellite Depot,estimated: haversine distance * 1.35 road factor; replace with OSMnx shortest_path,"estimated from AFA cherry weight proxy; assumed 2,800 kg cherry per acre; fertilizer rates from Draft National Coffee Policy",https://www.afa.go.ke/download/5226/?tmstv=1750232445,https://kirinyaga.go.ke/waiguru-launches-fertilizer-mashinani-initiative-opens-satellite-farm-inputs-depots/,https://kilimo.go.ke/wp-content/uploads/2025/09/Draft-National-Coffee-Policy-2024.pdf,https://osmnx.readthedocs.io/en/stable/user-reference.html,"Estimated for hackathon modelling; validate coordinates, stock and demand with field/OSMnx data before operational use"
R0706,2026,Kirinyaga,Coffee,D09,Sagana NCPB Depot,ncpb_depot,-0.666,37.205,NPK,9000,F12,Guama Coffee Factory,Baragwi FCS,-0.436799,37.373277,640750,228.8,5,1144,4393,200,6,31.62,42.68,73.2,7683.0,8,10,0.315,Medium,D02,Kianyaga DCC Office Satellite Depot,estimated: haversine distance * 1.35 road factor; replace with OSMnx shortest_path,"estimated from AFA cherry weight proxy; assumed 2,800 kg cherry per acre; fertilizer rates from Draft National Coffee Policy",https://www.afa.go.ke/download/5226/?tmstv=1750232445,https://kirinyaga.go.ke/waiguru-launches-fertilizer-mashinani-initiative-opens-satellite-farm-inputs-depots/,https://kilimo.go.ke/wp-content/uploads/2025/09/Draft-National-Coffee-Policy-2024.pdf,https://osmnx.readthedocs.io/en/stable/user-reference.html,"Estimated for hackathon modelling; validate coordinates, stock and demand with field/OSMnx data before operational use"
R0707,2026,Kirinyaga,Coffee,D09,Sagana NCPB Depot,ncpb_depot,-0.666,37.205,CAN,8200,F12,Guama Coffee Factory,Baragwi FCS,-0.436799,37.373277,640750,228.8,6,1373,4393,200,7,31.62,42.68,73.2,7683.0,8,10,0.376,Medium,D02,Kianyaga DCC Office Satellite Depot,estimated: haversine distance * 1.35 road factor; replace with OSMnx shortest_path,"estimated from AFA cherry weight proxy; assumed 2,800 kg cherry per acre; fertilizer rates from Draft National Coffee Policy",https://www.afa.go.ke/download/5226/?tmstv=1750232445,https://kirinyaga.go.ke/waiguru-launches-fertilizer-mashinani-initiative-opens-satellite-farm-inputs-depots/,https://kilimo.go.ke/wp-content/uploads/2025/09/Draft-National-Coffee-Policy-2024.pdf,https://osmnx.readthedocs.io/en/stable/user-reference.html,"Estimated for hackathon modelling; validate coordinates, stock and demand with field/OSMnx data before operational use"
R0708,2026,Kirinyaga,Coffee,D09,Sagana NCPB Depot,ncpb_depot,-0.666,37.205,Lime,7600,F12,Guama Coffee Factory,Baragwi FCS,-0.436799,37.373277,640750,228.8,5,1144,4393,200,6,31.62,42.68,73.2,7683.0,8,10,0.315,Medium,D02,Kianyaga DCC Office Satellite Depot,estimated: haversine distance * 1.35 road factor; replace with OSMnx shortest_path,"estimated from AFA cherry weight proxy; assumed 2,800 kg cherry per acre; fertilizer rates from Draft National Coffee Policy",https://www.afa.go.ke/download/5226/?tmstv=1750232445,https://kirinyaga.go.ke/waiguru-launches-fertilizer-mashinani-initiative-opens-satellite-farm-inputs-depots/,https://kilimo.go.ke/wp-content/uploads/2025/09/Draft-National-Coffee-Policy-2024.pdf,https://osmnx.readthedocs.io/en/stable/user-reference.html,"Estimated for hackathon modelling; validate coordinates, stock and demand with field/OSMnx data before operational use"
R0709,2026,Kirinyaga,Coffee,D09,Sagana NCPB Depot,ncpb_depot,-0.666,37.205,NPK,9000,F13,Kiri Coffee Factory,Ngiriambu FCS,-0.442714,37.429183,304470,108.7,5,544,2088,200,3,35.18,47.5,81.4,8549.0,8,10,0.204,Low,D02,Kianyaga DCC Office Satellite Depot,estimated: haversine distance * 1.35 road factor; replace with OSMnx shortest_path,"estimated from AFA cherry weight proxy; assumed 2,800 kg cherry per acre; fertilizer rates from Draft National Coffee Policy",https://www.afa.go.ke/download/5226/?tmstv=1750232445,https://kirinyaga.go.ke/waiguru-launches-fertilizer-mashinani-initiative-opens-satellite-farm-inputs-depots/,https://kilimo.go.ke/wp-content/uploads/2025/09/Draft-National-Coffee-Policy-2024.pdf,https://osmnx.readthedocs.io/en/stable/user-reference.html,"Estimated for hackathon modelling; validate coordinates, stock and demand with field/OSMnx data before operational use"
R0710,2026,Kirinyaga,Coffee,D09,Sagana NCPB Depot,ncpb_depot,-0.666,37.205,CAN,8200,F13,Kiri Coffee Factory,Ngiriambu FCS,-0.442714,37.429183,304470,108.7,6,652,2088,200,4,35.18,47.5,81.4,8549.0,8,10,0.233,Medium,D02,Kianyaga DCC Office Satellite Depot,estimated: haversine distance * 1.35 road factor; replace with OSMnx shortest_path,"estimated from AFA cherry weight proxy; assumed 2,800 kg cherry per acre; fertilizer rates from Draft National Coffee Policy",https://www.afa.go.ke/download/5226/?tmstv=1750232445,https://kirinyaga.go.ke/waiguru-launches-fertilizer-mashinani-initiative-opens-satellite-farm-inputs-depots/,https://kilimo.go.ke/wp-content/uploads/2025/09/Draft-National-Coffee-Policy-2024.pdf,https://osmnx.readthedocs.io/en/stable/user-reference.html,"Estimated for hackathon modelling; validate coordinates, stock and demand with field/OSMnx data before operational use"
R0711,2026,Kirinyaga,Coffee,D09,Sagana NCPB Depot,ncpb_depot,-0.666,37.205,Lime,7600,F13,Kiri Coffee Factory,Ngiriambu FCS,-0.442714,37.429183,304470,108.7,5,544,2088,200,3,35.18,47.5,81.4,8549.0,8,10,0.204,Low,D02,Kianyaga DCC Office Satellite Depot,estimated: haversine distance * 1.35 road factor; replace with OSMnx shortest_path,"estimated from AFA cherry weight proxy; assumed 2,800 kg cherry per acre; fertilizer rates from Draft National Coffee Policy",https://www.afa.go.ke/download/5226/?tmstv=1750232445,https://kirinyaga.go.ke/waiguru-launches-fertilizer-mashinani-initiative-opens-satellite-farm-inputs-depots/,https://kilimo.go.ke/wp-content/uploads/2025/09/Draft-National-Coffee-Policy-2024.pdf,https://osmnx.readthedocs.io/en/stable/user-reference.html,"Estimated for hackathon modelling; validate coordinates, stock and demand with field/OSMnx data before operational use"
R0712,2026,Kirinyaga,Coffee,D09,Sagana NCPB Depot,ncpb_depot,-0.666,37.205,NPK,9000,F14,Kiangothe Coffee Factory,Kabare FCS,-0.531036,37.332984,377824,134.9,5,675,2592,200,4,20.68,27.92,47.9,5026.0,8,10,0.217,Medium,D05,Baricho DCC Office Satellite Depot,estimated: haversine distance * 1.35 road factor; replace with OSMnx shortest_path,"estimated from AFA cherry weight proxy; assumed 2,800 kg cherry per acre; fertilizer rates from Draft National Coffee Policy",https://www.afa.go.ke/download/5226/?tmstv=1750232445,https://kirinyaga.go.ke/waiguru-launches-fertilizer-mashinani-initiative-opens-satellite-farm-inputs-depots/,https://kilimo.go.ke/wp-content/uploads/2025/09/Draft-National-Coffee-Policy-2024.pdf,https://osmnx.readthedocs.io/en/stable/user-reference.html,"Estimated for hackathon modelling; validate coordinates, stock and demand with field/OSMnx data before operational use"
R0713,2026,Kirinyaga,Coffee,D09,Sagana NCPB Depot,ncpb_depot,-0.666,37.205,CAN,8200,F14,Kiangothe Coffee Factory,Kabare FCS,-0.531036,37.332984,377824,134.9,6,810,2592,200,5,20.68,27.92,47.9,5026.0,8,10,0.254,Medium,D05,Baricho DCC Office Satellite Depot,estimated: haversine distance * 1.35 road factor; replace with OSMnx shortest_path,"estimated from AFA cherry weight proxy; assumed 2,800 kg cherry per acre; fertilizer rates from Draft National Coffee Policy",https://www.afa.go.ke/download/5226/?tmstv=1750232445,https://kirinyaga.go.ke/waiguru-launches-fertilizer-mashinani-initiative-opens-satellite-farm-inputs-depots/,https://kilimo.go.ke/wp-content/uploads/2025/09/Draft-National-Coffee-Policy-2024.pdf,https://osmnx.readthedocs.io/en/stable/user-reference.html,"Estimated for hackathon modelling; validate coordinates, stock and demand with field/OSMnx data before operational use"
R0714,2026,Kirinyaga,Coffee,D09,Sagana NCPB Depot,ncpb_depot,-0.666,37.205,Lime,7600,F14,Kiangothe Coffee Factory,Kabare FCS,-0.531036,37.332984,377824,134.9,5,675,2592,200,4,20.68,27.92,47.9,5026.0,8,10,0.217,Medium,D05,Baricho DCC Office Satellite Depot,estimated: haversine distance * 1.35 road factor; replace with OSMnx shortest_path,"estimated from AFA cherry weight proxy; assumed 2,800 kg cherry per acre; fertilizer rates from Draft National Coffee Policy",https://www.afa.go.ke/download/5226/?tmstv=1750232445,https://kirinyaga.go.ke/waiguru-launches-fertilizer-mashinani-initiative-opens-satellite-farm-inputs-depots/,https://kilimo.go.ke/wp-content/uploads/2025/09/Draft-National-Coffee-Policy-2024.pdf,https://osmnx.readthedocs.io/en/stable/user-reference.html,"Estimated for hackathon modelling; validate coordinates, stock and demand with field/OSMnx data before operational use"
R0715,2026,Kirinyaga,Coffee,D09,Sagana NCPB Depot,ncpb_depot,-0.666,37.205,NPK,9000,F15,Kimandi Coffee Factory,Kabare FCS,-0.521263,37.335519,750940,268.2,5,1341,5149,200,7,21.67,29.26,50.2,5266.0,8,10,0.405,Medium,D05,Baricho DCC Office Satellite Depot,estimated: haversine distance * 1.35 road factor; replace with OSMnx shortest_path,"estimated from AFA cherry weight proxy; assumed 2,800 kg cherry per acre; fertilizer rates from Draft National Coffee Policy",https://www.afa.go.ke/download/5226/?tmstv=1750232445,https://kirinyaga.go.ke/waiguru-launches-fertilizer-mashinani-initiative-opens-satellite-farm-inputs-depots/,https://kilimo.go.ke/wp-content/uploads/2025/09/Draft-National-Coffee-Policy-2024.pdf,https://osmnx.readthedocs.io/en/stable/user-reference.html,"Estimated for hackathon modelling; validate coordinates, stock and demand with field/OSMnx data before operational use"
R0716,2026,Kirinyaga,Coffee,D09,Sagana NCPB Depot,ncpb_depot,-0.666,37.205,CAN,8200,F15,Kimandi Coffee Factory,Kabare FCS,-0.521263,37.335519,750940,268.2,6,1609,5149,200,9,21.67,29.26,50.2,5266.0,8,10,0.477,High,D05,Baricho DCC Office Satellite Depot,estimated: haversine distance * 1.35 road factor; replace with OSMnx shortest_path,"estimated from AFA cherry weight proxy; assumed 2,800 kg cherry per acre; fertilizer rates from Draft National Coffee Policy",https://www.afa.go.ke/download/5226/?tmstv=1750232445,https://kirinyaga.go.ke/waiguru-launches-fertilizer-mashinani-initiative-opens-satellite-farm-inputs-depots/,https://kilimo.go.ke/wp-content/uploads/2025/09/Draft-National-Coffee-Policy-2024.pdf,https://osmnx.readthedocs.io/en/stable/user-reference.html,"Estimated for hackathon modelling; validate coordinates, stock and demand with field/OSMnx data before operational use"
R0717,2026,Kirinyaga,Coffee,D09,Sagana NCPB Depot,ncpb_depot,-0.666,37.205,Lime,7600,F15,Kimandi Coffee Factory,Kabare FCS,-0.521263,37.335519,750940,268.2,5,1341,5149,200,7,21.67,29.26,50.2,5266.0,8,10,0.405,Medium,D05,Baricho DCC Office Satellite Depot,estimated: haversine distance * 1.35 road factor; replace with OSMnx shortest_path,"estimated from AFA cherry weight proxy; assumed 2,800 kg cherry per acre; fertilizer rates from Draft National Coffee Policy",https://www.afa.go.ke/download/5226/?tmstv=1750232445,https://kirinyaga.go.ke/waiguru-launches-fertilizer-mashinani-initiative-opens-satellite-farm-inputs-depots/,https://kilimo.go.ke/wp-content/uploads/2025/09/Draft-National-Coffee-Policy-2024.pdf,https://osmnx.readthedocs.io/en/stable/user-reference.html,"Estimated for hackathon modelling; validate coordinates, stock and demand with field/OSMnx data before operational use"
R0718,2026,Kirinyaga,Coffee,D09,Sagana NCPB Depot,ncpb_depot,-0.666,37.205,NPK,9000,F16,Kariaini Coffee Factory,Mwirua FCS,-0.405464,37.398149,363274,129.7,5,649,2491,200,4,36.06,48.68,83.5,8763.0,8,10,0.215,Medium,D02,Kianyaga DCC Office Satellite Depot,estimated: haversine distance * 1.35 road factor; replace with OSMnx shortest_path,"estimated from AFA cherry weight proxy; assumed 2,800 kg cherry per acre; fertilizer rates from Draft National Coffee Policy",https://www.afa.go.ke/download/5226/?tmstv=1750232445,https://kirinyaga.go.ke/waiguru-launches-fertilizer-mashinani-initiative-opens-satellite-farm-inputs-depots/,https://kilimo.go.ke/wp-content/uploads/2025/09/Draft-National-Coffee-Policy-2024.pdf,https://osmnx.readthedocs.io/en/stable/user-reference.html,"Estimated for hackathon modelling; validate coordinates, stock and demand with field/OSMnx data before operational use"
R0719,2026,Kirinyaga,Coffee,D09,Sagana NCPB Depot,ncpb_depot,-0.666,37.205,CAN,8200,F16,Kariaini Coffee Factory,Mwirua FCS,-0.405464,37.398149,363274,129.7,6,778,2491,200,4,36.06,48.68,83.5,8763.0,8,10,0.25,Medium,D02,Kianyaga DCC Office Satellite Depot,estimated: haversine distance * 1.35 road factor; replace with OSMnx shortest_path,"estimated from AFA cherry weight proxy; assumed 2,800 kg cherry per acre; fertilizer rates from Draft National Coffee Policy",https://www.afa.go.ke/download/5226/?tmstv=1750232445,https://kirinyaga.go.ke/waiguru-launches-fertilizer-mashinani-initiative-opens-satellite-farm-inputs-depots/,https://kilimo.go.ke/wp-content/uploads/2025/09/Draft-National-Coffee-Policy-2024.pdf,https://osmnx.readthedocs.io/en/stable/user-reference.html,"Estimated for hackathon modelling; validate coordinates, stock and demand with field/OSMnx data before operational use"
R0720,2026,Kirinyaga,Coffee,D09,Sagana NCPB Depot,ncpb_depot,-0.666,37.205,Lime,7600,F16,Kariaini Coffee Factory,Mwirua FCS,-0.405464,37.398149,363274,129.7,5,649,2491,200,4,36.06,48.68,83.5,8763.0,8,10,0.215,Medium,D02,Kianyaga DCC Office Satellite Depot,estimated: haversine distance * 1.35 road factor; replace with OSMnx shortest_path,"estimated from AFA cherry weight proxy; assumed 2,800 kg cherry per acre; fertilizer rates from Draft National Coffee Policy",https://www.afa.go.ke/download/5226/?tmstv=1750232445,https://kirinyaga.go.ke/waiguru-launches-fertilizer-mashinani-initiative-opens-satellite-farm-inputs-depots/,https://kilimo.go.ke/wp-content/uploads/2025/09/Draft-National-Coffee-Policy-2024.pdf,https://osmnx.readthedocs.io/en/stable/user-reference.html,"Estimated for hackathon modelling; validate coordinates, stock and demand with field/OSMnx data before operational use"
R0721,2026,Kirinyaga,Coffee,D09,Sagana NCPB Depot,ncpb_depot,-0.666,37.205,NPK,9000,F17,Kamwangi Coffee Factory,New Ngariama FCS,-0.470819,37.484366,634450,226.6,5,1133,4351,200,6,37.89,51.16,87.7,9208.0,8,10,0.324,Medium,D08,Togonye ACC Office Satellite Depot,estimated: haversine distance * 1.35 road factor; replace with OSMnx shortest_path,"estimated from AFA cherry weight proxy; assumed 2,800 kg cherry per acre; fertilizer rates from Draft National Coffee Policy",https://www.afa.go.ke/download/5226/?tmstv=1750232445,https://kirinyaga.go.ke/waiguru-launches-fertilizer-mashinani-initiative-opens-satellite-farm-inputs-depots/,https://kilimo.go.ke/wp-content/uploads/2025/09/Draft-National-Coffee-Policy-2024.pdf,https://osmnx.readthedocs.io/en/stable/user-reference.html,"Estimated for hackathon modelling; validate coordinates, stock and demand with field/OSMnx data before operational use"
R0722,2026,Kirinyaga,Coffee,D09,Sagana NCPB Depot,ncpb_depot,-0.666,37.205,CAN,8200,F17,Kamwangi Coffee Factory,New Ngariama FCS,-0.470819,37.484366,634450,226.6,6,1360,4351,200,7,37.89,51.16,87.7,9208.0,8,10,0.385,Medium,D08,Togonye ACC Office Satellite Depot,estimated: haversine distance * 1.35 road factor; replace with OSMnx shortest_path,"estimated from AFA cherry weight proxy; assumed 2,800 kg cherry per acre; fertilizer rates from Draft National Coffee Policy",https://www.afa.go.ke/download/5226/?tmstv=1750232445,https://kirinyaga.go.ke/waiguru-launches-fertilizer-mashinani-initiative-opens-satellite-farm-inputs-depots/,https://kilimo.go.ke/wp-content/uploads/2025/09/Draft-National-Coffee-Policy-2024.pdf,https://osmnx.readthedocs.io/en/stable/user-reference.html,"Estimated for hackathon modelling; validate coordinates, stock and demand with field/OSMnx data before operational use"
R0723,2026,Kirinyaga,Coffee,D09,Sagana NCPB Depot,ncpb_depot,-0.666,37.205,Lime,7600,F17,Kamwangi Coffee Factory,New Ngariama FCS,-0.470819,37.484366,634450,226.6,5,1133,4351,200,6,37.89,51.16,87.7,9208.0,8,10,0.324,Medium,D08,Togonye ACC Office Satellite Depot,estimated: haversine distance * 1.35 road factor; replace with OSMnx shortest_path,"estimated from AFA cherry weight proxy; assumed 2,800 kg cherry per acre; fertilizer rates from Draft National Coffee Policy",https://www.afa.go.ke/download/5226/?tmstv=1750232445,https://kirinyaga.go.ke/waiguru-launches-fertilizer-mashinani-initiative-opens-satellite-farm-inputs-depots/,https://kilimo.go.ke/wp-content/uploads/2025/09/Draft-National-Coffee-Policy-2024.pdf,https://osmnx.readthedocs.io/en/stable/user-reference.html,"Estimated for hackathon modelling; validate coordinates, stock and demand with field/OSMnx data before operational use"
R0724,2026,Kirinyaga,Coffee,D09,Sagana NCPB Depot,ncpb_depot,-0.666,37.205,NPK,9000,F18,Karumandi Coffee Factory,Baragwi FCS,-0.430607,37.38226,467691,167.0,5,835,3206,200,5,32.77,44.23,75.8,7962.0,8,10,0.241,Medium,D02,Kianyaga DCC Office Satellite Depot,estimated: haversine distance * 1.35 road factor; replace with OSMnx shortest_path,"estimated from AFA cherry weight proxy; assumed 2,800 kg cherry per acre; fertilizer rates from Draft National Coffee Policy",https://www.afa.go.ke/download/5226/?tmstv=1750232445,https://kirinyaga.go.ke/waiguru-launches-fertilizer-mashinani-initiative-opens-satellite-farm-inputs-depots/,https://kilimo.go.ke/wp-content/uploads/2025/09/Draft-National-Coffee-Policy-2024.pdf,https://osmnx.readthedocs.io/en/stable/user-reference.html,"Estimated for hackathon modelling; validate coordinates, stock and demand with field/OSMnx data before operational use"
R0725,2026,Kirinyaga,Coffee,D09,Sagana NCPB Depot,ncpb_depot,-0.666,37.205,CAN,8200,F18,Karumandi Coffee Factory,Baragwi FCS,-0.430607,37.38226,467691,167.0,6,1002,3206,200,6,32.77,44.23,75.8,7962.0,8,10,0.286,Medium,D02,Kianyaga DCC Office Satellite Depot,estimated: haversine distance * 1.35 road factor; replace with OSMnx shortest_path,"estimated from AFA cherry weight proxy; assumed 2,800 kg cherry per acre; fertilizer rates from Draft National Coffee Policy",https://www.afa.go.ke/download/5226/?tmstv=1750232445,https://kirinyaga.go.ke/waiguru-launches-fertilizer-mashinani-initiative-opens-satellite-farm-inputs-depots/,https://kilimo.go.ke/wp-content/uploads/2025/09/Draft-National-Coffee-Policy-2024.pdf,https://osmnx.readthedocs.io/en/stable/user-reference.html,"Estimated for hackathon modelling; validate coordinates, stock and demand with field/OSMnx data before operational use"
R0726,2026,Kirinyaga,Coffee,D09,Sagana NCPB Depot,ncpb_depot,-0.666,37.205,Lime,7600,F18,Karumandi Coffee Factory,Baragwi FCS,-0.430607,37.38226,467691,167.0,5,835,3206,200,5,32.77,44.23,75.8,7962.0,8,10,0.241,Medium,D02,Kianyaga DCC Office Satellite Depot,estimated: haversine distance * 1.35 road factor; replace with OSMnx shortest_path,"estimated from AFA cherry weight proxy; assumed 2,800 kg cherry per acre; fertilizer rates from Draft National Coffee Policy",https://www.afa.go.ke/download/5226/?tmstv=1750232445,https://kirinyaga.go.ke/waiguru-launches-fertilizer-mashinani-initiative-opens-satellite-farm-inputs-depots/,https://kilimo.go.ke/wp-content/uploads/2025/09/Draft-National-Coffee-Policy-2024.pdf,https://osmnx.readthedocs.io/en/stable/user-reference.html,"Estimated for hackathon modelling; validate coordinates, stock and demand with field/OSMnx data before operational use"
R0727,2026,Kirinyaga,Coffee,D09,Sagana NCPB Depot,ncpb_depot,-0.666,37.205,NPK,9000,F19,Kerugoya Coffee Factory,Inoi FCS,-0.497353,37.297593,933821,333.5,5,1668,6404,200,9,21.39,28.88,49.5,5198.0,8,10,0.465,High,D03,Kerugoya CC Office Satellite Depot,estimated: haversine distance * 1.35 road factor; replace with OSMnx shortest_path,"estimated from AFA cherry weight proxy; assumed 2,800 kg cherry per acre; fertilizer rates from Draft National Coffee Policy",https://www.afa.go.ke/download/5226/?tmstv=1750232445,https://kirinyaga.go.ke/waiguru-launches-fertilizer-mashinani-initiative-opens-satellite-farm-inputs-depots/,https://kilimo.go.ke/wp-content/uploads/2025/09/Draft-National-Coffee-Policy-2024.pdf,https://osmnx.readthedocs.io/en/stable/user-reference.html,"Estimated for hackathon modelling; validate coordinates, stock and demand with field/OSMnx data before operational use"
R0728,2026,Kirinyaga,Coffee,D09,Sagana NCPB Depot,ncpb_depot,-0.666,37.205,CAN,8200,F19,Kerugoya Coffee Factory,Inoi FCS,-0.497353,37.297593,933821,333.5,6,2001,6404,200,11,21.39,28.88,49.5,5198.0,8,10,0.554,High,D03,Kerugoya CC Office Satellite Depot,estimated: haversine distance * 1.35 road factor; replace with OSMnx shortest_path,"estimated from AFA cherry weight proxy; assumed 2,800 kg cherry per acre; fertilizer rates from Draft National Coffee Policy",https://www.afa.go.ke/download/5226/?tmstv=1750232445,https://kirinyaga.go.ke/waiguru-launches-fertilizer-mashinani-initiative-opens-satellite-farm-inputs-depots/,https://kilimo.go.ke/wp-content/uploads/2025/09/Draft-National-Coffee-Policy-2024.pdf,https://osmnx.readthedocs.io/en/stable/user-reference.html,"Estimated for hackathon modelling; validate coordinates, stock and demand with field/OSMnx data before operational use"
R0729,2026,Kirinyaga,Coffee,D09,Sagana NCPB Depot,ncpb_depot,-0.666,37.205,Lime,7600,F19,Kerugoya Coffee Factory,Inoi FCS,-0.497353,37.297593,933821,333.5,5,1668,6404,200,9,21.39,28.88,49.5,5198.0,8,10,0.465,High,D03,Kerugoya CC Office Satellite Depot,estimated: haversine distance * 1.35 road factor; replace with OSMnx shortest_path,"estimated from AFA cherry weight proxy; assumed 2,800 kg cherry per acre; fertilizer rates from Draft National Coffee Policy",https://www.afa.go.ke/download/5226/?tmstv=1750232445,https://kirinyaga.go.ke/waiguru-launches-fertilizer-mashinani-initiative-opens-satellite-farm-inputs-depots/,https://kilimo.go.ke/wp-content/uploads/2025/09/Draft-National-Coffee-Policy-2024.pdf,https://osmnx.readthedocs.io/en/stable/user-reference.html,"Estimated for hackathon modelling; validate coordinates, stock and demand with field/OSMnx data before operational use"
R0730,2026,Kirinyaga,Coffee,D09,Sagana NCPB Depot,ncpb_depot,-0.666,37.205,NPK,9000,F20,Kaitheri Coffee Factory,Inoi FCS,-0.491191,37.297387,1205346,430.5,5,2152,8264,200,11,21.99,29.68,50.9,5342.0,8,10,0.596,High,D03,Kerugoya CC Office Satellite Depot,estimated: haversine distance * 1.35 road factor; replace with OSMnx shortest_path,"estimated from AFA cherry weight proxy; assumed 2,800 kg cherry per acre; fertilizer rates from Draft National Coffee Policy",https://www.afa.go.ke/download/5226/?tmstv=1750232445,https://kirinyaga.go.ke/waiguru-launches-fertilizer-mashinani-initiative-opens-satellite-farm-inputs-depots/,https://kilimo.go.ke/wp-content/uploads/2025/09/Draft-National-Coffee-Policy-2024.pdf,https://osmnx.readthedocs.io/en/stable/user-reference.html,"Estimated for hackathon modelling; validate coordinates, stock and demand with field/OSMnx data before operational use"
R0731,2026,Kirinyaga,Coffee,D09,Sagana NCPB Depot,ncpb_depot,-0.666,37.205,CAN,8200,F20,Kaitheri Coffee Factory,Inoi FCS,-0.491191,37.297387,1205346,430.5,6,2583,8264,200,13,21.99,29.68,50.9,5342.0,8,10,0.712,High,D03,Kerugoya CC Office Satellite Depot,estimated: haversine distance * 1.35 road factor; replace with OSMnx shortest_path,"estimated from AFA cherry weight proxy; assumed 2,800 kg cherry per acre; fertilizer rates from Draft National Coffee Policy",https://www.afa.go.ke/download/5226/?tmstv=1750232445,https://kirinyaga.go.ke/waiguru-launches-fertilizer-mashinani-initiative-opens-satellite-farm-inputs-depots/,https://kilimo.go.ke/wp-content/uploads/2025/09/Draft-National-Coffee-Policy-2024.pdf,https://osmnx.readthedocs.io/en/stable/user-reference.html,"Estimated for hackathon modelling; validate coordinates, stock and demand with field/OSMnx data before operational use"
R0732,2026,Kirinyaga,Coffee,D09,Sagana NCPB Depot,ncpb_depot,-0.666,37.205,Lime,7600,F20,Kaitheri Coffee Factory,Inoi FCS,-0.491191,37.297387,1205346,430.5,5,2152,8264,200,11,21.99,29.68,50.9,5342.0,8,10,0.596,High,D03,Kerugoya CC Office Satellite Depot,estimated: haversine distance * 1.35 road factor; replace with OSMnx shortest_path,"estimated from AFA cherry weight proxy; assumed 2,800 kg cherry per acre; fertilizer rates from Draft National Coffee Policy",https://www.afa.go.ke/download/5226/?tmstv=1750232445,https://kirinyaga.go.ke/waiguru-launches-fertilizer-mashinani-initiative-opens-satellite-farm-inputs-depots/,https://kilimo.go.ke/wp-content/uploads/2025/09/Draft-National-Coffee-Policy-2024.pdf,https://osmnx.readthedocs.io/en/stable/user-reference.html,"Estimated for hackathon modelling; validate coordinates, stock and demand with field/OSMnx data before operational use"
R0733,2026,Kirinyaga,Coffee,D09,Sagana NCPB Depot,ncpb_depot,-0.666,37.205,NPK,9000,F21,Kiaragana Coffee Factory,Mwirua FCS,-0.405977,37.401729,1069927,382.1,5,1911,7338,200,10,36.26,48.94,83.9,8810.0,8,10,0.557,High,D02,Kianyaga DCC Office Satellite Depot,estimated: haversine distance * 1.35 road factor; replace with OSMnx shortest_path,"estimated from AFA cherry weight proxy; assumed 2,800 kg cherry per acre; fertilizer rates from Draft National Coffee Policy",https://www.afa.go.ke/download/5226/?tmstv=1750232445,https://kirinyaga.go.ke/waiguru-launches-fertilizer-mashinani-initiative-opens-satellite-farm-inputs-depots/,https://kilimo.go.ke/wp-content/uploads/2025/09/Draft-National-Coffee-Policy-2024.pdf,https://osmnx.readthedocs.io/en/stable/user-reference.html,"Estimated for hackathon modelling; validate coordinates, stock and demand with field/OSMnx data before operational use"
R0734,2026,Kirinyaga,Coffee,D09,Sagana NCPB Depot,ncpb_depot,-0.666,37.205,CAN,8200,F21,Kiaragana Coffee Factory,Mwirua FCS,-0.405977,37.401729,1069927,382.1,6,2293,7338,200,12,36.26,48.94,83.9,8810.0,8,10,0.66,High,D02,Kianyaga DCC Office Satellite Depot,estimated: haversine distance * 1.35 road factor; replace with OSMnx shortest_path,"estimated from AFA cherry weight proxy; assumed 2,800 kg cherry per acre; fertilizer rates from Draft National Coffee Policy",https://www.afa.go.ke/download/5226/?tmstv=1750232445,https://kirinyaga.go.ke/waiguru-launches-fertilizer-mashinani-initiative-opens-satellite-farm-inputs-depots/,https://kilimo.go.ke/wp-content/uploads/2025/09/Draft-National-Coffee-Policy-2024.pdf,https://osmnx.readthedocs.io/en/stable/user-reference.html,"Estimated for hackathon modelling; validate coordinates, stock and demand with field/OSMnx data before operational use"
R0735,2026,Kirinyaga,Coffee,D09,Sagana NCPB Depot,ncpb_depot,-0.666,37.205,Lime,7600,F21,Kiaragana Coffee Factory,Mwirua FCS,-0.405977,37.401729,1069927,382.1,5,1911,7338,200,10,36.26,48.94,83.9,8810.0,8,10,0.557,High,D02,Kianyaga DCC Office Satellite Depot,estimated: haversine distance * 1.35 road factor; replace with OSMnx shortest_path,"estimated from AFA cherry weight proxy; assumed 2,800 kg cherry per acre; fertilizer rates from Draft National Coffee Policy",https://www.afa.go.ke/download/5226/?tmstv=1750232445,https://kirinyaga.go.ke/waiguru-launches-fertilizer-mashinani-initiative-opens-satellite-farm-inputs-depots/,https://kilimo.go.ke/wp-content/uploads/2025/09/Draft-National-Coffee-Policy-2024.pdf,https://osmnx.readthedocs.io/en/stable/user-reference.html,"Estimated for hackathon modelling; validate coordinates, stock and demand with field/OSMnx data before operational use"
R0736,2026,Kirinyaga,Coffee,D09,Sagana NCPB Depot,ncpb_depot,-0.666,37.205,NPK,9000,F22,Kegwa Coffee Factory,Ngiriambu FCS,-0.452361,37.442947,187844,67.1,5,335,1288,200,2,35.56,48.0,82.3,8640.0,8,10,0.148,Low,D07,Ciagini ACC Office Satellite Depot,estimated: haversine distance * 1.35 road factor; replace with OSMnx shortest_path,"estimated from AFA cherry weight proxy; assumed 2,800 kg cherry per acre; fertilizer rates from Draft National Coffee Policy",https://www.afa.go.ke/download/5226/?tmstv=1750232445,https://kirinyaga.go.ke/waiguru-launches-fertilizer-mashinani-initiative-opens-satellite-farm-inputs-depots/,https://kilimo.go.ke/wp-content/uploads/2025/09/Draft-National-Coffee-Policy-2024.pdf,https://osmnx.readthedocs.io/en/stable/user-reference.html,"Estimated for hackathon modelling; validate coordinates, stock and demand with field/OSMnx data before operational use"
R0737,2026,Kirinyaga,Coffee,D09,Sagana NCPB Depot,ncpb_depot,-0.666,37.205,CAN,8200,F22,Kegwa Coffee Factory,Ngiriambu FCS,-0.452361,37.442947,187844,67.1,6,403,1288,200,3,35.56,48.0,82.3,8640.0,8,10,0.166,Low,D07,Ciagini ACC Office Satellite Depot,estimated: haversine distance * 1.35 road factor; replace with OSMnx shortest_path,"estimated from AFA cherry weight proxy; assumed 2,800 kg cherry per acre; fertilizer rates from Draft National Coffee Policy",https://www.afa.go.ke/download/5226/?tmstv=1750232445,https://kirinyaga.go.ke/waiguru-launches-fertilizer-mashinani-initiative-opens-satellite-farm-inputs-depots/,https://kilimo.go.ke/wp-content/uploads/2025/09/Draft-National-Coffee-Policy-2024.pdf,https://osmnx.readthedocs.io/en/stable/user-reference.html,"Estimated for hackathon modelling; validate coordinates, stock and demand with field/OSMnx data before operational use"
R0738,2026,Kirinyaga,Coffee,D09,Sagana NCPB Depot,ncpb_depot,-0.666,37.205,Lime,7600,F22,Kegwa Coffee Factory,Ngiriambu FCS,-0.452361,37.442947,187844,67.1,5,335,1288,200,2,35.56,48.0,82.3,8640.0,8,10,0.148,Low,D07,Ciagini ACC Office Satellite Depot,estimated: haversine distance * 1.35 road factor; replace with OSMnx shortest_path,"estimated from AFA cherry weight proxy; assumed 2,800 kg cherry per acre; fertilizer rates from Draft National Coffee Policy",https://www.afa.go.ke/download/5226/?tmstv=1750232445,https://kirinyaga.go.ke/waiguru-launches-fertilizer-mashinani-initiative-opens-satellite-farm-inputs-depots/,https://kilimo.go.ke/wp-content/uploads/2025/09/Draft-National-Coffee-Policy-2024.pdf,https://osmnx.readthedocs.io/en/stable/user-reference.html,"Estimated for hackathon modelling; validate coordinates, stock and demand with field/OSMnx data before operational use"
R0739,2026,Kirinyaga,Coffee,D09,Sagana NCPB Depot,ncpb_depot,-0.666,37.205,NPK,9000,F23,Karani Coffee Factory,Kabare FCS,-0.537101,37.347664,864121,308.6,5,1543,5926,200,8,21.38,28.86,49.5,5195.0,8,10,0.446,High,D05,Baricho DCC Office Satellite Depot,estimated: haversine distance * 1.35 road factor; replace with OSMnx shortest_path,"estimated from AFA cherry weight proxy; assumed 2,800 kg cherry per acre; fertilizer rates from Draft National Coffee Policy",https://www.afa.go.ke/download/5226/?tmstv=1750232445,https://kirinyaga.go.ke/waiguru-launches-fertilizer-mashinani-initiative-opens-satellite-farm-inputs-depots/,https://kilimo.go.ke/wp-content/uploads/2025/09/Draft-National-Coffee-Policy-2024.pdf,https://osmnx.readthedocs.io/en/stable/user-reference.html,"Estimated for hackathon modelling; validate coordinates, stock and demand with field/OSMnx data before operational use"
R0740,2026,Kirinyaga,Coffee,D09,Sagana NCPB Depot,ncpb_depot,-0.666,37.205,CAN,8200,F23,Karani Coffee Factory,Kabare FCS,-0.537101,37.347664,864121,308.6,6,1852,5926,200,10,21.38,28.86,49.5,5195.0,8,10,0.529,High,D05,Baricho DCC Office Satellite Depot,estimated: haversine distance * 1.35 road factor; replace with OSMnx shortest_path,"estimated from AFA cherry weight proxy; assumed 2,800 kg cherry per acre; fertilizer rates from Draft National Coffee Policy",https://www.afa.go.ke/download/5226/?tmstv=1750232445,https://kirinyaga.go.ke/waiguru-launches-fertilizer-mashinani-initiative-opens-satellite-farm-inputs-depots/,https://kilimo.go.ke/wp-content/uploads/2025/09/Draft-National-Coffee-Policy-2024.pdf,https://osmnx.readthedocs.io/en/stable/user-reference.html,"Estimated for hackathon modelling; validate coordinates, stock and demand with field/OSMnx data before operational use"
R0741,2026,Kirinyaga,Coffee,D09,Sagana NCPB Depot,ncpb_depot,-0.666,37.205,Lime,7600,F23,Karani Coffee Factory,Kabare FCS,-0.537101,37.347664,864121,308.6,5,1543,5926,200,8,21.38,28.86,49.5,5195.0,8,10,0.446,High,D05,Baricho DCC Office Satellite Depot,estimated: haversine distance * 1.35 road factor; replace with OSMnx shortest_path,"estimated from AFA cherry weight proxy; assumed 2,800 kg cherry per acre; fertilizer rates from Draft National Coffee Policy",https://www.afa.go.ke/download/5226/?tmstv=1750232445,https://kirinyaga.go.ke/waiguru-launches-fertilizer-mashinani-initiative-opens-satellite-farm-inputs-depots/,https://kilimo.go.ke/wp-content/uploads/2025/09/Draft-National-Coffee-Policy-2024.pdf,https://osmnx.readthedocs.io/en/stable/user-reference.html,"Estimated for hackathon modelling; validate coordinates, stock and demand with field/OSMnx data before operational use"
R0742,2026,Kirinyaga,Coffee,D09,Sagana NCPB Depot,ncpb_depot,-0.666,37.205,NPK,9000,F24,Kariru Coffee Factory,Baragwi FCS,-0.425995,37.38789,49525,17.7,5,88,338,200,1,33.55,45.3,77.6,8153.0,8,10,0.046,Low,D02,Kianyaga DCC Office Satellite Depot,estimated: haversine distance * 1.35 road factor; replace with OSMnx shortest_path,"estimated from AFA cherry weight proxy; assumed 2,800 kg cherry per acre; fertilizer rates from Draft National Coffee Policy",https://www.afa.go.ke/download/5226/?tmstv=1750232445,https://kirinyaga.go.ke/waiguru-launches-fertilizer-mashinani-initiative-opens-satellite-farm-inputs-depots/,https://kilimo.go.ke/wp-content/uploads/2025/09/Draft-National-Coffee-Policy-2024.pdf,https://osmnx.readthedocs.io/en/stable/user-reference.html,"Estimated for hackathon modelling; validate coordinates, stock and demand with field/OSMnx data before operational use"
R0743,2026,Kirinyaga,Coffee,D09,Sagana NCPB Depot,ncpb_depot,-0.666,37.205,CAN,8200,F24,Kariru Coffee Factory,Baragwi FCS,-0.425995,37.38789,49525,17.7,6,106,338,200,1,33.55,45.3,77.6,8153.0,8,10,0.051,Low,D02,Kianyaga DCC Office Satellite Depot,estimated: haversine distance * 1.35 road factor; replace with OSMnx shortest_path,"estimated from AFA cherry weight proxy; assumed 2,800 kg cherry per acre; fertilizer rates from Draft National Coffee Policy",https://www.afa.go.ke/download/5226/?tmstv=1750232445,https://kirinyaga.go.ke/waiguru-launches-fertilizer-mashinani-initiative-opens-satellite-farm-inputs-depots/,https://kilimo.go.ke/wp-content/uploads/2025/09/Draft-National-Coffee-Policy-2024.pdf,https://osmnx.readthedocs.io/en/stable/user-reference.html,"Estimated for hackathon modelling; validate coordinates, stock and demand with field/OSMnx data before operational use"
R0744,2026,Kirinyaga,Coffee,D09,Sagana NCPB Depot,ncpb_depot,-0.666,37.205,Lime,7600,F24,Kariru Coffee Factory,Baragwi FCS,-0.425995,37.38789,49525,17.7,5,88,338,200,1,33.55,45.3,77.6,8153.0,8,10,0.046,Low,D02,Kianyaga DCC Office Satellite Depot,estimated: haversine distance * 1.35 road factor; replace with OSMnx shortest_path,"estimated from AFA cherry weight proxy; assumed 2,800 kg cherry per acre; fertilizer rates from Draft National Coffee Policy",https://www.afa.go.ke/download/5226/?tmstv=1750232445,https://kirinyaga.go.ke/waiguru-launches-fertilizer-mashinani-initiative-opens-satellite-farm-inputs-depots/,https://kilimo.go.ke/wp-content/uploads/2025/09/Draft-National-Coffee-Policy-2024.pdf,https://osmnx.readthedocs.io/en/stable/user-reference.html,"Estimated for hackathon modelling; validate coordinates, stock and demand with field/OSMnx data before operational use"
R0745,2026,Kirinyaga,Coffee,D09,Sagana NCPB Depot,ncpb_depot,-0.666,37.205,NPK,9000,F25,Thimu Coffee Factory,Baragwi FCS,-0.417322,37.388324,49227,17.6,5,88,337,200,1,34.35,46.38,79.5,8348.0,8,10,0.05,Low,D02,Kianyaga DCC Office Satellite Depot,estimated: haversine distance * 1.35 road factor; replace with OSMnx shortest_path,"estimated from AFA cherry weight proxy; assumed 2,800 kg cherry per acre; fertilizer rates from Draft National Coffee Policy",https://www.afa.go.ke/download/5226/?tmstv=1750232445,https://kirinyaga.go.ke/waiguru-launches-fertilizer-mashinani-initiative-opens-satellite-farm-inputs-depots/,https://kilimo.go.ke/wp-content/uploads/2025/09/Draft-National-Coffee-Policy-2024.pdf,https://osmnx.readthedocs.io/en/stable/user-reference.html,"Estimated for hackathon modelling; validate coordinates, stock and demand with field/OSMnx data before operational use"
R0746,2026,Kirinyaga,Coffee,D09,Sagana NCPB Depot,ncpb_depot,-0.666,37.205,CAN,8200,F25,Thimu Coffee Factory,Baragwi FCS,-0.417322,37.388324,49227,17.6,6,105,337,200,1,34.35,46.38,79.5,8348.0,8,10,0.055,Low,D02,Kianyaga DCC Office Satellite Depot,estimated: haversine distance * 1.35 road factor; replace with OSMnx shortest_path,"estimated from AFA cherry weight proxy; assumed 2,800 kg cherry per acre; fertilizer rates from Draft National Coffee Policy",https://www.afa.go.ke/download/5226/?tmstv=1750232445,https://kirinyaga.go.ke/waiguru-launches-fertilizer-mashinani-initiative-opens-satellite-farm-inputs-depots/,https://kilimo.go.ke/wp-content/uploads/2025/09/Draft-National-Coffee-Policy-2024.pdf,https://osmnx.readthedocs.io/en/stable/user-reference.html,"Estimated for hackathon modelling; validate coordinates, stock and demand with field/OSMnx data before operational use"
R0747,2026,Kirinyaga,Coffee,D09,Sagana NCPB Depot,ncpb_depot,-0.666,37.205,Lime,7600,F25,Thimu Coffee Factory,Baragwi FCS,-0.417322,37.388324,49227,17.6,5,88,337,200,1,34.35,46.38,79.5,8348.0,8,10,0.05,Low,D02,Kianyaga DCC Office Satellite Depot,estimated: haversine distance * 1.35 road factor; replace with OSMnx shortest_path,"estimated from AFA cherry weight proxy; assumed 2,800 kg cherry per acre; fertilizer rates from Draft National Coffee Policy",https://www.afa.go.ke/download/5226/?tmstv=1750232445,https://kirinyaga.go.ke/waiguru-launches-fertilizer-mashinani-initiative-opens-satellite-farm-inputs-depots/,https://kilimo.go.ke/wp-content/uploads/2025/09/Draft-National-Coffee-Policy-2024.pdf,https://osmnx.readthedocs.io/en/stable/user-reference.html,"Estimated for hackathon modelling; validate coordinates, stock and demand with field/OSMnx data before operational use"
R0748,2026,Kirinyaga,Coffee,D09,Sagana NCPB Depot,ncpb_depot,-0.666,37.205,NPK,9000,F26,Gathambi Coffee Factory,Mwirua FCS,-0.407649,37.374548,66705,23.8,5,119,457,200,1,34.36,46.39,79.5,8350.0,8,10,0.06,Low,D02,Kianyaga DCC Office Satellite Depot,estimated: haversine distance * 1.35 road factor; replace with OSMnx shortest_path,"estimated from AFA cherry weight proxy; assumed 2,800 kg cherry per acre; fertilizer rates from Draft National Coffee Policy",https://www.afa.go.ke/download/5226/?tmstv=1750232445,https://kirinyaga.go.ke/waiguru-launches-fertilizer-mashinani-initiative-opens-satellite-farm-inputs-depots/,https://kilimo.go.ke/wp-content/uploads/2025/09/Draft-National-Coffee-Policy-2024.pdf,https://osmnx.readthedocs.io/en/stable/user-reference.html,"Estimated for hackathon modelling; validate coordinates, stock and demand with field/OSMnx data before operational use"
R0749,2026,Kirinyaga,Coffee,D09,Sagana NCPB Depot,ncpb_depot,-0.666,37.205,CAN,8200,F26,Gathambi Coffee Factory,Mwirua FCS,-0.407649,37.374548,66705,23.8,6,143,457,200,1,34.36,46.39,79.5,8350.0,8,10,0.066,Low,D02,Kianyaga DCC Office Satellite Depot,estimated: haversine distance * 1.35 road factor; replace with OSMnx shortest_path,"estimated from AFA cherry weight proxy; assumed 2,800 kg cherry per acre; fertilizer rates from Draft National Coffee Policy",https://www.afa.go.ke/download/5226/?tmstv=1750232445,https://kirinyaga.go.ke/waiguru-launches-fertilizer-mashinani-initiative-opens-satellite-farm-inputs-depots/,https://kilimo.go.ke/wp-content/uploads/2025/09/Draft-National-Coffee-Policy-2024.pdf,https://osmnx.readthedocs.io/en/stable/user-reference.html,"Estimated for hackathon modelling; validate coordinates, stock and demand with field/OSMnx data before operational use"
R0750,2026,Kirinyaga,Coffee,D09,Sagana NCPB Depot,ncpb_depot,-0.666,37.205,Lime,7600,F26,Gathambi Coffee Factory,Mwirua FCS,-0.407649,37.374548,66705,23.8,5,119,457,200,1,34.36,46.39,79.5,8350.0,8,10,0.06,Low,D02,Kianyaga DCC Office Satellite Depot,estimated: haversine distance * 1.35 road factor; replace with OSMnx shortest_path,"estimated from AFA cherry weight proxy; assumed 2,800 kg cherry per acre; fertilizer rates from Draft National Coffee Policy",https://www.afa.go.ke/download/5226/?tmstv=1750232445,https://kirinyaga.go.ke/waiguru-launches-fertilizer-mashinani-initiative-opens-satellite-farm-inputs-depots/,https://kilimo.go.ke/wp-content/uploads/2025/09/Draft-National-Coffee-Policy-2024.pdf,https://osmnx.readthedocs.io/en/stable/user-reference.html,"Estimated for hackathon modelling; validate coordinates, stock and demand with field/OSMnx data before operational use"
R0751,2026,Kirinyaga,Coffee,D09,Sagana NCPB Depot,ncpb_depot,-0.666,37.205,NPK,9000,F27,Kagongo Coffee Factory,Baragwi FCS,-0.437165,37.363183,269086,96.1,5,481,1847,200,3,30.93,41.76,71.6,7517.0,8,10,0.132,Low,D02,Kianyaga DCC Office Satellite Depot,estimated: haversine distance * 1.35 road factor; replace with OSMnx shortest_path,"estimated from AFA cherry weight proxy; assumed 2,800 kg cherry per acre; fertilizer rates from Draft National Coffee Policy",https://www.afa.go.ke/download/5226/?tmstv=1750232445,https://kirinyaga.go.ke/waiguru-launches-fertilizer-mashinani-initiative-opens-satellite-farm-inputs-depots/,https://kilimo.go.ke/wp-content/uploads/2025/09/Draft-National-Coffee-Policy-2024.pdf,https://osmnx.readthedocs.io/en/stable/user-reference.html,"Estimated for hackathon modelling; validate coordinates, stock and demand with field/OSMnx data before operational use"
R0752,2026,Kirinyaga,Coffee,D09,Sagana NCPB Depot,ncpb_depot,-0.666,37.205,CAN,8200,F27,Kagongo Coffee Factory,Baragwi FCS,-0.437165,37.363183,269086,96.1,6,577,1847,200,3,30.93,41.76,71.6,7517.0,8,10,0.158,Low,D02,Kianyaga DCC Office Satellite Depot,estimated: haversine distance * 1.35 road factor; replace with OSMnx shortest_path,"estimated from AFA cherry weight proxy; assumed 2,800 kg cherry per acre; fertilizer rates from Draft National Coffee Policy",https://www.afa.go.ke/download/5226/?tmstv=1750232445,https://kirinyaga.go.ke/waiguru-launches-fertilizer-mashinani-initiative-opens-satellite-farm-inputs-depots/,https://kilimo.go.ke/wp-content/uploads/2025/09/Draft-National-Coffee-Policy-2024.pdf,https://osmnx.readthedocs.io/en/stable/user-reference.html,"Estimated for hackathon modelling; validate coordinates, stock and demand with field/OSMnx data before operational use"
R0753,2026,Kirinyaga,Coffee,D09,Sagana NCPB Depot,ncpb_depot,-0.666,37.205,Lime,7600,F27,Kagongo Coffee Factory,Baragwi FCS,-0.437165,37.363183,269086,96.1,5,481,1847,200,3,30.93,41.76,71.6,7517.0,8,10,0.132,Low,D02,Kianyaga DCC Office Satellite Depot,estimated: haversine distance * 1.35 road factor; replace with OSMnx shortest_path,"estimated from AFA cherry weight proxy; assumed 2,800 kg cherry per acre; fertilizer rates from Draft National Coffee Policy",https://www.afa.go.ke/download/5226/?tmstv=1750232445,https://kirinyaga.go.ke/waiguru-launches-fertilizer-mashinani-initiative-opens-satellite-farm-inputs-depots/,https://kilimo.go.ke/wp-content/uploads/2025/09/Draft-National-Coffee-Policy-2024.pdf,https://osmnx.readthedocs.io/en/stable/user-reference.html,"Estimated for hackathon modelling; validate coordinates, stock and demand with field/OSMnx data before operational use"
R0754,2026,Kirinyaga,Coffee,D09,Sagana NCPB Depot,ncpb_depot,-0.666,37.205,NPK,9000,F28,Thaita Coffee Factory,Inoi FCS,-0.50426,37.276546,981403,350.5,5,1753,6731,200,9,19.67,26.55,45.5,4779.0,8,10,0.478,High,D03,Kerugoya CC Office Satellite Depot,estimated: haversine distance * 1.35 road factor; replace with OSMnx shortest_path,"estimated from AFA cherry weight proxy; assumed 2,800 kg cherry per acre; fertilizer rates from Draft National Coffee Policy",https://www.afa.go.ke/download/5226/?tmstv=1750232445,https://kirinyaga.go.ke/waiguru-launches-fertilizer-mashinani-initiative-opens-satellite-farm-inputs-depots/,https://kilimo.go.ke/wp-content/uploads/2025/09/Draft-National-Coffee-Policy-2024.pdf,https://osmnx.readthedocs.io/en/stable/user-reference.html,"Estimated for hackathon modelling; validate coordinates, stock and demand with field/OSMnx data before operational use"
R0755,2026,Kirinyaga,Coffee,D09,Sagana NCPB Depot,ncpb_depot,-0.666,37.205,CAN,8200,F28,Thaita Coffee Factory,Inoi FCS,-0.50426,37.276546,981403,350.5,6,2103,6731,200,11,19.67,26.55,45.5,4779.0,8,10,0.572,High,D03,Kerugoya CC Office Satellite Depot,estimated: haversine distance * 1.35 road factor; replace with OSMnx shortest_path,"estimated from AFA cherry weight proxy; assumed 2,800 kg cherry per acre; fertilizer rates from Draft National Coffee Policy",https://www.afa.go.ke/download/5226/?tmstv=1750232445,https://kirinyaga.go.ke/waiguru-launches-fertilizer-mashinani-initiative-opens-satellite-farm-inputs-depots/,https://kilimo.go.ke/wp-content/uploads/2025/09/Draft-National-Coffee-Policy-2024.pdf,https://osmnx.readthedocs.io/en/stable/user-reference.html,"Estimated for hackathon modelling; validate coordinates, stock and demand with field/OSMnx data before operational use"
R0756,2026,Kirinyaga,Coffee,D09,Sagana NCPB Depot,ncpb_depot,-0.666,37.205,Lime,7600,F28,Thaita Coffee Factory,Inoi FCS,-0.50426,37.276546,981403,350.5,5,1753,6731,200,9,19.67,26.55,45.5,4779.0,8,10,0.478,High,D03,Kerugoya CC Office Satellite Depot,estimated: haversine distance * 1.35 road factor; replace with OSMnx shortest_path,"estimated from AFA cherry weight proxy; assumed 2,800 kg cherry per acre; fertilizer rates from Draft National Coffee Policy",https://www.afa.go.ke/download/5226/?tmstv=1750232445,https://kirinyaga.go.ke/waiguru-launches-fertilizer-mashinani-initiative-opens-satellite-farm-inputs-depots/,https://kilimo.go.ke/wp-content/uploads/2025/09/Draft-National-Coffee-Policy-2024.pdf,https://osmnx.readthedocs.io/en/stable/user-reference.html,"Estimated for hackathon modelling; validate coordinates, stock and demand with field/OSMnx data before operational use"
R0757,2026,Kirinyaga,Coffee,D10,Mwea NCPB Depot,ncpb_depot,-0.7,37.35,NPK,8600,F01,Kiangoi Coffee Factory,Rung'eto FCS,-0.501303,37.373625,69519,24.8,5,124,476,200,1,22.25,30.04,51.5,5407.0,8,10,0.092,Low,D02,Kianyaga DCC Office Satellite Depot,estimated: haversine distance * 1.35 road factor; replace with OSMnx shortest_path,"estimated from AFA cherry weight proxy; assumed 2,800 kg cherry per acre; fertilizer rates from Draft National Coffee Policy",https://www.afa.go.ke/download/5226/?tmstv=1750232445,https://kirinyaga.go.ke/waiguru-launches-fertilizer-mashinani-initiative-opens-satellite-farm-inputs-depots/,https://kilimo.go.ke/wp-content/uploads/2025/09/Draft-National-Coffee-Policy-2024.pdf,https://osmnx.readthedocs.io/en/stable/user-reference.html,"Estimated for hackathon modelling; validate coordinates, stock and demand with field/OSMnx data before operational use"
R0758,2026,Kirinyaga,Coffee,D10,Mwea NCPB Depot,ncpb_depot,-0.7,37.35,CAN,8000,F01,Kiangoi Coffee Factory,Rung'eto FCS,-0.501303,37.373625,69519,24.8,6,149,476,200,1,22.25,30.04,51.5,5407.0,8,10,0.098,Low,D02,Kianyaga DCC Office Satellite Depot,estimated: haversine distance * 1.35 road factor; replace with OSMnx shortest_path,"estimated from AFA cherry weight proxy; assumed 2,800 kg cherry per acre; fertilizer rates from Draft National Coffee Policy",https://www.afa.go.ke/download/5226/?tmstv=1750232445,https://kirinyaga.go.ke/waiguru-launches-fertilizer-mashinani-initiative-opens-satellite-farm-inputs-depots/,https://kilimo.go.ke/wp-content/uploads/2025/09/Draft-National-Coffee-Policy-2024.pdf,https://osmnx.readthedocs.io/en/stable/user-reference.html,"Estimated for hackathon modelling; validate coordinates, stock and demand with field/OSMnx data before operational use"
R0759,2026,Kirinyaga,Coffee,D10,Mwea NCPB Depot,ncpb_depot,-0.7,37.35,Lime,7300,F01,Kiangoi Coffee Factory,Rung'eto FCS,-0.501303,37.373625,69519,24.8,5,124,476,200,1,22.25,30.04,51.5,5407.0,8,10,0.092,Low,D02,Kianyaga DCC Office Satellite Depot,estimated: haversine distance * 1.35 road factor; replace with OSMnx shortest_path,"estimated from AFA cherry weight proxy; assumed 2,800 kg cherry per acre; fertilizer rates from Draft National Coffee Policy",https://www.afa.go.ke/download/5226/?tmstv=1750232445,https://kirinyaga.go.ke/waiguru-launches-fertilizer-mashinani-initiative-opens-satellite-farm-inputs-depots/,https://kilimo.go.ke/wp-content/uploads/2025/09/Draft-National-Coffee-Policy-2024.pdf,https://osmnx.readthedocs.io/en/stable/user-reference.html,"Estimated for hackathon modelling; validate coordinates, stock and demand with field/OSMnx data before operational use"
R0760,2026,Kirinyaga,Coffee,D10,Mwea NCPB Depot,ncpb_depot,-0.7,37.35,NPK,8600,F02,Kainamui Coffee Factory,New Ngariama FCS,-0.472125,37.459616,386496,138.0,5,690,2650,200,4,28.12,37.96,65.1,6833.0,8,10,0.225,Medium,D07,Ciagini ACC Office Satellite Depot,estimated: haversine distance * 1.35 road factor; replace with OSMnx shortest_path,"estimated from AFA cherry weight proxy; assumed 2,800 kg cherry per acre; fertilizer rates from Draft National Coffee Policy",https://www.afa.go.ke/download/5226/?tmstv=1750232445,https://kirinyaga.go.ke/waiguru-launches-fertilizer-mashinani-initiative-opens-satellite-farm-inputs-depots/,https://kilimo.go.ke/wp-content/uploads/2025/09/Draft-National-Coffee-Policy-2024.pdf,https://osmnx.readthedocs.io/en/stable/user-reference.html,"Estimated for hackathon modelling; validate coordinates, stock and demand with field/OSMnx data before operational use"
R0761,2026,Kirinyaga,Coffee,D10,Mwea NCPB Depot,ncpb_depot,-0.7,37.35,CAN,8000,F02,Kainamui Coffee Factory,New Ngariama FCS,-0.472125,37.459616,386496,138.0,6,828,2650,200,5,28.12,37.96,65.1,6833.0,8,10,0.262,Medium,D07,Ciagini ACC Office Satellite Depot,estimated: haversine distance * 1.35 road factor; replace with OSMnx shortest_path,"estimated from AFA cherry weight proxy; assumed 2,800 kg cherry per acre; fertilizer rates from Draft National Coffee Policy",https://www.afa.go.ke/download/5226/?tmstv=1750232445,https://kirinyaga.go.ke/waiguru-launches-fertilizer-mashinani-initiative-opens-satellite-farm-inputs-depots/,https://kilimo.go.ke/wp-content/uploads/2025/09/Draft-National-Coffee-Policy-2024.pdf,https://osmnx.readthedocs.io/en/stable/user-reference.html,"Estimated for hackathon modelling; validate coordinates, stock and demand with field/OSMnx data before operational use"
R0762,2026,Kirinyaga,Coffee,D10,Mwea NCPB Depot,ncpb_depot,-0.7,37.35,Lime,7300,F02,Kainamui Coffee Factory,New Ngariama FCS,-0.472125,37.459616,386496,138.0,5,690,2650,200,4,28.12,37.96,65.1,6833.0,8,10,0.225,Medium,D07,Ciagini ACC Office Satellite Depot,estimated: haversine distance * 1.35 road factor; replace with OSMnx shortest_path,"estimated from AFA cherry weight proxy; assumed 2,800 kg cherry per acre; fertilizer rates from Draft National Coffee Policy",https://www.afa.go.ke/download/5226/?tmstv=1750232445,https://kirinyaga.go.ke/waiguru-launches-fertilizer-mashinani-initiative-opens-satellite-farm-inputs-depots/,https://kilimo.go.ke/wp-content/uploads/2025/09/Draft-National-Coffee-Policy-2024.pdf,https://osmnx.readthedocs.io/en/stable/user-reference.html,"Estimated for hackathon modelling; validate coordinates, stock and demand with field/OSMnx data before operational use"
R0763,2026,Kirinyaga,Coffee,D10,Mwea NCPB Depot,ncpb_depot,-0.7,37.35,NPK,8600,F03,Kaguyu Coffee Factory,Inoi FCS,-0.503818,37.276883,213771,76.3,5,382,1466,200,2,23.28,31.43,53.9,5657.0,8,10,0.108,Low,D03,Kerugoya CC Office Satellite Depot,estimated: haversine distance * 1.35 road factor; replace with OSMnx shortest_path,"estimated from AFA cherry weight proxy; assumed 2,800 kg cherry per acre; fertilizer rates from Draft National Coffee Policy",https://www.afa.go.ke/download/5226/?tmstv=1750232445,https://kirinyaga.go.ke/waiguru-launches-fertilizer-mashinani-initiative-opens-satellite-farm-inputs-depots/,https://kilimo.go.ke/wp-content/uploads/2025/09/Draft-National-Coffee-Policy-2024.pdf,https://osmnx.readthedocs.io/en/stable/user-reference.html,"Estimated for hackathon modelling; validate coordinates, stock and demand with field/OSMnx data before operational use"
R0764,2026,Kirinyaga,Coffee,D10,Mwea NCPB Depot,ncpb_depot,-0.7,37.35,CAN,8000,F03,Kaguyu Coffee Factory,Inoi FCS,-0.503818,37.276883,213771,76.3,6,458,1466,200,3,23.28,31.43,53.9,5657.0,8,10,0.129,Low,D03,Kerugoya CC Office Satellite Depot,estimated: haversine distance * 1.35 road factor; replace with OSMnx shortest_path,"estimated from AFA cherry weight proxy; assumed 2,800 kg cherry per acre; fertilizer rates from Draft National Coffee Policy",https://www.afa.go.ke/download/5226/?tmstv=1750232445,https://kirinyaga.go.ke/waiguru-launches-fertilizer-mashinani-initiative-opens-satellite-farm-inputs-depots/,https://kilimo.go.ke/wp-content/uploads/2025/09/Draft-National-Coffee-Policy-2024.pdf,https://osmnx.readthedocs.io/en/stable/user-reference.html,"Estimated for hackathon modelling; validate coordinates, stock and demand with field/OSMnx data before operational use"
R0765,2026,Kirinyaga,Coffee,D10,Mwea NCPB Depot,ncpb_depot,-0.7,37.35,Lime,7300,F03,Kaguyu Coffee Factory,Inoi FCS,-0.503818,37.276883,213771,76.3,5,382,1466,200,2,23.28,31.43,53.9,5657.0,8,10,0.108,Low,D03,Kerugoya CC Office Satellite Depot,estimated: haversine distance * 1.35 road factor; replace with OSMnx shortest_path,"estimated from AFA cherry weight proxy; assumed 2,800 kg cherry per acre; fertilizer rates from Draft National Coffee Policy",https://www.afa.go.ke/download/5226/?tmstv=1750232445,https://kirinyaga.go.ke/waiguru-launches-fertilizer-mashinani-initiative-opens-satellite-farm-inputs-depots/,https://kilimo.go.ke/wp-content/uploads/2025/09/Draft-National-Coffee-Policy-2024.pdf,https://osmnx.readthedocs.io/en/stable/user-reference.html,"Estimated for hackathon modelling; validate coordinates, stock and demand with field/OSMnx data before operational use"
R0766,2026,Kirinyaga,Coffee,D10,Mwea NCPB Depot,ncpb_depot,-0.7,37.35,NPK,8600,F04,Kariko Coffee Factory,Inoi FCS,-0.497039,37.273935,800249,285.8,5,1429,5488,200,8,24.1,32.54,55.8,5857.0,8,10,0.391,Medium,D03,Kerugoya CC Office Satellite Depot,estimated: haversine distance * 1.35 road factor; replace with OSMnx shortest_path,"estimated from AFA cherry weight proxy; assumed 2,800 kg cherry per acre; fertilizer rates from Draft National Coffee Policy",https://www.afa.go.ke/download/5226/?tmstv=1750232445,https://kirinyaga.go.ke/waiguru-launches-fertilizer-mashinani-initiative-opens-satellite-farm-inputs-depots/,https://kilimo.go.ke/wp-content/uploads/2025/09/Draft-National-Coffee-Policy-2024.pdf,https://osmnx.readthedocs.io/en/stable/user-reference.html,"Estimated for hackathon modelling; validate coordinates, stock and demand with field/OSMnx data before operational use"
R0767,2026,Kirinyaga,Coffee,D10,Mwea NCPB Depot,ncpb_depot,-0.7,37.35,CAN,8000,F04,Kariko Coffee Factory,Inoi FCS,-0.497039,37.273935,800249,285.8,6,1715,5488,200,9,24.1,32.54,55.8,5857.0,8,10,0.468,High,D03,Kerugoya CC Office Satellite Depot,estimated: haversine distance * 1.35 road factor; replace with OSMnx shortest_path,"estimated from AFA cherry weight proxy; assumed 2,800 kg cherry per acre; fertilizer rates from Draft National Coffee Policy",https://www.afa.go.ke/download/5226/?tmstv=1750232445,https://kirinyaga.go.ke/waiguru-launches-fertilizer-mashinani-initiative-opens-satellite-farm-inputs-depots/,https://kilimo.go.ke/wp-content/uploads/2025/09/Draft-National-Coffee-Policy-2024.pdf,https://osmnx.readthedocs.io/en/stable/user-reference.html,"Estimated for hackathon modelling; validate coordinates, stock and demand with field/OSMnx data before operational use"
R0768,2026,Kirinyaga,Coffee,D10,Mwea NCPB Depot,ncpb_depot,-0.7,37.35,Lime,7300,F04,Kariko Coffee Factory,Inoi FCS,-0.497039,37.273935,800249,285.8,5,1429,5488,200,8,24.1,32.54,55.8,5857.0,8,10,0.391,Medium,D03,Kerugoya CC Office Satellite Depot,estimated: haversine distance * 1.35 road factor; replace with OSMnx shortest_path,"estimated from AFA cherry weight proxy; assumed 2,800 kg cherry per acre; fertilizer rates from Draft National Coffee Policy",https://www.afa.go.ke/download/5226/?tmstv=1750232445,https://kirinyaga.go.ke/waiguru-launches-fertilizer-mashinani-initiative-opens-satellite-farm-inputs-depots/,https://kilimo.go.ke/wp-content/uploads/2025/09/Draft-National-Coffee-Policy-2024.pdf,https://osmnx.readthedocs.io/en/stable/user-reference.html,"Estimated for hackathon modelling; validate coordinates, stock and demand with field/OSMnx data before operational use"
R0769,2026,Kirinyaga,Coffee,D10,Mwea NCPB Depot,ncpb_depot,-0.7,37.35,NPK,8600,F05,Mushagara Coffee Factory,Baragwi FCS,-0.41839,37.358649,657558,234.8,5,1174,4508,200,6,31.33,42.29,72.5,7613.0,8,10,0.334,Medium,D02,Kianyaga DCC Office Satellite Depot,estimated: haversine distance * 1.35 road factor; replace with OSMnx shortest_path,"estimated from AFA cherry weight proxy; assumed 2,800 kg cherry per acre; fertilizer rates from Draft National Coffee Policy",https://www.afa.go.ke/download/5226/?tmstv=1750232445,https://kirinyaga.go.ke/waiguru-launches-fertilizer-mashinani-initiative-opens-satellite-farm-inputs-depots/,https://kilimo.go.ke/wp-content/uploads/2025/09/Draft-National-Coffee-Policy-2024.pdf,https://osmnx.readthedocs.io/en/stable/user-reference.html,"Estimated for hackathon modelling; validate coordinates, stock and demand with field/OSMnx data before operational use"
R0770,2026,Kirinyaga,Coffee,D10,Mwea NCPB Depot,ncpb_depot,-0.7,37.35,CAN,8000,F05,Mushagara Coffee Factory,Baragwi FCS,-0.41839,37.358649,657558,234.8,6,1409,4508,200,8,31.33,42.29,72.5,7613.0,8,10,0.397,Medium,D02,Kianyaga DCC Office Satellite Depot,estimated: haversine distance * 1.35 road factor; replace with OSMnx shortest_path,"estimated from AFA cherry weight proxy; assumed 2,800 kg cherry per acre; fertilizer rates from Draft National Coffee Policy",https://www.afa.go.ke/download/5226/?tmstv=1750232445,https://kirinyaga.go.ke/waiguru-launches-fertilizer-mashinani-initiative-opens-satellite-farm-inputs-depots/,https://kilimo.go.ke/wp-content/uploads/2025/09/Draft-National-Coffee-Policy-2024.pdf,https://osmnx.readthedocs.io/en/stable/user-reference.html,"Estimated for hackathon modelling; validate coordinates, stock and demand with field/OSMnx data before operational use"
R0771,2026,Kirinyaga,Coffee,D10,Mwea NCPB Depot,ncpb_depot,-0.7,37.35,Lime,7300,F05,Mushagara Coffee Factory,Baragwi FCS,-0.41839,37.358649,657558,234.8,5,1174,4508,200,6,31.33,42.29,72.5,7613.0,8,10,0.334,Medium,D02,Kianyaga DCC Office Satellite Depot,estimated: haversine distance * 1.35 road factor; replace with OSMnx shortest_path,"estimated from AFA cherry weight proxy; assumed 2,800 kg cherry per acre; fertilizer rates from Draft National Coffee Policy",https://www.afa.go.ke/download/5226/?tmstv=1750232445,https://kirinyaga.go.ke/waiguru-launches-fertilizer-mashinani-initiative-opens-satellite-farm-inputs-depots/,https://kilimo.go.ke/wp-content/uploads/2025/09/Draft-National-Coffee-Policy-2024.pdf,https://osmnx.readthedocs.io/en/stable/user-reference.html,"Estimated for hackathon modelling; validate coordinates, stock and demand with field/OSMnx data before operational use"
R0772,2026,Kirinyaga,Coffee,D10,Mwea NCPB Depot,ncpb_depot,-0.7,37.35,NPK,8600,F06,Gachami Coffee Factory,Baragwi FCS,-0.443407,37.368027,1318667,471.0,5,2355,9043,200,12,28.6,38.61,66.2,6950.0,8,10,0.64,High,D02,Kianyaga DCC Office Satellite Depot,estimated: haversine distance * 1.35 road factor; replace with OSMnx shortest_path,"estimated from AFA cherry weight proxy; assumed 2,800 kg cherry per acre; fertilizer rates from Draft National Coffee Policy",https://www.afa.go.ke/download/5226/?tmstv=1750232445,https://kirinyaga.go.ke/waiguru-launches-fertilizer-mashinani-initiative-opens-satellite-farm-inputs-depots/,https://kilimo.go.ke/wp-content/uploads/2025/09/Draft-National-Coffee-Policy-2024.pdf,https://osmnx.readthedocs.io/en/stable/user-reference.html,"Estimated for hackathon modelling; validate coordinates, stock and demand with field/OSMnx data before operational use"
R0773,2026,Kirinyaga,Coffee,D10,Mwea NCPB Depot,ncpb_depot,-0.7,37.35,CAN,8000,F06,Gachami Coffee Factory,Baragwi FCS,-0.443407,37.368027,1318667,471.0,6,2826,9043,200,15,28.6,38.61,66.2,6950.0,8,10,0.706,High,D02,Kianyaga DCC Office Satellite Depot,estimated: haversine distance * 1.35 road factor; replace with OSMnx shortest_path,"estimated from AFA cherry weight proxy; assumed 2,800 kg cherry per acre; fertilizer rates from Draft National Coffee Policy",https://www.afa.go.ke/download/5226/?tmstv=1750232445,https://kirinyaga.go.ke/waiguru-launches-fertilizer-mashinani-initiative-opens-satellite-farm-inputs-depots/,https://kilimo.go.ke/wp-content/uploads/2025/09/Draft-National-Coffee-Policy-2024.pdf,https://osmnx.readthedocs.io/en/stable/user-reference.html,"Estimated for hackathon modelling; validate coordinates, stock and demand with field/OSMnx data before operational use"
R0774,2026,Kirinyaga,Coffee,D10,Mwea NCPB Depot,ncpb_depot,-0.7,37.35,Lime,7300,F06,Gachami Coffee Factory,Baragwi FCS,-0.443407,37.368027,1318667,471.0,5,2355,9043,200,12,28.6,38.61,66.2,6950.0,8,10,0.64,High,D02,Kianyaga DCC Office Satellite Depot,estimated: haversine distance * 1.35 road factor; replace with OSMnx shortest_path,"estimated from AFA cherry weight proxy; assumed 2,800 kg cherry per acre; fertilizer rates from Draft National Coffee Policy",https://www.afa.go.ke/download/5226/?tmstv=1750232445,https://kirinyaga.go.ke/waiguru-launches-fertilizer-mashinani-initiative-opens-satellite-farm-inputs-depots/,https://kilimo.go.ke/wp-content/uploads/2025/09/Draft-National-Coffee-Policy-2024.pdf,https://osmnx.readthedocs.io/en/stable/user-reference.html,"Estimated for hackathon modelling; validate coordinates, stock and demand with field/OSMnx data before operational use"
R0775,2026,Kirinyaga,Coffee,D10,Mwea NCPB Depot,ncpb_depot,-0.7,37.35,NPK,8600,F07,Konyu Coffee Factory,Kabare FCS,-0.543367,37.326494,193060,69.0,5,345,1325,200,2,17.61,23.78,40.8,4280.0,8,10,0.12,Low,D05,Baricho DCC Office Satellite Depot,estimated: haversine distance * 1.35 road factor; replace with OSMnx shortest_path,"estimated from AFA cherry weight proxy; assumed 2,800 kg cherry per acre; fertilizer rates from Draft National Coffee Policy",https://www.afa.go.ke/download/5226/?tmstv=1750232445,https://kirinyaga.go.ke/waiguru-launches-fertilizer-mashinani-initiative-opens-satellite-farm-inputs-depots/,https://kilimo.go.ke/wp-content/uploads/2025/09/Draft-National-Coffee-Policy-2024.pdf,https://osmnx.readthedocs.io/en/stable/user-reference.html,"Estimated for hackathon modelling; validate coordinates, stock and demand with field/OSMnx data before operational use"
R0776,2026,Kirinyaga,Coffee,D10,Mwea NCPB Depot,ncpb_depot,-0.7,37.35,CAN,8000,F07,Konyu Coffee Factory,Kabare FCS,-0.543367,37.326494,193060,69.0,6,414,1325,200,3,17.61,23.78,40.8,4280.0,8,10,0.138,Low,D05,Baricho DCC Office Satellite Depot,estimated: haversine distance * 1.35 road factor; replace with OSMnx shortest_path,"estimated from AFA cherry weight proxy; assumed 2,800 kg cherry per acre; fertilizer rates from Draft National Coffee Policy",https://www.afa.go.ke/download/5226/?tmstv=1750232445,https://kirinyaga.go.ke/waiguru-launches-fertilizer-mashinani-initiative-opens-satellite-farm-inputs-depots/,https://kilimo.go.ke/wp-content/uploads/2025/09/Draft-National-Coffee-Policy-2024.pdf,https://osmnx.readthedocs.io/en/stable/user-reference.html,"Estimated for hackathon modelling; validate coordinates, stock and demand with field/OSMnx data before operational use"
R0777,2026,Kirinyaga,Coffee,D10,Mwea NCPB Depot,ncpb_depot,-0.7,37.35,Lime,7300,F07,Konyu Coffee Factory,Kabare FCS,-0.543367,37.326494,193060,69.0,5,345,1325,200,2,17.61,23.78,40.8,4280.0,8,10,0.12,Low,D05,Baricho DCC Office Satellite Depot,estimated: haversine distance * 1.35 road factor; replace with OSMnx shortest_path,"estimated from AFA cherry weight proxy; assumed 2,800 kg cherry per acre; fertilizer rates from Draft National Coffee Policy",https://www.afa.go.ke/download/5226/?tmstv=1750232445,https://kirinyaga.go.ke/waiguru-launches-fertilizer-mashinani-initiative-opens-satellite-farm-inputs-depots/,https://kilimo.go.ke/wp-content/uploads/2025/09/Draft-National-Coffee-Policy-2024.pdf,https://osmnx.readthedocs.io/en/stable/user-reference.html,"Estimated for hackathon modelling; validate coordinates, stock and demand with field/OSMnx data before operational use"
R0778,2026,Kirinyaga,Coffee,D10,Mwea NCPB Depot,ncpb_depot,-0.7,37.35,NPK,8600,F08,Thunguri Coffee Factory,Kibirigwi FCS,-0.559251,37.158225,842805,301.0,5,1505,5779,200,8,26.45,35.71,61.2,6427.0,8,10,0.51,High,D09,Sagana NCPB Depot,estimated: haversine distance * 1.35 road factor; replace with OSMnx shortest_path,"estimated from AFA cherry weight proxy; assumed 2,800 kg cherry per acre; fertilizer rates from Draft National Coffee Policy",https://www.afa.go.ke/download/5226/?tmstv=1750232445,https://kirinyaga.go.ke/waiguru-launches-fertilizer-mashinani-initiative-opens-satellite-farm-inputs-depots/,https://kilimo.go.ke/wp-content/uploads/2025/09/Draft-National-Coffee-Policy-2024.pdf,https://osmnx.readthedocs.io/en/stable/user-reference.html,"Estimated for hackathon modelling; validate coordinates, stock and demand with field/OSMnx data before operational use"
R0779,2026,Kirinyaga,Coffee,D10,Mwea NCPB Depot,ncpb_depot,-0.7,37.35,CAN,8000,F08,Thunguri Coffee Factory,Kibirigwi FCS,-0.559251,37.158225,842805,301.0,6,1806,5779,200,10,26.45,35.71,61.2,6427.0,8,10,0.591,High,D09,Sagana NCPB Depot,estimated: haversine distance * 1.35 road factor; replace with OSMnx shortest_path,"estimated from AFA cherry weight proxy; assumed 2,800 kg cherry per acre; fertilizer rates from Draft National Coffee Policy",https://www.afa.go.ke/download/5226/?tmstv=1750232445,https://kirinyaga.go.ke/waiguru-launches-fertilizer-mashinani-initiative-opens-satellite-farm-inputs-depots/,https://kilimo.go.ke/wp-content/uploads/2025/09/Draft-National-Coffee-Policy-2024.pdf,https://osmnx.readthedocs.io/en/stable/user-reference.html,"Estimated for hackathon modelling; validate coordinates, stock and demand with field/OSMnx data before operational use"
R0780,2026,Kirinyaga,Coffee,D10,Mwea NCPB Depot,ncpb_depot,-0.7,37.35,Lime,7300,F08,Thunguri Coffee Factory,Kibirigwi FCS,-0.559251,37.158225,842805,301.0,5,1505,5779,200,8,26.45,35.71,61.2,6427.0,8,10,0.51,High,D09,Sagana NCPB Depot,estimated: haversine distance * 1.35 road factor; replace with OSMnx shortest_path,"estimated from AFA cherry weight proxy; assumed 2,800 kg cherry per acre; fertilizer rates from Draft National Coffee Policy",https://www.afa.go.ke/download/5226/?tmstv=1750232445,https://kirinyaga.go.ke/waiguru-launches-fertilizer-mashinani-initiative-opens-satellite-farm-inputs-depots/,https://kilimo.go.ke/wp-content/uploads/2025/09/Draft-National-Coffee-Policy-2024.pdf,https://osmnx.readthedocs.io/en/stable/user-reference.html,"Estimated for hackathon modelling; validate coordinates, stock and demand with field/OSMnx data before operational use"
R0781,2026,Kirinyaga,Coffee,D10,Mwea NCPB Depot,ncpb_depot,-0.7,37.35,NPK,8600,F09,Kiandieri Coffee Factory,Inoi FCS,-0.500398,37.283446,98015,35.0,5,175,672,200,1,23.4,31.58,54.1,5685.0,8,10,0.05,Low,D03,Kerugoya CC Office Satellite Depot,estimated: haversine distance * 1.35 road factor; replace with OSMnx shortest_path,"estimated from AFA cherry weight proxy; assumed 2,800 kg cherry per acre; fertilizer rates from Draft National Coffee Policy",https://www.afa.go.ke/download/5226/?tmstv=1750232445,https://kirinyaga.go.ke/waiguru-launches-fertilizer-mashinani-initiative-opens-satellite-farm-inputs-depots/,https://kilimo.go.ke/wp-content/uploads/2025/09/Draft-National-Coffee-Policy-2024.pdf,https://osmnx.readthedocs.io/en/stable/user-reference.html,"Estimated for hackathon modelling; validate coordinates, stock and demand with field/OSMnx data before operational use"
R0782,2026,Kirinyaga,Coffee,D10,Mwea NCPB Depot,ncpb_depot,-0.7,37.35,CAN,8000,F09,Kiandieri Coffee Factory,Inoi FCS,-0.500398,37.283446,98015,35.0,6,210,672,200,2,23.4,31.58,54.1,5685.0,8,10,0.06,Low,D03,Kerugoya CC Office Satellite Depot,estimated: haversine distance * 1.35 road factor; replace with OSMnx shortest_path,"estimated from AFA cherry weight proxy; assumed 2,800 kg cherry per acre; fertilizer rates from Draft National Coffee Policy",https://www.afa.go.ke/download/5226/?tmstv=1750232445,https://kirinyaga.go.ke/waiguru-launches-fertilizer-mashinani-initiative-opens-satellite-farm-inputs-depots/,https://kilimo.go.ke/wp-content/uploads/2025/09/Draft-National-Coffee-Policy-2024.pdf,https://osmnx.readthedocs.io/en/stable/user-reference.html,"Estimated for hackathon modelling; validate coordinates, stock and demand with field/OSMnx data before operational use"
R0783,2026,Kirinyaga,Coffee,D10,Mwea NCPB Depot,ncpb_depot,-0.7,37.35,Lime,7300,F09,Kiandieri Coffee Factory,Inoi FCS,-0.500398,37.283446,98015,35.0,5,175,672,200,1,23.4,31.58,54.1,5685.0,8,10,0.05,Low,D03,Kerugoya CC Office Satellite Depot,estimated: haversine distance * 1.35 road factor; replace with OSMnx shortest_path,"estimated from AFA cherry weight proxy; assumed 2,800 kg cherry per acre; fertilizer rates from Draft National Coffee Policy",https://www.afa.go.ke/download/5226/?tmstv=1750232445,https://kirinyaga.go.ke/waiguru-launches-fertilizer-mashinani-initiative-opens-satellite-farm-inputs-depots/,https://kilimo.go.ke/wp-content/uploads/2025/09/Draft-National-Coffee-Policy-2024.pdf,https://osmnx.readthedocs.io/en/stable/user-reference.html,"Estimated for hackathon modelling; validate coordinates, stock and demand with field/OSMnx data before operational use"
R0784,2026,Kirinyaga,Coffee,D10,Mwea NCPB Depot,ncpb_depot,-0.7,37.35,NPK,8600,F10,Rutui Coffee Factory,Inoi FCS,-0.491453,37.280532,202521,72.3,5,362,1390,200,2,24.44,33.0,56.6,5939.0,8,10,0.104,Low,D03,Kerugoya CC Office Satellite Depot,estimated: haversine distance * 1.35 road factor; replace with OSMnx shortest_path,"estimated from AFA cherry weight proxy; assumed 2,800 kg cherry per acre; fertilizer rates from Draft National Coffee Policy",https://www.afa.go.ke/download/5226/?tmstv=1750232445,https://kirinyaga.go.ke/waiguru-launches-fertilizer-mashinani-initiative-opens-satellite-farm-inputs-depots/,https://kilimo.go.ke/wp-content/uploads/2025/09/Draft-National-Coffee-Policy-2024.pdf,https://osmnx.readthedocs.io/en/stable/user-reference.html,"Estimated for hackathon modelling; validate coordinates, stock and demand with field/OSMnx data before operational use"
R0785,2026,Kirinyaga,Coffee,D10,Mwea NCPB Depot,ncpb_depot,-0.7,37.35,CAN,8000,F10,Rutui Coffee Factory,Inoi FCS,-0.491453,37.280532,202521,72.3,6,434,1390,200,3,24.44,33.0,56.6,5939.0,8,10,0.124,Low,D03,Kerugoya CC Office Satellite Depot,estimated: haversine distance * 1.35 road factor; replace with OSMnx shortest_path,"estimated from AFA cherry weight proxy; assumed 2,800 kg cherry per acre; fertilizer rates from Draft National Coffee Policy",https://www.afa.go.ke/download/5226/?tmstv=1750232445,https://kirinyaga.go.ke/waiguru-launches-fertilizer-mashinani-initiative-opens-satellite-farm-inputs-depots/,https://kilimo.go.ke/wp-content/uploads/2025/09/Draft-National-Coffee-Policy-2024.pdf,https://osmnx.readthedocs.io/en/stable/user-reference.html,"Estimated for hackathon modelling; validate coordinates, stock and demand with field/OSMnx data before operational use"
R0786,2026,Kirinyaga,Coffee,D10,Mwea NCPB Depot,ncpb_depot,-0.7,37.35,Lime,7300,F10,Rutui Coffee Factory,Inoi FCS,-0.491453,37.280532,202521,72.3,5,362,1390,200,2,24.44,33.0,56.6,5939.0,8,10,0.104,Low,D03,Kerugoya CC Office Satellite Depot,estimated: haversine distance * 1.35 road factor; replace with OSMnx shortest_path,"estimated from AFA cherry weight proxy; assumed 2,800 kg cherry per acre; fertilizer rates from Draft National Coffee Policy",https://www.afa.go.ke/download/5226/?tmstv=1750232445,https://kirinyaga.go.ke/waiguru-launches-fertilizer-mashinani-initiative-opens-satellite-farm-inputs-depots/,https://kilimo.go.ke/wp-content/uploads/2025/09/Draft-National-Coffee-Policy-2024.pdf,https://osmnx.readthedocs.io/en/stable/user-reference.html,"Estimated for hackathon modelling; validate coordinates, stock and demand with field/OSMnx data before operational use"
R0787,2026,Kirinyaga,Coffee,D10,Mwea NCPB Depot,ncpb_depot,-0.7,37.35,NPK,8600,F11,Kiang'ombe Coffee Factory,Kabare FCS,-0.545471,37.335991,421153,150.4,5,752,2887,200,4,17.25,23.29,39.9,4193.0,8,10,0.225,Medium,D05,Baricho DCC Office Satellite Depot,estimated: haversine distance * 1.35 road factor; replace with OSMnx shortest_path,"estimated from AFA cherry weight proxy; assumed 2,800 kg cherry per acre; fertilizer rates from Draft National Coffee Policy",https://www.afa.go.ke/download/5226/?tmstv=1750232445,https://kirinyaga.go.ke/waiguru-launches-fertilizer-mashinani-initiative-opens-satellite-farm-inputs-depots/,https://kilimo.go.ke/wp-content/uploads/2025/09/Draft-National-Coffee-Policy-2024.pdf,https://osmnx.readthedocs.io/en/stable/user-reference.html,"Estimated for hackathon modelling; validate coordinates, stock and demand with field/OSMnx data before operational use"
R0788,2026,Kirinyaga,Coffee,D10,Mwea NCPB Depot,ncpb_depot,-0.7,37.35,CAN,8000,F11,Kiang'ombe Coffee Factory,Kabare FCS,-0.545471,37.335991,421153,150.4,6,902,2887,200,5,17.25,23.29,39.9,4193.0,8,10,0.265,Medium,D05,Baricho DCC Office Satellite Depot,estimated: haversine distance * 1.35 road factor; replace with OSMnx shortest_path,"estimated from AFA cherry weight proxy; assumed 2,800 kg cherry per acre; fertilizer rates from Draft National Coffee Policy",https://www.afa.go.ke/download/5226/?tmstv=1750232445,https://kirinyaga.go.ke/waiguru-launches-fertilizer-mashinani-initiative-opens-satellite-farm-inputs-depots/,https://kilimo.go.ke/wp-content/uploads/2025/09/Draft-National-Coffee-Policy-2024.pdf,https://osmnx.readthedocs.io/en/stable/user-reference.html,"Estimated for hackathon modelling; validate coordinates, stock and demand with field/OSMnx data before operational use"
R0789,2026,Kirinyaga,Coffee,D10,Mwea NCPB Depot,ncpb_depot,-0.7,37.35,Lime,7300,F11,Kiang'ombe Coffee Factory,Kabare FCS,-0.545471,37.335991,421153,150.4,5,752,2887,200,4,17.25,23.29,39.9,4193.0,8,10,0.225,Medium,D05,Baricho DCC Office Satellite Depot,estimated: haversine distance * 1.35 road factor; replace with OSMnx shortest_path,"estimated from AFA cherry weight proxy; assumed 2,800 kg cherry per acre; fertilizer rates from Draft National Coffee Policy",https://www.afa.go.ke/download/5226/?tmstv=1750232445,https://kirinyaga.go.ke/waiguru-launches-fertilizer-mashinani-initiative-opens-satellite-farm-inputs-depots/,https://kilimo.go.ke/wp-content/uploads/2025/09/Draft-National-Coffee-Policy-2024.pdf,https://osmnx.readthedocs.io/en/stable/user-reference.html,"Estimated for hackathon modelling; validate coordinates, stock and demand with field/OSMnx data before operational use"
R0790,2026,Kirinyaga,Coffee,D10,Mwea NCPB Depot,ncpb_depot,-0.7,37.35,NPK,8600,F12,Guama Coffee Factory,Baragwi FCS,-0.436799,37.373277,640750,228.8,5,1144,4393,200,6,29.38,39.66,68.0,7140.0,8,10,0.315,Medium,D02,Kianyaga DCC Office Satellite Depot,estimated: haversine distance * 1.35 road factor; replace with OSMnx shortest_path,"estimated from AFA cherry weight proxy; assumed 2,800 kg cherry per acre; fertilizer rates from Draft National Coffee Policy",https://www.afa.go.ke/download/5226/?tmstv=1750232445,https://kirinyaga.go.ke/waiguru-launches-fertilizer-mashinani-initiative-opens-satellite-farm-inputs-depots/,https://kilimo.go.ke/wp-content/uploads/2025/09/Draft-National-Coffee-Policy-2024.pdf,https://osmnx.readthedocs.io/en/stable/user-reference.html,"Estimated for hackathon modelling; validate coordinates, stock and demand with field/OSMnx data before operational use"
R0791,2026,Kirinyaga,Coffee,D10,Mwea NCPB Depot,ncpb_depot,-0.7,37.35,CAN,8000,F12,Guama Coffee Factory,Baragwi FCS,-0.436799,37.373277,640750,228.8,6,1373,4393,200,7,29.38,39.66,68.0,7140.0,8,10,0.376,Medium,D02,Kianyaga DCC Office Satellite Depot,estimated: haversine distance * 1.35 road factor; replace with OSMnx shortest_path,"estimated from AFA cherry weight proxy; assumed 2,800 kg cherry per acre; fertilizer rates from Draft National Coffee Policy",https://www.afa.go.ke/download/5226/?tmstv=1750232445,https://kirinyaga.go.ke/waiguru-launches-fertilizer-mashinani-initiative-opens-satellite-farm-inputs-depots/,https://kilimo.go.ke/wp-content/uploads/2025/09/Draft-National-Coffee-Policy-2024.pdf,https://osmnx.readthedocs.io/en/stable/user-reference.html,"Estimated for hackathon modelling; validate coordinates, stock and demand with field/OSMnx data before operational use"
R0792,2026,Kirinyaga,Coffee,D10,Mwea NCPB Depot,ncpb_depot,-0.7,37.35,Lime,7300,F12,Guama Coffee Factory,Baragwi FCS,-0.436799,37.373277,640750,228.8,5,1144,4393,200,6,29.38,39.66,68.0,7140.0,8,10,0.315,Medium,D02,Kianyaga DCC Office Satellite Depot,estimated: haversine distance * 1.35 road factor; replace with OSMnx shortest_path,"estimated from AFA cherry weight proxy; assumed 2,800 kg cherry per acre; fertilizer rates from Draft National Coffee Policy",https://www.afa.go.ke/download/5226/?tmstv=1750232445,https://kirinyaga.go.ke/waiguru-launches-fertilizer-mashinani-initiative-opens-satellite-farm-inputs-depots/,https://kilimo.go.ke/wp-content/uploads/2025/09/Draft-National-Coffee-Policy-2024.pdf,https://osmnx.readthedocs.io/en/stable/user-reference.html,"Estimated for hackathon modelling; validate coordinates, stock and demand with field/OSMnx data before operational use"
R0793,2026,Kirinyaga,Coffee,D10,Mwea NCPB Depot,ncpb_depot,-0.7,37.35,NPK,8600,F13,Kiri Coffee Factory,Ngiriambu FCS,-0.442714,37.429183,304470,108.7,5,544,2088,200,3,29.93,40.41,69.3,7274.0,8,10,0.204,Low,D02,Kianyaga DCC Office Satellite Depot,estimated: haversine distance * 1.35 road factor; replace with OSMnx shortest_path,"estimated from AFA cherry weight proxy; assumed 2,800 kg cherry per acre; fertilizer rates from Draft National Coffee Policy",https://www.afa.go.ke/download/5226/?tmstv=1750232445,https://kirinyaga.go.ke/waiguru-launches-fertilizer-mashinani-initiative-opens-satellite-farm-inputs-depots/,https://kilimo.go.ke/wp-content/uploads/2025/09/Draft-National-Coffee-Policy-2024.pdf,https://osmnx.readthedocs.io/en/stable/user-reference.html,"Estimated for hackathon modelling; validate coordinates, stock and demand with field/OSMnx data before operational use"
R0794,2026,Kirinyaga,Coffee,D10,Mwea NCPB Depot,ncpb_depot,-0.7,37.35,CAN,8000,F13,Kiri Coffee Factory,Ngiriambu FCS,-0.442714,37.429183,304470,108.7,6,652,2088,200,4,29.93,40.41,69.3,7274.0,8,10,0.233,Medium,D02,Kianyaga DCC Office Satellite Depot,estimated: haversine distance * 1.35 road factor; replace with OSMnx shortest_path,"estimated from AFA cherry weight proxy; assumed 2,800 kg cherry per acre; fertilizer rates from Draft National Coffee Policy",https://www.afa.go.ke/download/5226/?tmstv=1750232445,https://kirinyaga.go.ke/waiguru-launches-fertilizer-mashinani-initiative-opens-satellite-farm-inputs-depots/,https://kilimo.go.ke/wp-content/uploads/2025/09/Draft-National-Coffee-Policy-2024.pdf,https://osmnx.readthedocs.io/en/stable/user-reference.html,"Estimated for hackathon modelling; validate coordinates, stock and demand with field/OSMnx data before operational use"
R0795,2026,Kirinyaga,Coffee,D10,Mwea NCPB Depot,ncpb_depot,-0.7,37.35,Lime,7300,F13,Kiri Coffee Factory,Ngiriambu FCS,-0.442714,37.429183,304470,108.7,5,544,2088,200,3,29.93,40.41,69.3,7274.0,8,10,0.204,Low,D02,Kianyaga DCC Office Satellite Depot,estimated: haversine distance * 1.35 road factor; replace with OSMnx shortest_path,"estimated from AFA cherry weight proxy; assumed 2,800 kg cherry per acre; fertilizer rates from Draft National Coffee Policy",https://www.afa.go.ke/download/5226/?tmstv=1750232445,https://kirinyaga.go.ke/waiguru-launches-fertilizer-mashinani-initiative-opens-satellite-farm-inputs-depots/,https://kilimo.go.ke/wp-content/uploads/2025/09/Draft-National-Coffee-Policy-2024.pdf,https://osmnx.readthedocs.io/en/stable/user-reference.html,"Estimated for hackathon modelling; validate coordinates, stock and demand with field/OSMnx data before operational use"
R0796,2026,Kirinyaga,Coffee,D10,Mwea NCPB Depot,ncpb_depot,-0.7,37.35,NPK,8600,F14,Kiangothe Coffee Factory,Kabare FCS,-0.531036,37.332984,377824,134.9,5,675,2592,200,4,18.88,25.49,43.7,4589.0,8,10,0.217,Medium,D05,Baricho DCC Office Satellite Depot,estimated: haversine distance * 1.35 road factor; replace with OSMnx shortest_path,"estimated from AFA cherry weight proxy; assumed 2,800 kg cherry per acre; fertilizer rates from Draft National Coffee Policy",https://www.afa.go.ke/download/5226/?tmstv=1750232445,https://kirinyaga.go.ke/waiguru-launches-fertilizer-mashinani-initiative-opens-satellite-farm-inputs-depots/,https://kilimo.go.ke/wp-content/uploads/2025/09/Draft-National-Coffee-Policy-2024.pdf,https://osmnx.readthedocs.io/en/stable/user-reference.html,"Estimated for hackathon modelling; validate coordinates, stock and demand with field/OSMnx data before operational use"
R0797,2026,Kirinyaga,Coffee,D10,Mwea NCPB Depot,ncpb_depot,-0.7,37.35,CAN,8000,F14,Kiangothe Coffee Factory,Kabare FCS,-0.531036,37.332984,377824,134.9,6,810,2592,200,5,18.88,25.49,43.7,4589.0,8,10,0.254,Medium,D05,Baricho DCC Office Satellite Depot,estimated: haversine distance * 1.35 road factor; replace with OSMnx shortest_path,"estimated from AFA cherry weight proxy; assumed 2,800 kg cherry per acre; fertilizer rates from Draft National Coffee Policy",https://www.afa.go.ke/download/5226/?tmstv=1750232445,https://kirinyaga.go.ke/waiguru-launches-fertilizer-mashinani-initiative-opens-satellite-farm-inputs-depots/,https://kilimo.go.ke/wp-content/uploads/2025/09/Draft-National-Coffee-Policy-2024.pdf,https://osmnx.readthedocs.io/en/stable/user-reference.html,"Estimated for hackathon modelling; validate coordinates, stock and demand with field/OSMnx data before operational use"
R0798,2026,Kirinyaga,Coffee,D10,Mwea NCPB Depot,ncpb_depot,-0.7,37.35,Lime,7300,F14,Kiangothe Coffee Factory,Kabare FCS,-0.531036,37.332984,377824,134.9,5,675,2592,200,4,18.88,25.49,43.7,4589.0,8,10,0.217,Medium,D05,Baricho DCC Office Satellite Depot,estimated: haversine distance * 1.35 road factor; replace with OSMnx shortest_path,"estimated from AFA cherry weight proxy; assumed 2,800 kg cherry per acre; fertilizer rates from Draft National Coffee Policy",https://www.afa.go.ke/download/5226/?tmstv=1750232445,https://kirinyaga.go.ke/waiguru-launches-fertilizer-mashinani-initiative-opens-satellite-farm-inputs-depots/,https://kilimo.go.ke/wp-content/uploads/2025/09/Draft-National-Coffee-Policy-2024.pdf,https://osmnx.readthedocs.io/en/stable/user-reference.html,"Estimated for hackathon modelling; validate coordinates, stock and demand with field/OSMnx data before operational use"
R0799,2026,Kirinyaga,Coffee,D10,Mwea NCPB Depot,ncpb_depot,-0.7,37.35,NPK,8600,F15,Kimandi Coffee Factory,Kabare FCS,-0.521263,37.335519,750940,268.2,5,1341,5149,200,7,19.94,26.92,46.1,4845.0,8,10,0.405,Medium,D05,Baricho DCC Office Satellite Depot,estimated: haversine distance * 1.35 road factor; replace with OSMnx shortest_path,"estimated from AFA cherry weight proxy; assumed 2,800 kg cherry per acre; fertilizer rates from Draft National Coffee Policy",https://www.afa.go.ke/download/5226/?tmstv=1750232445,https://kirinyaga.go.ke/waiguru-launches-fertilizer-mashinani-initiative-opens-satellite-farm-inputs-depots/,https://kilimo.go.ke/wp-content/uploads/2025/09/Draft-National-Coffee-Policy-2024.pdf,https://osmnx.readthedocs.io/en/stable/user-reference.html,"Estimated for hackathon modelling; validate coordinates, stock and demand with field/OSMnx data before operational use"
R0800,2026,Kirinyaga,Coffee,D10,Mwea NCPB Depot,ncpb_depot,-0.7,37.35,CAN,8000,F15,Kimandi Coffee Factory,Kabare FCS,-0.521263,37.335519,750940,268.2,6,1609,5149,200,9,19.94,26.92,46.1,4845.0,8,10,0.477,High,D05,Baricho DCC Office Satellite Depot,estimated: haversine distance * 1.35 road factor; replace with OSMnx shortest_path,"estimated from AFA cherry weight proxy; assumed 2,800 kg cherry per acre; fertilizer rates from Draft National Coffee Policy",https://www.afa.go.ke/download/5226/?tmstv=1750232445,https://kirinyaga.go.ke/waiguru-launches-fertilizer-mashinani-initiative-opens-satellite-farm-inputs-depots/,https://kilimo.go.ke/wp-content/uploads/2025/09/Draft-National-Coffee-Policy-2024.pdf,https://osmnx.readthedocs.io/en/stable/user-reference.html,"Estimated for hackathon modelling; validate coordinates, stock and demand with field/OSMnx data before operational use"
R0801,2026,Kirinyaga,Coffee,D10,Mwea NCPB Depot,ncpb_depot,-0.7,37.35,Lime,7300,F15,Kimandi Coffee Factory,Kabare FCS,-0.521263,37.335519,750940,268.2,5,1341,5149,200,7,19.94,26.92,46.1,4845.0,8,10,0.405,Medium,D05,Baricho DCC Office Satellite Depot,estimated: haversine distance * 1.35 road factor; replace with OSMnx shortest_path,"estimated from AFA cherry weight proxy; assumed 2,800 kg cherry per acre; fertilizer rates from Draft National Coffee Policy",https://www.afa.go.ke/download/5226/?tmstv=1750232445,https://kirinyaga.go.ke/waiguru-launches-fertilizer-mashinani-initiative-opens-satellite-farm-inputs-depots/,https://kilimo.go.ke/wp-content/uploads/2025/09/Draft-National-Coffee-Policy-2024.pdf,https://osmnx.readthedocs.io/en/stable/user-reference.html,"Estimated for hackathon modelling; validate coordinates, stock and demand with field/OSMnx data before operational use"
R0802,2026,Kirinyaga,Coffee,D10,Mwea NCPB Depot,ncpb_depot,-0.7,37.35,NPK,8600,F16,Kariaini Coffee Factory,Mwirua FCS,-0.405464,37.398149,363274,129.7,5,649,2491,200,4,33.19,44.8,76.8,8064.0,8,10,0.215,Medium,D02,Kianyaga DCC Office Satellite Depot,estimated: haversine distance * 1.35 road factor; replace with OSMnx shortest_path,"estimated from AFA cherry weight proxy; assumed 2,800 kg cherry per acre; fertilizer rates from Draft National Coffee Policy",https://www.afa.go.ke/download/5226/?tmstv=1750232445,https://kirinyaga.go.ke/waiguru-launches-fertilizer-mashinani-initiative-opens-satellite-farm-inputs-depots/,https://kilimo.go.ke/wp-content/uploads/2025/09/Draft-National-Coffee-Policy-2024.pdf,https://osmnx.readthedocs.io/en/stable/user-reference.html,"Estimated for hackathon modelling; validate coordinates, stock and demand with field/OSMnx data before operational use"
R0803,2026,Kirinyaga,Coffee,D10,Mwea NCPB Depot,ncpb_depot,-0.7,37.35,CAN,8000,F16,Kariaini Coffee Factory,Mwirua FCS,-0.405464,37.398149,363274,129.7,6,778,2491,200,4,33.19,44.8,76.8,8064.0,8,10,0.25,Medium,D02,Kianyaga DCC Office Satellite Depot,estimated: haversine distance * 1.35 road factor; replace with OSMnx shortest_path,"estimated from AFA cherry weight proxy; assumed 2,800 kg cherry per acre; fertilizer rates from Draft National Coffee Policy",https://www.afa.go.ke/download/5226/?tmstv=1750232445,https://kirinyaga.go.ke/waiguru-launches-fertilizer-mashinani-initiative-opens-satellite-farm-inputs-depots/,https://kilimo.go.ke/wp-content/uploads/2025/09/Draft-National-Coffee-Policy-2024.pdf,https://osmnx.readthedocs.io/en/stable/user-reference.html,"Estimated for hackathon modelling; validate coordinates, stock and demand with field/OSMnx data before operational use"
R0804,2026,Kirinyaga,Coffee,D10,Mwea NCPB Depot,ncpb_depot,-0.7,37.35,Lime,7300,F16,Kariaini Coffee Factory,Mwirua FCS,-0.405464,37.398149,363274,129.7,5,649,2491,200,4,33.19,44.8,76.8,8064.0,8,10,0.215,Medium,D02,Kianyaga DCC Office Satellite Depot,estimated: haversine distance * 1.35 road factor; replace with OSMnx shortest_path,"estimated from AFA cherry weight proxy; assumed 2,800 kg cherry per acre; fertilizer rates from Draft National Coffee Policy",https://www.afa.go.ke/download/5226/?tmstv=1750232445,https://kirinyaga.go.ke/waiguru-launches-fertilizer-mashinani-initiative-opens-satellite-farm-inputs-depots/,https://kilimo.go.ke/wp-content/uploads/2025/09/Draft-National-Coffee-Policy-2024.pdf,https://osmnx.readthedocs.io/en/stable/user-reference.html,"Estimated for hackathon modelling; validate coordinates, stock and demand with field/OSMnx data before operational use"
R0805,2026,Kirinyaga,Coffee,D10,Mwea NCPB Depot,ncpb_depot,-0.7,37.35,NPK,8600,F17,Kamwangi Coffee Factory,New Ngariama FCS,-0.470819,37.484366,634450,226.6,5,1133,4351,200,6,29.54,39.88,68.4,7178.0,8,10,0.324,Medium,D08,Togonye ACC Office Satellite Depot,estimated: haversine distance * 1.35 road factor; replace with OSMnx shortest_path,"estimated from AFA cherry weight proxy; assumed 2,800 kg cherry per acre; fertilizer rates from Draft National Coffee Policy",https://www.afa.go.ke/download/5226/?tmstv=1750232445,https://kirinyaga.go.ke/waiguru-launches-fertilizer-mashinani-initiative-opens-satellite-farm-inputs-depots/,https://kilimo.go.ke/wp-content/uploads/2025/09/Draft-National-Coffee-Policy-2024.pdf,https://osmnx.readthedocs.io/en/stable/user-reference.html,"Estimated for hackathon modelling; validate coordinates, stock and demand with field/OSMnx data before operational use"
R0806,2026,Kirinyaga,Coffee,D10,Mwea NCPB Depot,ncpb_depot,-0.7,37.35,CAN,8000,F17,Kamwangi Coffee Factory,New Ngariama FCS,-0.470819,37.484366,634450,226.6,6,1360,4351,200,7,29.54,39.88,68.4,7178.0,8,10,0.385,Medium,D08,Togonye ACC Office Satellite Depot,estimated: haversine distance * 1.35 road factor; replace with OSMnx shortest_path,"estimated from AFA cherry weight proxy; assumed 2,800 kg cherry per acre; fertilizer rates from Draft National Coffee Policy",https://www.afa.go.ke/download/5226/?tmstv=1750232445,https://kirinyaga.go.ke/waiguru-launches-fertilizer-mashinani-initiative-opens-satellite-farm-inputs-depots/,https://kilimo.go.ke/wp-content/uploads/2025/09/Draft-National-Coffee-Policy-2024.pdf,https://osmnx.readthedocs.io/en/stable/user-reference.html,"Estimated for hackathon modelling; validate coordinates, stock and demand with field/OSMnx data before operational use"
R0807,2026,Kirinyaga,Coffee,D10,Mwea NCPB Depot,ncpb_depot,-0.7,37.35,Lime,7300,F17,Kamwangi Coffee Factory,New Ngariama FCS,-0.470819,37.484366,634450,226.6,5,1133,4351,200,6,29.54,39.88,68.4,7178.0,8,10,0.324,Medium,D08,Togonye ACC Office Satellite Depot,estimated: haversine distance * 1.35 road factor; replace with OSMnx shortest_path,"estimated from AFA cherry weight proxy; assumed 2,800 kg cherry per acre; fertilizer rates from Draft National Coffee Policy",https://www.afa.go.ke/download/5226/?tmstv=1750232445,https://kirinyaga.go.ke/waiguru-launches-fertilizer-mashinani-initiative-opens-satellite-farm-inputs-depots/,https://kilimo.go.ke/wp-content/uploads/2025/09/Draft-National-Coffee-Policy-2024.pdf,https://osmnx.readthedocs.io/en/stable/user-reference.html,"Estimated for hackathon modelling; validate coordinates, stock and demand with field/OSMnx data before operational use"
R0808,2026,Kirinyaga,Coffee,D10,Mwea NCPB Depot,ncpb_depot,-0.7,37.35,NPK,8600,F18,Karumandi Coffee Factory,Baragwi FCS,-0.430607,37.38226,467691,167.0,5,835,3206,200,5,30.17,40.73,69.8,7331.0,8,10,0.241,Medium,D02,Kianyaga DCC Office Satellite Depot,estimated: haversine distance * 1.35 road factor; replace with OSMnx shortest_path,"estimated from AFA cherry weight proxy; assumed 2,800 kg cherry per acre; fertilizer rates from Draft National Coffee Policy",https://www.afa.go.ke/download/5226/?tmstv=1750232445,https://kirinyaga.go.ke/waiguru-launches-fertilizer-mashinani-initiative-opens-satellite-farm-inputs-depots/,https://kilimo.go.ke/wp-content/uploads/2025/09/Draft-National-Coffee-Policy-2024.pdf,https://osmnx.readthedocs.io/en/stable/user-reference.html,"Estimated for hackathon modelling; validate coordinates, stock and demand with field/OSMnx data before operational use"
R0809,2026,Kirinyaga,Coffee,D10,Mwea NCPB Depot,ncpb_depot,-0.7,37.35,CAN,8000,F18,Karumandi Coffee Factory,Baragwi FCS,-0.430607,37.38226,467691,167.0,6,1002,3206,200,6,30.17,40.73,69.8,7331.0,8,10,0.286,Medium,D02,Kianyaga DCC Office Satellite Depot,estimated: haversine distance * 1.35 road factor; replace with OSMnx shortest_path,"estimated from AFA cherry weight proxy; assumed 2,800 kg cherry per acre; fertilizer rates from Draft National Coffee Policy",https://www.afa.go.ke/download/5226/?tmstv=1750232445,https://kirinyaga.go.ke/waiguru-launches-fertilizer-mashinani-initiative-opens-satellite-farm-inputs-depots/,https://kilimo.go.ke/wp-content/uploads/2025/09/Draft-National-Coffee-Policy-2024.pdf,https://osmnx.readthedocs.io/en/stable/user-reference.html,"Estimated for hackathon modelling; validate coordinates, stock and demand with field/OSMnx data before operational use"
R0810,2026,Kirinyaga,Coffee,D10,Mwea NCPB Depot,ncpb_depot,-0.7,37.35,Lime,7300,F18,Karumandi Coffee Factory,Baragwi FCS,-0.430607,37.38226,467691,167.0,5,835,3206,200,5,30.17,40.73,69.8,7331.0,8,10,0.241,Medium,D02,Kianyaga DCC Office Satellite Depot,estimated: haversine distance * 1.35 road factor; replace with OSMnx shortest_path,"estimated from AFA cherry weight proxy; assumed 2,800 kg cherry per acre; fertilizer rates from Draft National Coffee Policy",https://www.afa.go.ke/download/5226/?tmstv=1750232445,https://kirinyaga.go.ke/waiguru-launches-fertilizer-mashinani-initiative-opens-satellite-farm-inputs-depots/,https://kilimo.go.ke/wp-content/uploads/2025/09/Draft-National-Coffee-Policy-2024.pdf,https://osmnx.readthedocs.io/en/stable/user-reference.html,"Estimated for hackathon modelling; validate coordinates, stock and demand with field/OSMnx data before operational use"
R0811,2026,Kirinyaga,Coffee,D10,Mwea NCPB Depot,ncpb_depot,-0.7,37.35,NPK,8600,F19,Kerugoya Coffee Factory,Inoi FCS,-0.497353,37.297593,933821,333.5,5,1668,6404,200,9,23.27,31.42,53.9,5656.0,8,10,0.465,High,D03,Kerugoya CC Office Satellite Depot,estimated: haversine distance * 1.35 road factor; replace with OSMnx shortest_path,"estimated from AFA cherry weight proxy; assumed 2,800 kg cherry per acre; fertilizer rates from Draft National Coffee Policy",https://www.afa.go.ke/download/5226/?tmstv=1750232445,https://kirinyaga.go.ke/waiguru-launches-fertilizer-mashinani-initiative-opens-satellite-farm-inputs-depots/,https://kilimo.go.ke/wp-content/uploads/2025/09/Draft-National-Coffee-Policy-2024.pdf,https://osmnx.readthedocs.io/en/stable/user-reference.html,"Estimated for hackathon modelling; validate coordinates, stock and demand with field/OSMnx data before operational use"
R0812,2026,Kirinyaga,Coffee,D10,Mwea NCPB Depot,ncpb_depot,-0.7,37.35,CAN,8000,F19,Kerugoya Coffee Factory,Inoi FCS,-0.497353,37.297593,933821,333.5,6,2001,6404,200,11,23.27,31.42,53.9,5656.0,8,10,0.554,High,D03,Kerugoya CC Office Satellite Depot,estimated: haversine distance * 1.35 road factor; replace with OSMnx shortest_path,"estimated from AFA cherry weight proxy; assumed 2,800 kg cherry per acre; fertilizer rates from Draft National Coffee Policy",https://www.afa.go.ke/download/5226/?tmstv=1750232445,https://kirinyaga.go.ke/waiguru-launches-fertilizer-mashinani-initiative-opens-satellite-farm-inputs-depots/,https://kilimo.go.ke/wp-content/uploads/2025/09/Draft-National-Coffee-Policy-2024.pdf,https://osmnx.readthedocs.io/en/stable/user-reference.html,"Estimated for hackathon modelling; validate coordinates, stock and demand with field/OSMnx data before operational use"
R0813,2026,Kirinyaga,Coffee,D10,Mwea NCPB Depot,ncpb_depot,-0.7,37.35,Lime,7300,F19,Kerugoya Coffee Factory,Inoi FCS,-0.497353,37.297593,933821,333.5,5,1668,6404,200,9,23.27,31.42,53.9,5656.0,8,10,0.465,High,D03,Kerugoya CC Office Satellite Depot,estimated: haversine distance * 1.35 road factor; replace with OSMnx shortest_path,"estimated from AFA cherry weight proxy; assumed 2,800 kg cherry per acre; fertilizer rates from Draft National Coffee Policy",https://www.afa.go.ke/download/5226/?tmstv=1750232445,https://kirinyaga.go.ke/waiguru-launches-fertilizer-mashinani-initiative-opens-satellite-farm-inputs-depots/,https://kilimo.go.ke/wp-content/uploads/2025/09/Draft-National-Coffee-Policy-2024.pdf,https://osmnx.readthedocs.io/en/stable/user-reference.html,"Estimated for hackathon modelling; validate coordinates, stock and demand with field/OSMnx data before operational use"
R0814,2026,Kirinyaga,Coffee,D10,Mwea NCPB Depot,ncpb_depot,-0.7,37.35,NPK,8600,F20,Kaitheri Coffee Factory,Inoi FCS,-0.491191,37.297387,1205346,430.5,5,2152,8264,200,11,23.94,32.32,55.4,5818.0,8,10,0.596,High,D03,Kerugoya CC Office Satellite Depot,estimated: haversine distance * 1.35 road factor; replace with OSMnx shortest_path,"estimated from AFA cherry weight proxy; assumed 2,800 kg cherry per acre; fertilizer rates from Draft National Coffee Policy",https://www.afa.go.ke/download/5226/?tmstv=1750232445,https://kirinyaga.go.ke/waiguru-launches-fertilizer-mashinani-initiative-opens-satellite-farm-inputs-depots/,https://kilimo.go.ke/wp-content/uploads/2025/09/Draft-National-Coffee-Policy-2024.pdf,https://osmnx.readthedocs.io/en/stable/user-reference.html,"Estimated for hackathon modelling; validate coordinates, stock and demand with field/OSMnx data before operational use"
R0815,2026,Kirinyaga,Coffee,D10,Mwea NCPB Depot,ncpb_depot,-0.7,37.35,CAN,8000,F20,Kaitheri Coffee Factory,Inoi FCS,-0.491191,37.297387,1205346,430.5,6,2583,8264,200,13,23.94,32.32,55.4,5818.0,8,10,0.712,High,D03,Kerugoya CC Office Satellite Depot,estimated: haversine distance * 1.35 road factor; replace with OSMnx shortest_path,"estimated from AFA cherry weight proxy; assumed 2,800 kg cherry per acre; fertilizer rates from Draft National Coffee Policy",https://www.afa.go.ke/download/5226/?tmstv=1750232445,https://kirinyaga.go.ke/waiguru-launches-fertilizer-mashinani-initiative-opens-satellite-farm-inputs-depots/,https://kilimo.go.ke/wp-content/uploads/2025/09/Draft-National-Coffee-Policy-2024.pdf,https://osmnx.readthedocs.io/en/stable/user-reference.html,"Estimated for hackathon modelling; validate coordinates, stock and demand with field/OSMnx data before operational use"
R0816,2026,Kirinyaga,Coffee,D10,Mwea NCPB Depot,ncpb_depot,-0.7,37.35,Lime,7300,F20,Kaitheri Coffee Factory,Inoi FCS,-0.491191,37.297387,1205346,430.5,5,2152,8264,200,11,23.94,32.32,55.4,5818.0,8,10,0.596,High,D03,Kerugoya CC Office Satellite Depot,estimated: haversine distance * 1.35 road factor; replace with OSMnx shortest_path,"estimated from AFA cherry weight proxy; assumed 2,800 kg cherry per acre; fertilizer rates from Draft National Coffee Policy",https://www.afa.go.ke/download/5226/?tmstv=1750232445,https://kirinyaga.go.ke/waiguru-launches-fertilizer-mashinani-initiative-opens-satellite-farm-inputs-depots/,https://kilimo.go.ke/wp-content/uploads/2025/09/Draft-National-Coffee-Policy-2024.pdf,https://osmnx.readthedocs.io/en/stable/user-reference.html,"Estimated for hackathon modelling; validate coordinates, stock and demand with field/OSMnx data before operational use"
R0817,2026,Kirinyaga,Coffee,D10,Mwea NCPB Depot,ncpb_depot,-0.7,37.35,NPK,8600,F21,Kiaragana Coffee Factory,Mwirua FCS,-0.405977,37.401729,1069927,382.1,5,1911,7338,200,10,33.2,44.81,76.8,8067.0,8,10,0.557,High,D02,Kianyaga DCC Office Satellite Depot,estimated: haversine distance * 1.35 road factor; replace with OSMnx shortest_path,"estimated from AFA cherry weight proxy; assumed 2,800 kg cherry per acre; fertilizer rates from Draft National Coffee Policy",https://www.afa.go.ke/download/5226/?tmstv=1750232445,https://kirinyaga.go.ke/waiguru-launches-fertilizer-mashinani-initiative-opens-satellite-farm-inputs-depots/,https://kilimo.go.ke/wp-content/uploads/2025/09/Draft-National-Coffee-Policy-2024.pdf,https://osmnx.readthedocs.io/en/stable/user-reference.html,"Estimated for hackathon modelling; validate coordinates, stock and demand with field/OSMnx data before operational use"
R0818,2026,Kirinyaga,Coffee,D10,Mwea NCPB Depot,ncpb_depot,-0.7,37.35,CAN,8000,F21,Kiaragana Coffee Factory,Mwirua FCS,-0.405977,37.401729,1069927,382.1,6,2293,7338,200,12,33.2,44.81,76.8,8067.0,8,10,0.66,High,D02,Kianyaga DCC Office Satellite Depot,estimated: haversine distance * 1.35 road factor; replace with OSMnx shortest_path,"estimated from AFA cherry weight proxy; assumed 2,800 kg cherry per acre; fertilizer rates from Draft National Coffee Policy",https://www.afa.go.ke/download/5226/?tmstv=1750232445,https://kirinyaga.go.ke/waiguru-launches-fertilizer-mashinani-initiative-opens-satellite-farm-inputs-depots/,https://kilimo.go.ke/wp-content/uploads/2025/09/Draft-National-Coffee-Policy-2024.pdf,https://osmnx.readthedocs.io/en/stable/user-reference.html,"Estimated for hackathon modelling; validate coordinates, stock and demand with field/OSMnx data before operational use"
R0819,2026,Kirinyaga,Coffee,D10,Mwea NCPB Depot,ncpb_depot,-0.7,37.35,Lime,7300,F21,Kiaragana Coffee Factory,Mwirua FCS,-0.405977,37.401729,1069927,382.1,5,1911,7338,200,10,33.2,44.81,76.8,8067.0,8,10,0.557,High,D02,Kianyaga DCC Office Satellite Depot,estimated: haversine distance * 1.35 road factor; replace with OSMnx shortest_path,"estimated from AFA cherry weight proxy; assumed 2,800 kg cherry per acre; fertilizer rates from Draft National Coffee Policy",https://www.afa.go.ke/download/5226/?tmstv=1750232445,https://kirinyaga.go.ke/waiguru-launches-fertilizer-mashinani-initiative-opens-satellite-farm-inputs-depots/,https://kilimo.go.ke/wp-content/uploads/2025/09/Draft-National-Coffee-Policy-2024.pdf,https://osmnx.readthedocs.io/en/stable/user-reference.html,"Estimated for hackathon modelling; validate coordinates, stock and demand with field/OSMnx data before operational use"
R0820,2026,Kirinyaga,Coffee,D10,Mwea NCPB Depot,ncpb_depot,-0.7,37.35,NPK,8600,F22,Kegwa Coffee Factory,Ngiriambu FCS,-0.452361,37.442947,187844,67.1,5,335,1288,200,2,29.41,39.71,68.1,7147.0,8,10,0.148,Low,D07,Ciagini ACC Office Satellite Depot,estimated: haversine distance * 1.35 road factor; replace with OSMnx shortest_path,"estimated from AFA cherry weight proxy; assumed 2,800 kg cherry per acre; fertilizer rates from Draft National Coffee Policy",https://www.afa.go.ke/download/5226/?tmstv=1750232445,https://kirinyaga.go.ke/waiguru-launches-fertilizer-mashinani-initiative-opens-satellite-farm-inputs-depots/,https://kilimo.go.ke/wp-content/uploads/2025/09/Draft-National-Coffee-Policy-2024.pdf,https://osmnx.readthedocs.io/en/stable/user-reference.html,"Estimated for hackathon modelling; validate coordinates, stock and demand with field/OSMnx data before operational use"
R0821,2026,Kirinyaga,Coffee,D10,Mwea NCPB Depot,ncpb_depot,-0.7,37.35,CAN,8000,F22,Kegwa Coffee Factory,Ngiriambu FCS,-0.452361,37.442947,187844,67.1,6,403,1288,200,3,29.41,39.71,68.1,7147.0,8,10,0.166,Low,D07,Ciagini ACC Office Satellite Depot,estimated: haversine distance * 1.35 road factor; replace with OSMnx shortest_path,"estimated from AFA cherry weight proxy; assumed 2,800 kg cherry per acre; fertilizer rates from Draft National Coffee Policy",https://www.afa.go.ke/download/5226/?tmstv=1750232445,https://kirinyaga.go.ke/waiguru-launches-fertilizer-mashinani-initiative-opens-satellite-farm-inputs-depots/,https://kilimo.go.ke/wp-content/uploads/2025/09/Draft-National-Coffee-Policy-2024.pdf,https://osmnx.readthedocs.io/en/stable/user-reference.html,"Estimated for hackathon modelling; validate coordinates, stock and demand with field/OSMnx data before operational use"
R0822,2026,Kirinyaga,Coffee,D10,Mwea NCPB Depot,ncpb_depot,-0.7,37.35,Lime,7300,F22,Kegwa Coffee Factory,Ngiriambu FCS,-0.452361,37.442947,187844,67.1,5,335,1288,200,2,29.41,39.71,68.1,7147.0,8,10,0.148,Low,D07,Ciagini ACC Office Satellite Depot,estimated: haversine distance * 1.35 road factor; replace with OSMnx shortest_path,"estimated from AFA cherry weight proxy; assumed 2,800 kg cherry per acre; fertilizer rates from Draft National Coffee Policy",https://www.afa.go.ke/download/5226/?tmstv=1750232445,https://kirinyaga.go.ke/waiguru-launches-fertilizer-mashinani-initiative-opens-satellite-farm-inputs-depots/,https://kilimo.go.ke/wp-content/uploads/2025/09/Draft-National-Coffee-Policy-2024.pdf,https://osmnx.readthedocs.io/en/stable/user-reference.html,"Estimated for hackathon modelling; validate coordinates, stock and demand with field/OSMnx data before operational use"
R0823,2026,Kirinyaga,Coffee,D10,Mwea NCPB Depot,ncpb_depot,-0.7,37.35,NPK,8600,F23,Karani Coffee Factory,Kabare FCS,-0.537101,37.347664,864121,308.6,5,1543,5926,200,8,18.12,24.46,41.9,4402.0,8,10,0.446,High,D05,Baricho DCC Office Satellite Depot,estimated: haversine distance * 1.35 road factor; replace with OSMnx shortest_path,"estimated from AFA cherry weight proxy; assumed 2,800 kg cherry per acre; fertilizer rates from Draft National Coffee Policy",https://www.afa.go.ke/download/5226/?tmstv=1750232445,https://kirinyaga.go.ke/waiguru-launches-fertilizer-mashinani-initiative-opens-satellite-farm-inputs-depots/,https://kilimo.go.ke/wp-content/uploads/2025/09/Draft-National-Coffee-Policy-2024.pdf,https://osmnx.readthedocs.io/en/stable/user-reference.html,"Estimated for hackathon modelling; validate coordinates, stock and demand with field/OSMnx data before operational use"
R0824,2026,Kirinyaga,Coffee,D10,Mwea NCPB Depot,ncpb_depot,-0.7,37.35,CAN,8000,F23,Karani Coffee Factory,Kabare FCS,-0.537101,37.347664,864121,308.6,6,1852,5926,200,10,18.12,24.46,41.9,4402.0,8,10,0.529,High,D05,Baricho DCC Office Satellite Depot,estimated: haversine distance * 1.35 road factor; replace with OSMnx shortest_path,"estimated from AFA cherry weight proxy; assumed 2,800 kg cherry per acre; fertilizer rates from Draft National Coffee Policy",https://www.afa.go.ke/download/5226/?tmstv=1750232445,https://kirinyaga.go.ke/waiguru-launches-fertilizer-mashinani-initiative-opens-satellite-farm-inputs-depots/,https://kilimo.go.ke/wp-content/uploads/2025/09/Draft-National-Coffee-Policy-2024.pdf,https://osmnx.readthedocs.io/en/stable/user-reference.html,"Estimated for hackathon modelling; validate coordinates, stock and demand with field/OSMnx data before operational use"
R0825,2026,Kirinyaga,Coffee,D10,Mwea NCPB Depot,ncpb_depot,-0.7,37.35,Lime,7300,F23,Karani Coffee Factory,Kabare FCS,-0.537101,37.347664,864121,308.6,5,1543,5926,200,8,18.12,24.46,41.9,4402.0,8,10,0.446,High,D05,Baricho DCC Office Satellite Depot,estimated: haversine distance * 1.35 road factor; replace with OSMnx shortest_path,"estimated from AFA cherry weight proxy; assumed 2,800 kg cherry per acre; fertilizer rates from Draft National Coffee Policy",https://www.afa.go.ke/download/5226/?tmstv=1750232445,https://kirinyaga.go.ke/waiguru-launches-fertilizer-mashinani-initiative-opens-satellite-farm-inputs-depots/,https://kilimo.go.ke/wp-content/uploads/2025/09/Draft-National-Coffee-Policy-2024.pdf,https://osmnx.readthedocs.io/en/stable/user-reference.html,"Estimated for hackathon modelling; validate coordinates, stock and demand with field/OSMnx data before operational use"
R0826,2026,Kirinyaga,Coffee,D10,Mwea NCPB Depot,ncpb_depot,-0.7,37.35,NPK,8600,F24,Kariru Coffee Factory,Baragwi FCS,-0.425995,37.38789,49525,17.7,5,88,338,200,1,30.76,41.52,71.2,7474.0,8,10,0.046,Low,D02,Kianyaga DCC Office Satellite Depot,estimated: haversine distance * 1.35 road factor; replace with OSMnx shortest_path,"estimated from AFA cherry weight proxy; assumed 2,800 kg cherry per acre; fertilizer rates from Draft National Coffee Policy",https://www.afa.go.ke/download/5226/?tmstv=1750232445,https://kirinyaga.go.ke/waiguru-launches-fertilizer-mashinani-initiative-opens-satellite-farm-inputs-depots/,https://kilimo.go.ke/wp-content/uploads/2025/09/Draft-National-Coffee-Policy-2024.pdf,https://osmnx.readthedocs.io/en/stable/user-reference.html,"Estimated for hackathon modelling; validate coordinates, stock and demand with field/OSMnx data before operational use"
R0827,2026,Kirinyaga,Coffee,D10,Mwea NCPB Depot,ncpb_depot,-0.7,37.35,CAN,8000,F24,Kariru Coffee Factory,Baragwi FCS,-0.425995,37.38789,49525,17.7,6,106,338,200,1,30.76,41.52,71.2,7474.0,8,10,0.051,Low,D02,Kianyaga DCC Office Satellite Depot,estimated: haversine distance * 1.35 road factor; replace with OSMnx shortest_path,"estimated from AFA cherry weight proxy; assumed 2,800 kg cherry per acre; fertilizer rates from Draft National Coffee Policy",https://www.afa.go.ke/download/5226/?tmstv=1750232445,https://kirinyaga.go.ke/waiguru-launches-fertilizer-mashinani-initiative-opens-satellite-farm-inputs-depots/,https://kilimo.go.ke/wp-content/uploads/2025/09/Draft-National-Coffee-Policy-2024.pdf,https://osmnx.readthedocs.io/en/stable/user-reference.html,"Estimated for hackathon modelling; validate coordinates, stock and demand with field/OSMnx data before operational use"
R0828,2026,Kirinyaga,Coffee,D10,Mwea NCPB Depot,ncpb_depot,-0.7,37.35,Lime,7300,F24,Kariru Coffee Factory,Baragwi FCS,-0.425995,37.38789,49525,17.7,5,88,338,200,1,30.76,41.52,71.2,7474.0,8,10,0.046,Low,D02,Kianyaga DCC Office Satellite Depot,estimated: haversine distance * 1.35 road factor; replace with OSMnx shortest_path,"estimated from AFA cherry weight proxy; assumed 2,800 kg cherry per acre; fertilizer rates from Draft National Coffee Policy",https://www.afa.go.ke/download/5226/?tmstv=1750232445,https://kirinyaga.go.ke/waiguru-launches-fertilizer-mashinani-initiative-opens-satellite-farm-inputs-depots/,https://kilimo.go.ke/wp-content/uploads/2025/09/Draft-National-Coffee-Policy-2024.pdf,https://osmnx.readthedocs.io/en/stable/user-reference.html,"Estimated for hackathon modelling; validate coordinates, stock and demand with field/OSMnx data before operational use"
R0829,2026,Kirinyaga,Coffee,D10,Mwea NCPB Depot,ncpb_depot,-0.7,37.35,NPK,8600,F25,Thimu Coffee Factory,Baragwi FCS,-0.417322,37.388324,49227,17.6,5,88,337,200,1,31.72,42.82,73.4,7708.0,8,10,0.05,Low,D02,Kianyaga DCC Office Satellite Depot,estimated: haversine distance * 1.35 road factor; replace with OSMnx shortest_path,"estimated from AFA cherry weight proxy; assumed 2,800 kg cherry per acre; fertilizer rates from Draft National Coffee Policy",https://www.afa.go.ke/download/5226/?tmstv=1750232445,https://kirinyaga.go.ke/waiguru-launches-fertilizer-mashinani-initiative-opens-satellite-farm-inputs-depots/,https://kilimo.go.ke/wp-content/uploads/2025/09/Draft-National-Coffee-Policy-2024.pdf,https://osmnx.readthedocs.io/en/stable/user-reference.html,"Estimated for hackathon modelling; validate coordinates, stock and demand with field/OSMnx data before operational use"
R0830,2026,Kirinyaga,Coffee,D10,Mwea NCPB Depot,ncpb_depot,-0.7,37.35,CAN,8000,F25,Thimu Coffee Factory,Baragwi FCS,-0.417322,37.388324,49227,17.6,6,105,337,200,1,31.72,42.82,73.4,7708.0,8,10,0.055,Low,D02,Kianyaga DCC Office Satellite Depot,estimated: haversine distance * 1.35 road factor; replace with OSMnx shortest_path,"estimated from AFA cherry weight proxy; assumed 2,800 kg cherry per acre; fertilizer rates from Draft National Coffee Policy",https://www.afa.go.ke/download/5226/?tmstv=1750232445,https://kirinyaga.go.ke/waiguru-launches-fertilizer-mashinani-initiative-opens-satellite-farm-inputs-depots/,https://kilimo.go.ke/wp-content/uploads/2025/09/Draft-National-Coffee-Policy-2024.pdf,https://osmnx.readthedocs.io/en/stable/user-reference.html,"Estimated for hackathon modelling; validate coordinates, stock and demand with field/OSMnx data before operational use"
R0831,2026,Kirinyaga,Coffee,D10,Mwea NCPB Depot,ncpb_depot,-0.7,37.35,Lime,7300,F25,Thimu Coffee Factory,Baragwi FCS,-0.417322,37.388324,49227,17.6,5,88,337,200,1,31.72,42.82,73.4,7708.0,8,10,0.05,Low,D02,Kianyaga DCC Office Satellite Depot,estimated: haversine distance * 1.35 road factor; replace with OSMnx shortest_path,"estimated from AFA cherry weight proxy; assumed 2,800 kg cherry per acre; fertilizer rates from Draft National Coffee Policy",https://www.afa.go.ke/download/5226/?tmstv=1750232445,https://kirinyaga.go.ke/waiguru-launches-fertilizer-mashinani-initiative-opens-satellite-farm-inputs-depots/,https://kilimo.go.ke/wp-content/uploads/2025/09/Draft-National-Coffee-Policy-2024.pdf,https://osmnx.readthedocs.io/en/stable/user-reference.html,"Estimated for hackathon modelling; validate coordinates, stock and demand with field/OSMnx data before operational use"
R0832,2026,Kirinyaga,Coffee,D10,Mwea NCPB Depot,ncpb_depot,-0.7,37.35,NPK,8600,F26,Gathambi Coffee Factory,Mwirua FCS,-0.407649,37.374548,66705,23.8,5,119,457,200,1,32.62,44.04,75.5,7927.0,8,10,0.06,Low,D02,Kianyaga DCC Office Satellite Depot,estimated: haversine distance * 1.35 road factor; replace with OSMnx shortest_path,"estimated from AFA cherry weight proxy; assumed 2,800 kg cherry per acre; fertilizer rates from Draft National Coffee Policy",https://www.afa.go.ke/download/5226/?tmstv=1750232445,https://kirinyaga.go.ke/waiguru-launches-fertilizer-mashinani-initiative-opens-satellite-farm-inputs-depots/,https://kilimo.go.ke/wp-content/uploads/2025/09/Draft-National-Coffee-Policy-2024.pdf,https://osmnx.readthedocs.io/en/stable/user-reference.html,"Estimated for hackathon modelling; validate coordinates, stock and demand with field/OSMnx data before operational use"
R0833,2026,Kirinyaga,Coffee,D10,Mwea NCPB Depot,ncpb_depot,-0.7,37.35,CAN,8000,F26,Gathambi Coffee Factory,Mwirua FCS,-0.407649,37.374548,66705,23.8,6,143,457,200,1,32.62,44.04,75.5,7927.0,8,10,0.066,Low,D02,Kianyaga DCC Office Satellite Depot,estimated: haversine distance * 1.35 road factor; replace with OSMnx shortest_path,"estimated from AFA cherry weight proxy; assumed 2,800 kg cherry per acre; fertilizer rates from Draft National Coffee Policy",https://www.afa.go.ke/download/5226/?tmstv=1750232445,https://kirinyaga.go.ke/waiguru-launches-fertilizer-mashinani-initiative-opens-satellite-farm-inputs-depots/,https://kilimo.go.ke/wp-content/uploads/2025/09/Draft-National-Coffee-Policy-2024.pdf,https://osmnx.readthedocs.io/en/stable/user-reference.html,"Estimated for hackathon modelling; validate coordinates, stock and demand with field/OSMnx data before operational use"
R0834,2026,Kirinyaga,Coffee,D10,Mwea NCPB Depot,ncpb_depot,-0.7,37.35,Lime,7300,F26,Gathambi Coffee Factory,Mwirua FCS,-0.407649,37.374548,66705,23.8,5,119,457,200,1,32.62,44.04,75.5,7927.0,8,10,0.06,Low,D02,Kianyaga DCC Office Satellite Depot,estimated: haversine distance * 1.35 road factor; replace with OSMnx shortest_path,"estimated from AFA cherry weight proxy; assumed 2,800 kg cherry per acre; fertilizer rates from Draft National Coffee Policy",https://www.afa.go.ke/download/5226/?tmstv=1750232445,https://kirinyaga.go.ke/waiguru-launches-fertilizer-mashinani-initiative-opens-satellite-farm-inputs-depots/,https://kilimo.go.ke/wp-content/uploads/2025/09/Draft-National-Coffee-Policy-2024.pdf,https://osmnx.readthedocs.io/en/stable/user-reference.html,"Estimated for hackathon modelling; validate coordinates, stock and demand with field/OSMnx data before operational use"
R0835,2026,Kirinyaga,Coffee,D10,Mwea NCPB Depot,ncpb_depot,-0.7,37.35,NPK,8600,F27,Kagongo Coffee Factory,Baragwi FCS,-0.437165,37.363183,269086,96.1,5,481,1847,200,3,29.26,39.5,67.7,7111.0,8,10,0.132,Low,D02,Kianyaga DCC Office Satellite Depot,estimated: haversine distance * 1.35 road factor; replace with OSMnx shortest_path,"estimated from AFA cherry weight proxy; assumed 2,800 kg cherry per acre; fertilizer rates from Draft National Coffee Policy",https://www.afa.go.ke/download/5226/?tmstv=1750232445,https://kirinyaga.go.ke/waiguru-launches-fertilizer-mashinani-initiative-opens-satellite-farm-inputs-depots/,https://kilimo.go.ke/wp-content/uploads/2025/09/Draft-National-Coffee-Policy-2024.pdf,https://osmnx.readthedocs.io/en/stable/user-reference.html,"Estimated for hackathon modelling; validate coordinates, stock and demand with field/OSMnx data before operational use"
R0836,2026,Kirinyaga,Coffee,D10,Mwea NCPB Depot,ncpb_depot,-0.7,37.35,CAN,8000,F27,Kagongo Coffee Factory,Baragwi FCS,-0.437165,37.363183,269086,96.1,6,577,1847,200,3,29.26,39.5,67.7,7111.0,8,10,0.158,Low,D02,Kianyaga DCC Office Satellite Depot,estimated: haversine distance * 1.35 road factor; replace with OSMnx shortest_path,"estimated from AFA cherry weight proxy; assumed 2,800 kg cherry per acre; fertilizer rates from Draft National Coffee Policy",https://www.afa.go.ke/download/5226/?tmstv=1750232445,https://kirinyaga.go.ke/waiguru-launches-fertilizer-mashinani-initiative-opens-satellite-farm-inputs-depots/,https://kilimo.go.ke/wp-content/uploads/2025/09/Draft-National-Coffee-Policy-2024.pdf,https://osmnx.readthedocs.io/en/stable/user-reference.html,"Estimated for hackathon modelling; validate coordinates, stock and demand with field/OSMnx data before operational use"
R0837,2026,Kirinyaga,Coffee,D10,Mwea NCPB Depot,ncpb_depot,-0.7,37.35,Lime,7300,F27,Kagongo Coffee Factory,Baragwi FCS,-0.437165,37.363183,269086,96.1,5,481,1847,200,3,29.26,39.5,67.7,7111.0,8,10,0.132,Low,D02,Kianyaga DCC Office Satellite Depot,estimated: haversine distance * 1.35 road factor; replace with OSMnx shortest_path,"estimated from AFA cherry weight proxy; assumed 2,800 kg cherry per acre; fertilizer rates from Draft National Coffee Policy",https://www.afa.go.ke/download/5226/?tmstv=1750232445,https://kirinyaga.go.ke/waiguru-launches-fertilizer-mashinani-initiative-opens-satellite-farm-inputs-depots/,https://kilimo.go.ke/wp-content/uploads/2025/09/Draft-National-Coffee-Policy-2024.pdf,https://osmnx.readthedocs.io/en/stable/user-reference.html,"Estimated for hackathon modelling; validate coordinates, stock and demand with field/OSMnx data before operational use"
R0838,2026,Kirinyaga,Coffee,D10,Mwea NCPB Depot,ncpb_depot,-0.7,37.35,NPK,8600,F28,Thaita Coffee Factory,Inoi FCS,-0.50426,37.276546,981403,350.5,5,1753,6731,200,9,23.25,31.38,53.8,5649.0,8,10,0.478,High,D03,Kerugoya CC Office Satellite Depot,estimated: haversine distance * 1.35 road factor; replace with OSMnx shortest_path,"estimated from AFA cherry weight proxy; assumed 2,800 kg cherry per acre; fertilizer rates from Draft National Coffee Policy",https://www.afa.go.ke/download/5226/?tmstv=1750232445,https://kirinyaga.go.ke/waiguru-launches-fertilizer-mashinani-initiative-opens-satellite-farm-inputs-depots/,https://kilimo.go.ke/wp-content/uploads/2025/09/Draft-National-Coffee-Policy-2024.pdf,https://osmnx.readthedocs.io/en/stable/user-reference.html,"Estimated for hackathon modelling; validate coordinates, stock and demand with field/OSMnx data before operational use"
R0839,2026,Kirinyaga,Coffee,D10,Mwea NCPB Depot,ncpb_depot,-0.7,37.35,CAN,8000,F28,Thaita Coffee Factory,Inoi FCS,-0.50426,37.276546,981403,350.5,6,2103,6731,200,11,23.25,31.38,53.8,5649.0,8,10,0.572,High,D03,Kerugoya CC Office Satellite Depot,estimated: haversine distance * 1.35 road factor; replace with OSMnx shortest_path,"estimated from AFA cherry weight proxy; assumed 2,800 kg cherry per acre; fertilizer rates from Draft National Coffee Policy",https://www.afa.go.ke/download/5226/?tmstv=1750232445,https://kirinyaga.go.ke/waiguru-launches-fertilizer-mashinani-initiative-opens-satellite-farm-inputs-depots/,https://kilimo.go.ke/wp-content/uploads/2025/09/Draft-National-Coffee-Policy-2024.pdf,https://osmnx.readthedocs.io/en/stable/user-reference.html,"Estimated for hackathon modelling; validate coordinates, stock and demand with field/OSMnx data before operational use"
R0840,2026,Kirinyaga,Coffee,D10,Mwea NCPB Depot,ncpb_depot,-0.7,37.35,Lime,7300,F28,Thaita Coffee Factory,Inoi FCS,-0.50426,37.276546,981403,350.5,5,1753,6731,200,9,23.25,31.38,53.8,5649.0,8,10,0.478,High,D03,Kerugoya CC Office Satellite Depot,estimated: haversine distance * 1.35 road factor; replace with OSMnx shortest_path,"estimated from AFA cherry weight proxy; assumed 2,800 kg cherry per acre; fertilizer rates from Draft National Coffee Policy",https://www.afa.go.ke/download/5226/?tmstv=1750232445,https://kirinyaga.go.ke/waiguru-launches-fertilizer-mashinani-initiative-opens-satellite-farm-inputs-depots/,https://kilimo.go.ke/wp-content/uploads/2025/09/Draft-National-Coffee-Policy-2024.pdf,https://osmnx.readthedocs.io/en/stable/user-reference.html,"Estimated for hackathon modelling; validate coordinates, stock and demand with field/OSMnx data before operational use"
